theta0_degrees,theta_reference_degrees,theta_segment_degrees,delta_reference_degrees,delta_reference_abs_degrees,delta_segment_degrees,delta_segment_abs_degrees,segment_reference_error_degrees,segment_reference_error_abs_degrees,angle_decomposition_residual,tau0,tau1,family_plain,forward_arc_iota_degrees,backward_arc_iota_degrees,s_ref_min,s_ref_max,q_ref_min,q_ref_max,q_ref_abs_max,lateral_path_width,longitudinal_path_width,required_strip_width
0.0,81.5793815929504,90.00000000000001,-81.5793815929504,81.5793815929504,-90.00000000000001,90.00000000000001,8.420618407049613,8.420618407049613,0.0,1,1,C,90.00000000000001,0.0,-1.3130899285718e-17,0.8315237352592124,-0.6249667996439552,8.870138879430657e-17,0.6249667996439552,0.6249667996439553,0.8315237352592124,1.0549667996439553
0.5,81.5793815929504,89.91422048564053,-81.0793815929504,81.0793815929504,-89.41422048564053,89.41422048564053,8.334838892690124,8.334838892690124,0.0,1,1,C,89.41422048564053,0.0,-6.084047284723064e-17,0.8294759827797369,-0.6186518513556871,4.1098742127444233e-16,0.6186518513556871,0.6186518513556876,0.829475982779737,1.0486518513556875
1.0,81.5793815929504,89.82845125003901,-80.5793815929504,80.5793815929504,-88.82845125003901,88.82845125003901,8.249069657088606,8.249069657088606,0.0,1,1,C,88.82845125003901,0.0,-3.7088555472633294e-17,0.8273730373667662,-0.6123453131281109,2.5053930482700867e-16,0.6123453131281109,0.6123453131281111,0.8273730373667662,1.042345313128111
1.5,81.5793815929504,89.74270256928301,-80.0793815929504,80.0793815929504,-88.24270256928303,88.24270256928303,8.163320976332619,8.163320976332619,0.0,1,1,C,88.24270256928303,0.0,1.0669310478428757e-17,0.8252151090760976,-0.6060476652420329,-7.207295070366002e-17,0.6060476652420329,0.6060476652420328,0.8252151090760976,1.0360476652420327
2.0,81.5793815929504,89.65698471412094,-79.5793815929504,79.5793815929504,-87.65698471412094,87.65698471412094,8.07760312117054,8.07760312117054,0.0,1,1,C,87.65698471412094,0.0,-6.045942604442962e-17,0.8230024121948015,-0.5997593875540976,4.084133873207402e-16,0.5997593875540976,0.5997593875540981,0.8230024121948016,1.029759387554098
2.5,81.5793815929504,89.57130794729648,-79.0793815929504,79.0793815929504,-87.07130794729648,87.07130794729648,7.991926354346075,7.991926354346075,0.0,1,1,C,87.07130794729648,0.0,-1.4225747304571673e-17,0.8207351651981956,-0.59348095945964,9.609726760488004e-17,0.59348095945964,0.5934809594596401,0.8207351651981956,1.0234809594596401
3.0,81.5793815929504,89.4856825208882,-78.5793815929504,78.5793815929504,-86.48568252088819,86.48568252088819,7.906300927937799,7.906300927937799,0.0,1,1,C,86.48568252088819,0.0,1.1177372882163458e-17,0.8184135907064946,-0.5872128598552904,-7.550499597526289e-17,0.5872128598552904,0.5872128598552903,0.8184135907064946,1.0172128598552903
3.5,81.5793815929504,89.4001186736555,-78.0793815929504,78.0793815929504,-85.9001186736555,85.9001186736555,7.820737080705097,7.820737080705097,0.0,1,1,C,85.9001186736555,0.0,-3.6580493068898596e-17,0.8160379154411607,-0.5809555671013423,2.471072595554058e-16,0.5809555671013423,0.5809555671013426,0.8160379154411607,1.0109555671013426
4.0,81.5793815929504,89.3146266283927,-77.5793815929504,77.5793815929504,-85.31462662839269,85.31462662839269,7.735245035442299,7.735245035442299,0.0,1,1,C,85.31462662839269,0.0,-1.2193497689632864e-17,0.8136083701809783,-0.574709558983884,8.236908651846861e-17,0.574709558983884,0.5747095589838841,0.8136083701809783,1.0047095589838841
4.5,81.5793815929504,89.22921658929324,-77.0793815929504,77.0793815929504,-84.72921658929324,84.72921658929324,7.649834996342849,7.649834996342849,0.0,1,1,C,84.72921658929324,0.0,-1.6977681233198638e-16,0.8111251897178848,-0.568475312676699,3.8872334512962683e-16,0.568475312676699,0.5684753126766995,0.811125189717885,0.9984753126766994
5.0,81.5793815929504,89.143898739325,-76.5793815929504,76.5793815929504,-84.143898739325,84.143898739325,7.5645171463745955,7.5645171463745955,0.0,1,1,C,84.143898739325,0.0,-1.2193497689632864e-17,0.8085886128125771,-0.5622533047029415,8.236908651846861e-17,0.5622533047029415,0.5622533047029417,0.8085886128125771,0.9922533047029416
5.5,81.5793815929504,89.05868323761855,-76.0793815929504,76.0793815929504,-83.55868323761855,83.55868323761855,7.4793016446681575,7.4793016446681575,0.0,1,1,C,83.55868323761855,0.0,-8.535448382743005e-17,0.8059988821499143,-0.5560440108965922,5.765836056292802e-16,0.5560440108965922,0.5560440108965927,0.8059988821499144,0.9860440108965927
6.0,81.5793815929504,88.97358021687043,-75.5793815929504,75.5793815929504,-82.97358021687043,82.97358021687043,7.394198623920031,7.394198623920031,0.0,1,1,C,82.97358021687043,0.0,-3.86127426838374e-17,0.8033562442941626,-0.549847906363699,2.608354406418173e-16,0.549847906363699,0.5498479063636992,0.8033562442941626,0.9798479063636991
6.5,81.5793815929504,88.88859978076204,-75.0793815929504,75.0793815929504,-82.38859978076204,82.38859978076204,7.309218187811642,7.309218187811642,0.0,1,1,C,82.38859978076204,0.0,-1.2405119599586316e-16,0.8006609496440787,-0.5436654654434084,7.983927068536956e-17,0.5436654654434084,0.5436654654434085,0.8006609496440789,0.9736654654434085
7.0,81.5793815929504,88.80375200139656,-74.5793815929504,74.5793815929504,-81.80375200139656,81.80375200139656,7.224370408446156,7.224370408446156,0.0,1,1,C,81.80375200139656,0.0,-5.893523883322551e-17,0.7979132523878735,-0.5374971616687988,3.9811725150593157e-16,0.5374971616687988,0.5374971616687992,0.7979132523878736,0.9674971616687993
7.5,81.5793815929504,88.7190469167549,-74.0793815929504,74.0793815929504,-81.2190469167549,81.2190469167549,7.139665323804511,7.139665323804511,0.0,1,1,C,81.2190469167549,0.0,-1.4640594176019006e-16,0.7951134104580855,-0.5313434677275138,2.308492626358953e-16,0.5313434677275138,0.5313434677275141,0.7951134104580856,0.9613434677275141
8.0,81.5793815929504,88.63449452817244,-73.5793815929504,73.5793815929504,-80.63449452817244,80.63449452817244,7.055112935222045,7.055112935222045,0.0,1,1,C,80.63449452817244,0.0,1.2193497689632864e-17,0.7922616854863701,-0.5252048554222118,-8.236908651846861e-17,0.5252048554222118,0.5252048554222117,0.7922616854863701,0.9552048554222117
8.5,81.5793815929504,88.55010479783785,-73.0793815929504,73.0793815929504,-80.05010479783785,80.05010479783785,6.970723204887448,6.970723204887448,0.0,1,1,C,80.05010479783785,0.0,-1.68760687524517e-16,0.7893583427582423,-0.5190817956308323,3.8185925458642112e-16,0.5190817956308323,0.5190817956308327,0.7893583427582426,0.9490817956308326
9.0,81.5793815929504,88.4658876463157,-72.5793815929504,72.5793815929504,-79.4658876463157,79.4658876463157,6.886506053365298,6.886506053365298,0.0,1,1,C,79.4658876463157,0.0,-1.4225747304571673e-17,0.7864036511678005,-0.5129747582666909,9.609726760488004e-17,0.5129747582666909,0.512974758266691,0.7864036511678005,0.942974758266691
9.5,81.5793815929504,88.38185295009394,-72.0793815929504,72.0793815929504,-78.88185295009394,78.88185295009394,6.80247135714354,6.80247135714354,2.220446049250313e-16,1,1,C,78.88185295009394,0.0,-5.893523883322551e-17,0.783397883172431,-0.5068842122384086,3.9811725150593157e-16,0.5068842122384086,0.5068842122384091,0.7833978831724311,0.9368842122384091
10.0,81.5793815929504,88.29801053915791,-71.5793815929504,71.5793815929504,-78.29801053915791,78.29801053915791,6.718628946207522,6.718628946207522,-1.3877787807814457e-17,1,1,C,78.29801053915791,0.0,-1.4640594176019006e-16,0.7803413147475478,-0.500811318215298,2.308492626358953e-16,0.500811318215298,0.5008113182152982,0.7803413147475479,0.9308113182152982
10.5,81.5793815929504,88.2143701945923,-71.0793815929504,71.0793815929504,-77.7143701945923,77.7143701945923,6.6349886016419015,6.6349886016419015,0.0,1,1,C,77.7143701945923,0.0,-1.9111543328884392e-16,0.7772342253413684,-0.49476102270378536,5.328692465369469e-16,0.49476102270378536,0.4947610227037859,0.7772342253413687,0.9247610227037859
11.0,81.5793815929504,88.13094164621191,-70.5793815929504,70.5793815929504,-77.13094164621191,77.13094164621191,6.551560053261515,6.551560053261515,1.3877787807814457e-17,1,1,C,77.13094164621191,0.0,-1.6672843790957817e-16,0.7740768978297505,-0.48872849703642257,3.6813107350000967e-16,0.48872849703642257,0.48872849703642296,0.7740768978297508,0.9187284970364229
11.5,81.5793815929504,88.04773457022344,-70.0793815929504,70.0793815929504,-76.54773457022344,76.54773457022344,6.468352977273035,6.468352977273035,-1.3877787807814457e-17,1,1,C,76.54773457022344,0.0,-1.2608344561080197e-16,0.7708696184711258,-0.48271420498545536,9.356745177178099e-17,0.48271420498545536,0.4827142049854555,0.7708696184711259,0.9127142049854555
12.0,81.5793815929504,87.96475858691826,-69.5793815929504,69.5793815929504,-75.96475858691825,75.96475858691825,6.385376993967861,6.385376993967861,0.0,1,1,C,75.96475858691825,0.0,-1.9111543328884392e-16,0.7676126768615237,-0.47671860917356024,5.328692465369469e-16,0.47671860917356024,0.4767186091735608,0.7676126768615239,0.9067186091735608
12.5,81.5793815929504,87.88202325839892,-69.0793815929504,69.0793815929504,-75.38202325839892,75.38202325839892,6.302641665448513,6.302641665448513,0.0,1,1,C,75.38202325839892,0.0,-1.4640594176019006e-16,0.7643063658897442,-0.47074217103287624,2.308492626358953e-16,0.47074217103287624,0.47074217103287647,0.7643063658897443,0.9007421710328765
13.0,81.5793815929504,87.79953808633925,-68.5793815929504,68.5793815929504,-74.79953808633924,74.79953808633924,6.220156493388851,6.220156493388851,0.0,1,1,C,74.79953808633924,0.0,-1.2193497689632864e-17,0.760950981692662,-0.4647853507639064,8.236908651846861e-17,0.4647853507639064,0.4647853507639065,0.760950981692662,0.8947853507639065
13.5,81.5793815929504,87.71731250978009,-68.0793815929504,68.0793815929504,-74.21731250978009,74.21731250978009,6.13793091682969,6.13793091682969,0.0,1,1,C,74.21731250978009,0.0,-1.6672843790957817e-16,0.7575468236107047,-0.45884860729430554,3.6813107350000967e-16,0.45884860729430554,0.45884860729430593,0.7575468236107049,0.8888486072943059
14.0,81.5793815929504,87.63535590296122,-67.5793815929504,67.5793815929504,-73.63535590296124,73.63535590296124,6.055974310010829,6.055974310010829,2.220446049250313e-16,1,1,C,73.63535590296124,0.0,-1.2201894638092434e-16,0.7540941941435215,-0.45293239823755777,6.611108959895812e-17,0.45293239823755777,0.4529323982375578,0.7540941941435216,0.8829323982375579
14.5,81.5793815929504,87.55367757319132,-67.0793815929504,67.0793815929504,-73.05367757319132,73.05367757319132,5.974295980240918,5.974295980240918,0.0,1,1,C,73.05367757319132,0.0,4.0644992298776214e-18,0.7505933989058524,-0.44703717985155994,-2.745636217282287e-17,0.44703717985155994,0.44703717985155994,0.7505933989058524,0.8770371798515599
15.0,81.5793815929504,87.47228675875581,-66.5793815929504,66.5793815929504,-72.47228675875583,72.47228675875583,5.892905165805421,5.892905165805421,0.0,1,1,C,72.47228675875583,0.0,-1.4640594176019006e-16,0.7470447465836223,-0.4411634069971205,2.308492626358953e-16,0.4411634069971205,0.4411634069971207,0.7470447465836224,0.8711634069971207
15.5,81.5793815929504,87.39119262686494,-66.0793815929504,66.0793815929504,-71.89119262686494,71.89119262686494,5.811811033914539,5.811811033914539,1.3877787807814457e-17,1,1,C,71.89119262686494,0.0,-1.2201894638092434e-16,0.7434485488902788,-0.43531153309638093,6.611108959895812e-17,0.43531153309638093,0.435311533096381,0.7434485488902789,0.865311533096381
16.0,81.5793815929504,87.31040427164196,-65.5793815929504,65.5793815929504,-71.31040427164196,71.31040427164196,5.731022678691561,5.731022678691561,0.0,1,1,C,71.31040427164196,0.0,-1.707929371394558e-16,0.739805120523384,-0.42948201009117837,3.9558743567283253e-16,0.42948201009117837,0.42948201009117876,0.7398051205233842,0.8594820100911787
16.5,81.5793815929504,87.22993071215309,-65.0793815929504,65.0793815929504,-70.72993071215308,70.72993071215308,5.650549119202686,5.650549119202686,0.0,1,1,C,70.72993071215308,0.0,-1.4640594176019006e-16,0.7361147791214828,-0.42367528840135243,2.308492626358953e-16,0.42367528840135243,0.42367528840135266,0.7361147791214829,0.8536752884013526
17.0,81.5793815929504,87.14978089047955,-64.5793815929504,64.5793815929504,-70.14978089047955,70.14978089047955,5.5703992975291445,5.5703992975291445,0.0,1,1,C,70.14978089047955,0.0,-3.009408819801354e-16,0.7323778452212595,-0.4178918168830153,5.166112496174364e-16,0.4178918168830153,0.4178918168830158,0.7323778452212598,0.8478918168830158
17.5,81.5793815929504,87.06996366983304,-64.07938159295041,64.07938159295041,-69.56996366983304,69.56996366983304,5.490582076882646,5.490582076882646,-2.220446049250313e-16,1,1,C,69.56996366983304,0.0,-1.6266393867970056e-16,0.7285946422149995,-0.41213204278679033,3.406747113271868e-16,0.41213204278679033,0.41213204278679066,0.7285946422149996,0.8421320427867907
18.0,81.5793815929504,86.99048783271513,-63.5793815929504,63.5793815929504,-68.99048783271513,68.99048783271513,5.411106239764732,5.411106239764732,0.0,1,1,C,68.99048783271513,0.0,-1.2193497689632864e-17,0.7247654963083687,-0.40639641171603536,8.236908651846861e-17,0.40639641171603536,0.4063964117160354,0.7247654963083687,0.8363964117160354
18.5,81.5793815929504,86.9113620791211,-63.07938159295039,63.07938159295039,-68.41136207912112,68.41136207912112,5.331980486170712,5.331980486170712,2.220446049250313e-16,1,1,C,68.41136207912112,0.0,-1.6672843790957817e-16,0.7208907364785239,-0.40068536758506035,3.6813107350000967e-16,0.40068536758506035,0.40068536758506074,0.7208907364785241,0.8306853675850607
19.0,81.5793815929504,86.83259502478973,-62.5793815929504,62.5793815929504,-67.83259502478973,67.83259502478973,5.2532134318393275,5.2532134318393275,0.0,1,1,C,67.83259502478973,0.0,-3.6580493068898596e-17,0.7169706944325731,-0.3949993525773511,2.471072595554058e-16,0.3949993525773511,0.3949993525773513,0.7169706944325731,0.8249993525773514
19.5,81.5793815929504,86.75419519949854,-62.079381592950405,62.079381592950405,-67.25419519949855,67.25419519949855,5.174813606548146,5.174813606548146,0.0,1,1,C,67.25419519949855,0.0,1.2193497689632864e-17,0.7130057045663845,-0.3893388071038133,-8.236908651846861e-17,0.3893388071038133,0.38933880710381324,0.7130057045663845,0.8193388071038132
20.0,81.5793815929504,86.67617104540636,-61.5793815929504,61.5793815929504,-66.67617104540636,66.67617104540636,5.096789452455966,5.096789452455966,-1.3877787807814457e-17,1,1,C,66.67617104540636,0.0,-1.6672843790957817e-16,0.7089961039237699,-0.3837041697610438,3.6813107350000967e-16,0.3837041697610438,0.3837041697610442,0.7089961039237701,0.8137041697610442
20.5,81.5793815929504,86.5985309154426,-61.079381592950405,61.079381592950405,-66.0985309154426,66.0985309154426,5.019149322492189,5.019149322492189,0.0,1,1,C,66.0985309154426,0.0,-8.128998459755243e-18,0.704942232156047,-0.3780958772896481,5.491272434564574e-17,0.3780958772896481,0.37809587728964816,0.704942232156047,0.8080958772896482
21.0,81.5793815929504,86.52128307174465,-60.5793815929504,60.5793815929504,-65.52128307174465,65.52128307174465,4.941901478794248,4.941901478794248,-1.3877787807814457e-17,1,1,C,65.52128307174465,0.0,1.6257996919510486e-17,0.7008444314819903,-0.3725175872452217,-1.0982544869129148e-16,0.3725175872452217,0.3725175872452216,0.7008444314819903,0.8025175872452216
21.5,81.5793815929504,86.44443568414347,-60.0793815929504,60.0793815929504,-64.94443568414347,64.94443568414347,4.865054091193067,4.865054091193067,0.0,1,1,C,64.94443568414347,0.0,-1.4234144253031245e-16,0.6967030466481753,-0.3669681085783025,2.0339290046307245e-16,0.3669681085783025,0.3669681085783027,0.6967030466481754,0.7969681085783027
22.0,81.5793815929504,86.36799682869763,-59.579381592950405,59.579381592950405,-64.36799682869763,64.36799682869763,4.78861523574723,4.78861523574723,-2.0816681711721685e-16,1,1,C,64.36799682869763,0.0,-1.6257996919510486e-17,0.6925184248897422,-0.3614461326225296,1.0982544869129148e-16,0.3614461326225296,0.3614461326225297,0.6925184248897422,0.7914461326225297
22.5,81.5793815929504,86.29197448627677,-59.0793815929504,59.0793815929504,-63.79197448627677,63.79197448627677,4.71259289332637,4.71259289332637,0.0,1,1,C,63.79197448627677,0.0,2.438699537926573e-17,0.6882909158915613,-0.3559520887811657,-1.6473817303693721e-16,0.3559520887811657,0.3559520887811655,0.6882909158915613,0.7859520887811655
23.0,81.5793815929504,86.21637654119412,-58.57938159295039,58.57938159295039,-63.21637654119414,63.21637654119414,4.636994948243729,4.636994948243729,2.220446049250313e-16,1,1,C,63.21637654119412,0.0,-1.1795444715104672e-16,0.6840208717498297,-0.3504864044454331,3.865472742613525e-17,0.3504864044454331,0.35048640444543316,0.6840208717498298,0.7804864044454332
23.5,81.5793815929504,86.141210779889,-58.0793815929504,58.0793815929504,-62.641210779888986,62.641210779888986,4.561829186938592,4.561829186938592,0.0,1,1,C,62.641210779888986,0.0,-4.026373322116716e-16,0.6797086469340947,-0.3450495049527508,4.454405283522802e-16,0.3450495049527508,0.3450495049527512,0.6797086469340952,0.7750495049527513
24.0,81.5793815929504,86.06648488965897,-57.579381592950405,57.579381592950405,-62.06648488965895,62.06648488965895,4.48710329670856,4.48710329670856,-2.220446049250313e-16,1,1,C,62.066484889658966,0.0,-1.6672843790957817e-16,0.6753545982497142,-0.3396418135450802,3.6813107350000967e-16,0.3396418135450802,0.3396418135450806,0.6753545982497144,0.7696418135450807
24.5,81.5793815929504,85.99220645744249,-57.0793815929504,57.0793815929504,-61.492206457442485,61.492206457442485,4.412824864492091,4.412824864492091,1.3877787807814457e-17,1,1,C,61.492206457442485,0.0,-1.6257996919510486e-17,0.6709590848007518,-0.33426375132739344,1.0982544869129148e-16,0.33426375132739344,0.33426375132739355,0.6709590848007518,0.7642637513273935
25.0,81.5793815929504,85.9183829686515,-56.579381592950405,56.579381592950405,-60.91838296865151,60.91838296865151,4.339001375701105,4.339001375701105,0.0,1,1,C,60.91838296865151,0.0,-2.684248881411144e-16,0.6665224679533215,-0.3289157372262741,2.9696035223485343e-16,0.3289157372262741,0.3289157372262744,0.6665224679533217,0.7589157372262744
25.5,81.5793815929504,85.84502180605463,-56.0793815929504,56.0793815929504,-60.34502180605463,60.34502180605463,4.265640213104238,4.265640213104238,0.0,1,1,C,60.34502180605463,0.0,-8.128998459755243e-18,0.6620451112993836,-0.3235981879486663,5.491272434564574e-17,0.3235981879486663,0.32359818794866635,0.6620451112993836,0.7535981879486664
26.0,81.5793815929504,85.77213024871084,-55.5793815929504,55.5793815929504,-59.77213024871084,59.77213024871084,4.192748655760435,4.192748655760435,1.3877787807814457e-17,1,1,C,59.77213024871084,0.0,-1.2608344561080197e-16,0.6575273806209825,-0.3183115179407801,9.356745177178099e-17,0.3183115179407801,0.3183115179407802,0.6575273806209826,0.7483115179407802
26.5,81.5793815929504,85.69971547095378,-55.0793815929504,55.0793815929504,-59.19971547095376,59.19971547095376,4.120333878003371,4.120333878003371,-1.1102230246251565e-16,1,1,C,59.19971547095376,0.0,-2.684248881411144e-16,0.6529696438549513,-0.31305613934716997,2.9696035223485343e-16,0.31305613934716997,0.31305613934717025,0.6529696438549515,0.7430561393471702
27.0,81.5793815929504,85.62778454142628,-54.5793815929504,54.5793815929504,-58.62778454142628,58.62778454142628,4.048402948475878,4.048402948475878,0.0,1,1,C,58.62778454142628,0.0,-1.1795444715104672e-16,0.6483722710580669,-0.307832461969991,3.865472742613525e-17,0.307832461969991,0.30783246196999103,0.648372271058067,0.737832461969991
27.5,81.5793815929504,85.5563444221656,-54.0793815929504,54.0793815929504,-58.05634442216561,58.05634442216561,3.9769628292152013,3.9769628292152013,1.1102230246251565e-16,1,1,C,58.05634442216561,0.0,-2.7655388660086967e-16,0.6437356343726542,-0.30264089322845356,3.5187307658049917e-16,0.30264089322845356,0.3026408932284539,0.6437356343726545,0.7326408932284538
28.0,81.5793815929504,85.48540196773902,-53.5793815929504,53.5793815929504,-57.48540196773902,57.48540196773902,3.906020374788624,3.906020374788624,0.0,1,1,C,57.48540196773902,0.0,-1.6257996919510486e-17,0.6390601079926689,-0.2974818381184795,1.0982544869129148e-16,0.2974818381184795,0.2974818381184796,0.6390601079926689,0.7274818381184796
28.5,81.5793815929504,85.41496392442946,-53.0793815929504,53.0793815929504,-56.91496392442945,56.91496392442945,3.835582331479052,3.835582331479052,0.0,1,1,C,56.91496392442946,0.0,-1.6257996919510486e-17,0.6343460681302162,-0.2923556991725775,1.0982544869129148e-16,0.2923556991725775,0.2923556991725776,0.6343460681302162,0.7223556991725776
29.0,81.5793815929504,85.34503692947155,-52.5793815929504,52.5793815929504,-56.34503692947155,56.34503692947155,3.765655336521147,3.765655336521147,0.0,1,1,C,56.34503692947155,0.0,-2.7655388660086967e-16,0.6295938929825446,-0.2872628764199456,3.5187307658049917e-16,0.2872628764199456,0.2872628764199459,0.6295938929825449,0.7172628764199459
29.5,81.5793815929504,85.27562751033706,-52.0793815929504,52.0793815929504,-55.77562751033705,55.77562751033705,3.6962459173866593,3.6962459173866593,0.0,1,1,C,55.77562751033705,0.0,-1.6257996919510486e-17,0.6248039626994879,-0.28220376734681096,1.0982544869129148e-16,0.28220376734681096,0.2822037673468111,0.6248039626994879,0.7122037673468111
30.0,81.5793815929504,85.20674208407038,-51.579381592950405,51.579381592950405,-55.20674208407038,55.20674208407038,3.6273604911199793,3.6273604911199793,-1.1102230246251565e-16,1,1,C,55.20674208407038,0.0,-2.684248881411144e-16,0.6199766593513575,-0.2771787668570213,2.9696035223485343e-16,0.2771787668570213,0.2771787668570216,0.6199766593513577,0.7071787668570215
30.5,81.5793815929504,85.13838695667313,-51.0793815929504,51.0793815929504,-54.63838695667313,54.63838695667313,3.5590053637227292,3.5590053637227292,0.0,1,1,C,54.63838695667313,0.0,-1.6257996919510486e-17,0.6151123668973034,-0.27219175865206097,1.0982544869129148e-16,0.27219175865206097,0.2721917586520611,0.6151123668973034,0.7021917586520611
31.0,81.5793815929504,85.07056832253771,-50.5793815929504,50.5793815929504,-54.0705683225377,54.0705683225377,3.491186729587305,3.491186729587305,0.0,1,1,C,54.0705683225377,0.0,-8.128998459755243e-18,0.6102114711541041,-0.26723983321180855,5.491272434564574e-17,0.26723983321180855,0.2672398332118086,0.6102114711541041,0.6972398332118086
31.5,81.5793815929504,85.00329226392977,-50.0793815929504,50.0793815929504,-53.503292263929765,53.503292263929765,3.4239106709793634,3.4239106709793634,0.0,1,1,C,53.503292263929765,0.0,-2.684248881411144e-16,0.6052743597654202,-0.26232304605258816,2.9696035223485343e-16,0.26232304605258816,0.26232304605258844,0.6052743597654204,0.6923230460525884
32.0,81.5793815929504,84.93656475051856,-49.5793815929504,49.5793815929504,-52.93656475051855,52.93656475051855,3.3571831575681528,3.3571831575681528,0.0,1,1,C,52.93656475051854,0.0,-1.2608344561080197e-16,0.6003014221714809,-0.25744178274935603,9.356745177178099e-17,0.25744178274935603,0.25744178274935614,0.600301422171481,0.6874417827493562
32.5,81.5793815929504,84.87039163895552,-49.0793815929504,49.0793815929504,-52.37039163895553,52.37039163895553,3.291010046005131,3.291010046005131,0.0,1,1,C,52.37039163895553,0.0,-1.1795444715104672e-16,0.5952930495792099,-0.2525964261406084,3.865472742613525e-17,0.2525964261406084,0.25259642614060845,0.59529304957921,0.6825964261406084
33.0,81.5793815929504,84.80477867250025,-48.579381592950405,48.579381592950405,-51.80477867250025,51.80477867250025,3.2253970795498534,3.2253970795498534,-1.1102230246251565e-16,1,1,C,51.80477867250024,0.0,-2.684248881411144e-16,0.5902496349327899,-0.24778735628987072,2.9696035223485343e-16,0.24778735628987072,0.24778735628987103,0.5902496349327901,0.6777873562898711
33.5,81.5793815929504,84.73973148069283,-48.0793815929504,48.0793815929504,-51.239731480692825,51.239731480692825,3.160349887742428,3.160349887742428,6.938893903907228e-18,1,1,C,51.23973148069283,0.0,-1.2608344561080197e-16,0.5851715728846463,-0.24301495044749835,9.356745177178099e-17,0.24301495044749835,0.24301495044749843,0.5851715728846464,0.6730149504474985
34.0,81.5793815929504,84.67525557907348,-47.5793815929504,47.5793815929504,-50.675255579073486,50.675255579073486,3.095873986123081,3.095873986123081,1.1102230246251565e-16,1,1,C,50.67525557907348,0.0,-2.684248881411144e-16,0.5800592597668579,-0.23827958301280394,2.9696035223485343e-16,0.23827958301280394,0.23827958301280425,0.5800592597668581,0.6682795830128042
34.5,81.5793815929504,84.61135636894737,-47.0793815929504,47.0793815929504,-50.11135636894737,50.11135636894737,3.031974775996969,3.031974775996969,0.0,1,1,C,50.11135636894737,0.0,-1.6257996919510486e-17,0.5749130935629899,-0.23358162549651598,1.0982544869129148e-16,0.23358162549651598,0.2335816254965161,0.5749130935629899,0.6635816254965161
35.0,81.5793815929504,84.54803913719503,-46.5793815929504,46.5793815929504,-49.54803913719503,49.54803913719503,2.9686575442446355,2.9686575442446355,0.0,1,1,C,49.54803913719503,0.0,-1.1795444715104672e-16,0.5697334738803207,-0.22892144648357945,3.865472742613525e-17,0.22892144648357945,0.22892144648357948,0.5697334738803208,0.6589214464835795
35.5,81.5793815929504,84.48530905612769,-46.0793815929504,46.0793815929504,-48.9853090561277,48.9853090561277,2.905927463177294,2.905927463177294,6.938893903907228e-18,1,1,C,48.9853090561277,0.0,-2.684248881411144e-16,0.5645208019224864,-0.22429941159630806,2.9696035223485343e-16,0.22429941159630806,0.22429941159630837,0.5645208019224867,0.6542994115963083
36.0,81.5793815929504,84.42317118338612,-45.5793815929504,45.5793815929504,-48.42317118338611,48.42317118338611,2.843789590435712,2.843789590435712,0.0,1,1,C,48.4231711833861,0.0,-1.1795444715104672e-16,0.559275480462514,-0.21971588345789447,3.865472742613525e-17,0.21971588345789447,0.2197158834578945,0.5592754804625141,0.6497158834578944
36.5,81.5793815929504,84.36163046188369,-45.0793815929504,45.0793815929504,-47.86163046188369,47.86163046188369,2.78224886893329,2.78224886893329,6.938893903907228e-18,1,1,C,47.86163046188369,0.0,-2.684248881411144e-16,0.5539979138162404,-0.21517122165628946,2.9696035223485343e-16,0.21517122165628946,0.21517122165628977,0.5539979138162406,0.6451712216562897
37.0,81.5793815929504,84.3006917197918,-44.5793815929504,44.5793815929504,-47.30069171979179,47.30069171979179,2.7213101268413964,2.7213101268413964,0.0,1,1,C,47.30069171979179,0.0,-8.128998459755243e-18,0.5486885078161157,-0.210665782708456,5.491272434564574e-17,0.210665782708456,0.21066578270845607,0.5486885078161157,0.6406657827084561
37.5,81.5793815929504,84.24035967056749,-44.0793815929504,44.0793815929504,-46.740359670567486,46.740359670567486,2.6609780776170853,2.6609780776170853,0.0,1,1,C,46.740359670567486,0.0,-8.128998459755243e-18,0.5433476697853713,-0.2061999200250059,5.491272434564574e-17,0.2061999200250059,0.20619992002500595,0.5433476697853713,0.6361999200250059
38.0,81.5793815929504,84.1806389130227,-43.5793815929504,43.5793815929504,-46.180638913022705,46.180638913022705,2.601257320072308,2.601257320072308,0.0,1,1,C,46.1806389130227,0.0,-2.6029588968135917e-16,0.5379758085125587,-0.2017739838752292,2.420476278892077e-16,0.2017739838752292,0.20177398387522946,0.5379758085125589,0.6317739838752294
38.5,81.5793815929504,84.12153393143403,-43.0793815929504,43.0793815929504,-45.62153393143402,45.62153393143402,2.5421523384836293,2.5421523384836293,-6.938893903907228e-18,1,1,C,45.62153393143403,0.0,-8.128998459755243e-18,0.532573334226437,-0.19738832135251896,5.491272434564574e-17,0.19738832135251896,0.19738832135251902,0.532573334226437,0.627388321352519
39.0,81.5793815929504,84.0630490956925,-42.5793815929504,42.5793815929504,-45.063049095692506,45.063049095692506,2.4836675027421053,2.4836675027421053,0.0,1,1,C,45.063049095692506,0.0,-3.7825033683240587e-16,0.5271406585712021,-0.1930452900779085,2.80702355315343e-16,0.1930452900779085,0.19304529007790877,0.5271406585712024,0.6230452900779088
39.5,81.5793815929504,84.00518866149278,-42.0793815929504,42.0793815929504,-44.50518866149278,44.50518866149278,2.425807068542378,2.425807068542378,0.0,1,1,C,44.50518866149279,0.0,-8.128998459755243e-18,0.5216781945820591,-0.18874387226530273,5.491272434564574e-17,0.18874387226530273,0.1887438722653028,0.5216781945820591,0.6187438722653028
40.0,81.5793815929504,83.94795677056051,-41.5793815929504,41.5793815929504,-43.94795677056051,43.94795677056051,2.368575177610106,2.368575177610106,0.0,1,1,C,43.94795677056051,0.0,-8.128998459755243e-18,0.5161863566611129,-0.18448362375650015,5.491272434564574e-17,0.18448362375650015,0.1844836237565002,0.5161863566611129,0.6144836237565002
40.5,81.5793815929504,83.89135745091767,-41.0793815929504,41.0793815929504,-43.39135745091767,43.39135745091767,2.311975857967265,2.311975857967265,0.0,1,1,C,43.391357450917674,0.0,-3.7825033683240587e-16,0.5106655605535795,-0.18026488057963208,2.80702355315343e-16,0.18026488057963208,0.18026488057963236,0.5106655605535798,0.6102648805796324
41.0,81.5793815929504,83.8353946171845,-40.5793815929504,40.5793815929504,-42.835394617184505,42.835394617184505,2.2560130242341065,2.2560130242341065,0.0,1,1,C,42.835394617184505,0.0,-1.1795444715104672e-16,0.5051162233243,-0.17608797544558383,3.865472742613525e-17,0.17608797544558383,0.17608797544558386,0.5051162233243001,0.6060879754455839
41.5,81.5793815929504,83.78007207091773,-40.0793815929504,40.0793815929504,-42.280072070917726,42.280072070917726,2.2006904779673286,2.2006904779673286,6.938893903907228e-18,1,1,C,42.280072070917726,0.0,-1.6257996919510486e-17,0.4995387633345512,-0.17195323771509516,1.0982544869129148e-16,0.17195323771509516,0.17195323771509527,0.4995387633345512,0.6019532377150952
42.0,81.5793815929504,83.72539350098396,-39.5793815929504,39.5793815929504,-41.72539350098395,41.72539350098395,2.1460119080335494,2.1460119080335494,0.0,1,1,C,41.72539350098395,0.0,-3.7825033683240587e-16,0.49393360021914307,-0.16786099336630192,2.80702355315343e-16,0.16786099336630192,0.1678609933663022,0.49393360021914345,0.5978609933663022
42.5,81.5793815929504,83.67136248396743,-39.0793815929504,39.0793815929504,-41.17136248396742,41.17136248396742,2.0919808910170277,2.0919808910170277,0.0,1,1,C,41.17136248396742,0.0,-1.6257996919510486e-17,0.4883011548637902,-0.16381156496272573,1.0982544869129148e-16,0.16381156496272573,0.16381156496272584,0.4883011548637902,0.5938115649627258
43.0,81.5793815929504,83.6179824846114,-38.5793815929504,38.5793815929504,-40.617982484611396,40.617982484611396,2.0386008916609977,2.0386008916609977,0.0,1,1,C,40.6179824846114,0.0,-3.7012133837265065e-16,0.4826418493827445,-0.1598052716217195,2.2578963096969724e-16,0.1598052716217195,0.15980527162171973,0.4826418493827449,0.5898052716217197
43.5,81.5793815929504,83.56525685629238,-38.0793815929504,38.0793815929504,-40.06525685629238,40.06525685629238,1.9858752633419796,1.9858752633419796,-6.938893903907228e-18,1,1,C,40.06525685629238,0.0,-1.6257996919510486e-17,0.4769561070966892,-0.1558424289833696,1.0982544869129148e-16,0.1558424289833696,0.15584242898336972,0.4769561070966892,0.5858424289833697
44.0,81.5793815929504,83.51318884152597,-37.5793815929504,37.5793815929504,-39.513188841525974,39.513188841525974,1.9338072485755737,1.9338072485755737,0.0,1,1,C,39.513188841525974,0.0,-1.2608344561080197e-16,0.4712443525108685,-0.15192334917986244,9.356745177178099e-17,0.15192334917986244,0.15192334917986253,0.4712443525108686,0.5819233491798625
44.5,81.5793815929504,83.46178157250411,-37.0793815929504,37.0793815929504,-38.96178157250411,38.96178157250411,1.8823999795537116,1.8823999795537116,0.0,1,1,C,38.96178157250411,0.0,-3.7825033683240587e-16,0.4655070112934535,-0.14804834080531723,2.80702355315343e-16,0.14804834080531723,0.1480483408053175,0.4655070112934539,0.5780483408053175
45.0,81.5793815929504,83.411038071662,-36.57938159295039,36.57938159295039,-38.411038071662006,38.411038071662006,1.8316564787116045,1.8316564787116045,1.1102230246251565e-16,1,1,C,38.411038071662006,0.0,-1.2608344561080197e-16,0.45974451025412955,-0.1442177088860895,9.356745177178099e-17,0.1442177088860895,0.1442177088860896,0.45974451025412966,0.5742177088860896
45.5,81.5793815929504,83.36096125227472,-36.0793815929504,36.0793815929504,-37.86096125227471,37.86096125227471,1.781579659324317,1.781579659324317,0.0,1,1,C,37.86096125227471,0.0,-3.7825033683240587e-16,0.4539572773228916,-0.14043175485155007,2.80702355315343e-16,0.14043175485155007,0.14043175485155035,0.453957277322892,0.5704317548515503
46.0,81.5793815929504,83.31155391908213,-35.57938159295039,35.57938159295039,-37.31155391908213,37.31155391908213,1.7321723261317312,1.7321723261317312,1.0755285551056204e-16,1,1,C,37.31155391908213,0.0,-1.0982544869129148e-16,0.44814574152904507,-0.13669077650534145,-1.6257996919510486e-17,0.13669077650534145,0.13669077650534142,0.4481457415290452,0.5666907765053414
46.5,81.5793815929504,83.26281876894123,-35.0793815929504,35.0793815929504,-36.76281876894122,36.76281876894122,1.6834371759908278,1.6834371759908278,3.469446951953614e-18,1,1,C,36.76281876894122,0.0,-1.0982544869129148e-16,0.44231033298038847,-0.13299506799711494,-1.6257996919510486e-17,0.13299506799711494,0.1329950679971149,0.4423103329803886,0.562995067997115
47.0,81.5793815929504,83.21475839150538,-34.5793815929504,34.5793815929504,-36.21475839150538,36.21475839150538,1.6353767985549788,1.6353767985549788,0.0,1,1,C,36.21475839150538,0.0,-2.684248881411144e-16,0.43645148284258056,-0.12934579676006167,2.9696035223485343e-16,0.12934579676006167,0.12934579676006197,0.43645148284258084,0.5593457967600619
47.5,81.5793815929504,83.16737526992901,-34.0793815929504,34.0793815929504,-35.66737526992901,35.66737526992901,1.5879936769786145,1.5879936769786145,0.0,1,1,C,35.667375269929,0.0,-1.2608344561080197e-16,0.43056962331867116,-0.12574329053707187,9.356745177178099e-17,0.12574329053707187,0.12574329053707195,0.43056962331867127,0.5557432905370719
48.0,81.5793815929504,83.12067178159761,-33.5793815929504,33.5793815929504,-35.12067178159759,35.12067178159759,1.5412901886472017,1.5412901886472017,0.0,1,1,C,35.1206717815976,0.0,-7.117072126515622e-17,0.4246651876287903,-0.12218680765633327,1.0169645023153623e-16,0.12218680765633327,0.12218680765633337,0.42466518762879035,0.5521868076563333
48.5,81.5793815929504,83.07465019888163,-33.0793815929504,33.0793815929504,-34.57465019888163,34.57465019888163,1.495268605931225,1.495268605931225,3.469446951953614e-18,1,1,C,34.57465019888162,0.0,-1.2608344561080197e-16,0.41873860998998386,-0.11867662970735407,9.356745177178099e-17,0.11867662970735407,0.11867662970735417,0.41873860998998397,0.5486766297073542
49.0,81.5793815929504,83.02931268991324,-32.5793815929504,32.5793815929504,-34.02931268991324,34.02931268991324,1.4499310969628412,1.4499310969628412,0.0,1,1,C,34.02931268991324,0.0,-7.117072126515622e-17,0.4127903255961795,-0.11521303450442358,1.0169645023153623e-16,0.11521303450442358,0.11521303450442368,0.41279032559617956,0.5452130345044237
49.5,81.5793815929504,82.98466131938618,-32.0793815929504,32.0793815929504,-33.48466131938617,33.48466131938617,1.405279726435774,1.405279726435774,0.0,1,1,C,33.48466131938618,0.0,-3.7825033683240587e-16,0.40682077059828653,-0.11179629606052446,2.80702355315343e-16,0.11179629606052446,0.11179629606052474,0.4068207705982869,0.5417962960605247
50.0,81.5793815929504,82.94069804937614,-31.579381592950398,31.579381592950398,-32.940698049376145,32.940698049376145,1.3613164564257458,1.3613164564257458,0.0,1,1,C,32.94069804937615,0.0,-7.117072126515622e-17,0.4008303820844017,-0.10842668456174491,1.0169645023153623e-16,0.10842668456174491,0.10842668456174501,0.40083038208440175,0.538426684561745
50.5,81.5793815929504,82.89742474018246,-31.079381592950398,31.079381592950398,-32.39742474018245,32.39742474018245,1.318043147232053,1.318043147232053,0.0,1,1,C,32.397424740182444,0.0,-5.491272434564574e-17,0.3948195980601222,-0.10510446634219907,-8.128998459755243e-18,0.10510446634219907,0.10510446634219905,0.39481959806012223,0.5351044663421991
51.0,81.5793815929504,82.85484315118914,-30.579381592950398,30.579381592950398,-31.854843151189144,31.854843151189144,1.275461558238745,1.275461558238745,0.0,1,1,C,31.854843151189147,0.0,-3.7825033683240587e-16,0.38878885742895264,-0.10182990385945556,2.80702355315343e-16,0.10182990385945556,0.10182990385945584,0.388788857428953,0.5318299038594558
51.5,81.5793815929504,82.81295494174505,-30.079381592950398,30.079381592950398,-31.31295494174504,31.31295494174504,1.2335733487946443,1.2335733487946443,0.0,1,1,C,31.31295494174504,0.0,0.0,0.3827385999727959,-0.09860325567047125,0.0,0.09860325567047125,0.09860325567047125,0.3827385999727959,0.5286032556704713
52.0,81.5793815929504,82.7717616720618,-29.579381592950394,29.579381592950394,-30.771761672061793,30.771761672061793,1.192380079111398,1.192380079111398,0.0,1,1,C,30.771761672061793,0.0,-3.619923399128954e-16,0.3766692663325121,-0.0954247764080351,1.708769066240515e-16,0.0954247764080351,0.09542477640803526,0.37666926633251246,0.5254247764080353
52.5,81.5793815929504,82.73126480412931,-29.079381592950394,29.079381592950394,-30.23126480412931,30.23126480412931,1.1518832111789152,1.1518832111789152,0.0,1,1,C,30.231264804129317,0.0,0.0,0.37058129798855327,-0.09229471675772152,0.0,0.09229471675772152,0.09229471675772152,0.37058129798855327,0.5222947167577215
53.0,81.5793815929504,82.69146570264743,-28.5793815929504,28.5793815929504,-29.69146570264744,29.69146570264744,1.1120841096970417,1.1120841096970417,0.0,1,1,C,29.691465702647434,0.0,-5.491272434564574e-17,0.3644751372416346,-0.08921332343535174,-8.128998459755243e-18,0.08921332343535174,0.08921332343535172,0.36447513724163466,0.5192133234353518
53.5,81.5793815929504,82.6523656359733,-28.0793815929504,28.0793815929504,-29.152365635973293,29.152365635973293,1.0729840430228947,1.0729840430228947,0.0,1,1,C,29.15236563597329,0.0,-3.619923399128954e-16,0.3583512271934689,-0.08618083916496642,1.708769066240515e-16,0.08618083916496642,0.08618083916496659,0.3583512271934693,0.5161808391649666
54.0,81.5793815929504,82.61396577708332,-27.579381592950398,27.579381592950398,-28.61396577708333,28.61396577708333,1.034584184132929,1.034584184132929,0.0,1,1,C,28.61396577708333,0.0,-1.0982544869129148e-16,0.35221001172752076,-0.08319750265730481,-1.6257996919510486e-17,0.08319750265730481,0.0831975026573048,0.35221001172752087,0.5131975026573048
54.5,81.5793815929504,82.5762672045493,-27.079381592950398,27.079381592950398,-28.076267204549296,28.076267204549296,0.9968856115988973,0.9968856115988973,0.0,1,1,C,28.076267204549296,0.0,-4.1690506425854116e-16,0.34605193548979335,-0.08026354858879528,1.6274790816429626e-16,0.08026354858879528,0.08026354858879545,0.3460519354897938,0.5102635485887954
55.0,81.5793815929504,82.53927090352765,-26.579381592950398,26.579381592950398,-27.539270903527655,27.539270903527655,0.9598893105772565,0.9598893105772565,0.0,1,1,C,27.539270903527655,0.0,-1.0982544869129148e-16,0.33987744386963425,-0.07738005890115661,-1.6257996919510486e-17,0.07738005890115661,0.0773800589011566,0.33987744386963437,0.5073800589011566
55.5,81.5793815929504,82.50297776676103,-26.079381592950398,26.079381592950398,-27.00297776676103,27.00297776676103,0.9235961738106357,0.9235961738106357,0.0,1,1,C,27.002977766761035,0.0,-5.491272434564574e-17,0.33368698298054067,-0.07454659540245337,-8.128998459755243e-18,0.07454659540245337,0.07454659540245336,0.3336869829805407,0.5045465954024534
56.0,81.5793815929504,82.46738859559167,-25.579381592950398,25.579381592950398,-26.46738859559167,26.46738859559167,0.8880070026412755,0.8880070026412755,0.0,1,1,C,26.467388595591668,0.0,-3.457343429933849e-16,0.32748099964097477,-0.07176311166277648,6.105145793276002e-17,0.07176311166277648,0.07176311166277653,0.3274809996409751,0.5017631116627765
56.5,81.5793815929504,82.43250410098537,-25.079381592950394,25.079381592950394,-25.932504100985373,25.932504100985373,0.8531225080349755,0.8531225080349755,0.0,1,1,C,25.932504100985366,0.0,-1.2608344561080197e-16,0.3212599413551604,-0.06902982851878389,9.356745177178099e-17,0.06902982851878389,0.06902982851878399,0.3212599413551605,0.49902982851878397
57.0,81.5793815929504,82.39832490456597,-24.579381592950394,24.579381592950394,-25.398324904565957,25.398324904565957,0.8189433116155634,0.8189433116155634,0.0,1,1,C,25.39832490456596,0.0,-1.6257996919510486e-17,0.31502425629386743,-0.0663469626772577,1.0982544869129148e-16,0.0663469626772577,0.06634696267725781,0.31502425629386743,0.4963469626772578
57.5,81.5793815929504,82.36485153965891,-24.0793815929504,24.0793815929504,-24.86485153965891,24.86485153965891,0.7854699467085117,0.7854699467085117,0.0,1,1,C,24.864851539658908,0.0,-5.491272434564574e-17,0.3087743932751678,-0.0637147266965166,-8.128998459755243e-18,0.0637147266965166,0.06371472669651658,0.30877439327516787,0.49371472669651656
58.0,81.5793815929504,82.33208445234357,-23.579381592950394,23.579381592950394,-24.332084452343558,24.332084452343558,0.7527028593931661,0.7527028593931661,0.0,1,1,C,24.332084452343558,0.0,-1.0982544869129148e-16,0.3025108017451611,-0.06113332896834027,-1.6257996919510486e-17,0.06113332896834027,0.061133328968340256,0.3025108017451612,0.4911333289683403
58.5,81.5793815929504,82.3000240025138,-23.079381592950398,23.079381592950398,-23.8000240025138,23.8000240025138,0.7206424095633979,0.7206424095633979,5.551115123125783e-17,1,1,C,23.800024002513805,0.0,-4.331630611780516e-16,0.2962339317586576,-0.058602973700408734,2.725733568555877e-16,0.058602973700408734,0.058602973700409004,0.29623393175865803,0.488602973700409
59.0,81.5793815929504,82.26867046494529,-22.57938159295039,22.57938159295039,-23.26867046494529,23.26867046494529,0.6892888719948957,0.6892888719948957,5.377642775528102e-17,1,1,C,23.26867046494529,0.0,-7.117072126515622e-17,0.28994423395981395,-0.05612386089924951,1.0169645023153623e-16,0.05612386089924951,0.05612386089924962,0.289944233959814,0.48612386089924964
59.5,81.5793815929504,82.23802403036987,-22.079381592950398,22.079381592950398,-22.738024030369864,22.738024030369864,0.658642437419468,0.658642437419468,-5.551115123125783e-17,1,1,C,22.73802403036987,0.0,-7.117072126515622e-17,0.2836421595627074,-0.053696186353692735,1.0169645023153623e-16,0.053696186353692735,0.05369618635369284,0.28364215956270744,0.4836961863536928
60.0,81.5793815929504,82.20808480655569,-21.579381592950405,21.579381592950405,-22.20808480655569,22.20808480655569,0.6287032136052867,0.6287032136052867,1.734723475976807e-18,1,1,C,22.208084806555693,0.0,-1.2608344561080197e-16,0.2773281603318602,-0.051320141618835934,9.356745177178099e-17,0.051320141618835934,0.051320141618836024,0.2773281603318603,0.481320141618836
60.5,81.5793815929504,82.17885281939243,-21.079381592950398,21.079381592950398,-21.678852819392425,21.678852819392425,0.5994712264420289,0.5994712264420289,0.0,1,1,C,21.678852819392418,0.0,-1.2608344561080197e-16,0.27100268856268006,-0.04899591400050821,9.356745177178099e-17,0.04899591400050821,0.0489959140005083,0.27100268856268017,0.4789959140005083
61.0,81.5793815929504,82.15032801398146,-20.5793815929504,20.5793815929504,-21.150328013981472,21.150328013981472,0.5709464210310687,0.5709464210310687,-1.734723475976807e-18,1,1,C,21.150328013981465,0.0,-4.1690506425854116e-16,0.26466619706183614,-0.04672368654024157,1.6274790816429626e-16,0.04672368654024157,0.04672368654024173,0.2646661970618366,0.4767236865402417
61.5,81.5793815929504,82.1225102557298,-20.079381592950394,20.079381592950394,-20.622510255729793,20.622510255729793,0.5431286627793979,0.5431286627793979,0.0,1,1,C,20.622510255729797,0.0,-1.2608344561080197e-16,0.25831913912754995,-0.04450363800073839,9.356745177178099e-17,0.04450363800073839,0.04450363800073848,0.25831913912755006,0.47450363800073847
62.0,81.5793815929504,82.0953993314474,-19.579381592950405,19.579381592950405,-20.095399331447393,20.095399331447393,0.5160177384969934,0.5160177384969934,-5.551115123125783e-17,1,1,C,20.0953993314474,0.0,-7.117072126515622e-17,0.2519619685297912,-0.0423359428518392,1.0169645023153623e-16,0.0423359428518392,0.0423359428518393,0.25196196852979125,0.4723359428518393
62.5,81.5793815929504,82.06899495044742,-19.079381592950394,19.079381592950394,-19.568994950447415,19.568994950447415,0.4896133574970221,0.4896133574970221,-1.734723475976807e-18,1,1,C,19.568994950447408,0.0,-4.1690506425854116e-16,0.2455951394903932,-0.04022097199500254,1.6274790816429626e-16,0.04022097199500254,0.0402209719950027,0.2455951394903936,0.4702209719950027
63.0,81.5793815929504,82.04329674564838,-18.579381592950398,18.579381592950398,-19.043296745648377,19.043296745648377,0.4639151526979788,0.4639151526979788,0.0,1,1,C,19.04329674564838,0.0,-1.0982544869129148e-16,0.2392191066630596,-0.038159017390213525,-1.6257996919510486e-17,0.038159017390213525,0.03815901739021351,0.2392191066630597,0.4681590173902135
63.5,81.5793815929504,82.0183042746783,-18.07938159295039,18.07938159295039,-18.518304274678293,18.518304274678293,0.43892268172789944,0.43892268172789944,0.0,1,1,C,18.51830427467829,0.0,-5.491272434564574e-17,0.23283432511326532,-0.03614985561575818,-8.128998459755243e-18,0.03614985561575818,0.036149855615758175,0.23283432511326538,0.46614985561575817
64.0,81.5793815929504,81.99401702097957,-17.579381592950398,17.579381592950398,-17.99401702097957,17.99401702097957,0.4146354280291706,0.4146354280291706,8.673617379884035e-19,1,1,C,17.994017020979573,0.0,-5.491272434564574e-17,0.2264412502980565,-0.03419364635679937,-8.128998459755243e-18,0.03419364635679937,0.03419364635679936,0.22644125029805656,0.4641936463567994
64.5,81.5793815929504,81.97043439491443,-17.079381592950405,17.079381592950405,-17.47043439491444,17.47043439491444,0.3910528019640395,0.3910528019640395,8.673617379884035e-19,1,1,C,17.47043439491445,0.0,-7.117072126515622e-17,0.2200403380457259,-0.03229054493665975,1.0169645023153623e-16,0.03229054493665975,0.03229054493665985,0.22004033804572598,0.46229054493665983
65.0,81.5793815929504,81.94755573487072,-16.579381592950394,16.579381592950394,-16.947555734870715,16.947555734870715,0.3681741419203151,0.3681741419203151,1.1102230246251565e-16,1,1,C,16.947555734870708,0.0,-3.619923399128954e-16,0.21363204453537993,-0.030440702305265997,1.708769066240515e-16,0.030440702305265997,0.030440702305266167,0.2136320445353803,0.4604407023052662
65.5,81.5793815929504,81.92538030836636,-16.0793815929504,16.0793815929504,-16.425380308366364,16.425380308366364,0.34599871541596156,0.34599871541596156,0.0,1,1,C,16.42538030836636,0.0,-5.491272434564574e-17,0.20721682627637042,-0.028644265028080686,-8.128998459755243e-18,0.028644265028080686,0.02864426502808068,0.20721682627637047,0.45864426502808064
66.0,81.5793815929504,81.90390731315374,-15.579381592950394,15.579381592950394,-15.90390731315373,15.90390731315373,0.32452572020333625,0.32452572020333625,0.0,1,1,C,15.903907313153729,0.0,-5.491272434564574e-17,0.20079514008760627,-0.026901375275520552,-8.128998459755243e-18,0.026901375275520552,0.026901375275520546,0.20079514008760632,0.45690137527552055
66.5,81.5793815929504,81.88313587832188,-15.079381592950401,15.079381592950401,-15.383135878321882,15.383135878321882,0.30375428537148086,0.30375428537148086,0.0,1,1,C,15.383135878321887,0.0,-7.117072126515622e-17,0.19436744307673573,-0.025212170812862124,1.0169645023153623e-16,0.025212170812862124,0.025212170812862224,0.1943674430767358,0.4552121708128622
67.0,81.5793815929504,81.86306506539681,-14.579381592950394,14.579381592950394,-14.863065065396812,14.863065065396812,0.2836834724464152,0.2836834724464152,5.551115123125783e-17,1,1,C,14.863065065396803,0.0,-7.117072126515622e-17,0.18793419261918332,-0.023576784990623233,1.0169645023153623e-16,0.023576784990623233,0.023576784990623333,0.1879341926191834,0.4535767849906233
67.5,81.5793815929504,81.84369386943963,-14.079381592950398,14.079381592950398,-14.34369386943963,14.34369386943963,0.26431227648923,0.26431227648923,2.7755575615628914e-17,1,1,C,14.34369386943963,0.0,-3.457343429933849e-16,0.18149584633705954,-0.021995346735425608,6.105145793276002e-17,0.021995346735425608,0.02199534673542567,0.18149584633705987,0.4519953467354257
68.0,81.5793815929504,81.82502122014144,-13.579381592950392,13.579381592950392,-13.82502122014143,13.82502122014143,0.2456396271910376,0.2456396271910376,0.0,1,1,C,13.825021220141437,0.0,-5.491272434564574e-17,0.1750528620779217,-0.020467980541329433,-8.128998459755243e-18,0.020467980541329433,0.020467980541329426,0.17505286207792176,0.4504679805413294
68.5,81.5793815929504,81.8070459829151,-13.079381592950398,13.079381592950398,-13.307045982915103,13.307045982915103,0.22766438996470348,0.22766438996470348,2.7755575615628914e-17,1,1,C,13.307045982915097,0.0,-5.491272434564574e-17,0.16860569789338942,-0.018994806461640753,-8.128998459755243e-18,0.018994806461640753,0.018994806461640746,0.16860569789338947,0.44899480646164075
69.0,81.5793815929504,81.78976695998324,-12.579381592950403,12.579381592950403,-12.789766959983242,12.789766959983242,0.2103853670328377,0.2103853670328377,0.0,1,1,C,12.789766959983236,0.0,-7.117072126515622e-17,0.16215481201761897,-0.01757594010118364,1.0169645023153623e-16,0.01757594010118364,0.01757594010118374,0.16215481201761905,0.44757594010118373
69.5,81.5793815929504,81.77318289146189,-12.079381592950396,12.079381592950396,-12.273182891461882,12.273182891461882,0.19380129851148636,0.19380129851148636,0.0,1,1,C,12.273182891461879,0.0,-1.0982544869129148e-16,0.15570066284561865,-0.016211492609039393,-1.6257996919510486e-17,0.016211492609039393,0.016211492609039375,0.15570066284561876,0.44621149260903936
70.0,81.5793815929504,81.75729245643998,-11.579381592950401,11.579381592950401,-11.757292456439988,11.757292456439988,0.17791086348958635,0.17791086348958635,0.0,1,1,C,11.757292456439984,0.0,-4.5555979168467635e-16,0.1492437089114193,-0.014901576762227734,4.479346101324953e-17,0.014901576762227734,0.014901576762227779,0.14924370891141975,0.44490157676222775
70.5,81.5793815929504,81.74209427405361,-11.079381592950394,11.079381592950394,-11.242094274053612,11.242094274053612,0.16271268110321668,0.16271268110321668,0.0,1,1,C,11.242094274053617,0.0,-8.236908651846861e-17,0.1427844088660854,-0.013646469555720814,-1.2193497689632864e-17,0.013646469555720814,0.013646469555720802,0.14278440886608548,0.4436464695557208
71.0,81.5793815929504,81.72758690455504,-10.579381592950401,10.579381592950401,-10.727586904555034,10.727586904555034,0.14820531160463393,0.14820531160463393,0.0,1,1,C,10.72758690455503,0.0,-8.236908651846861e-17,0.13632322145556772,-0.012446054284902643,-1.2193497689632864e-17,0.012446054284902643,0.01244605428490263,0.1363232214555678,0.44244605428490263
71.5,81.5793815929504,81.71376885037627,-10.079381592950394,10.079381592950394,-10.21376885037627,10.21376885037627,0.1343872574258751,0.1343872574258751,2.7755575615628914e-17,1,1,C,10.213768850376264,0.0,-4.44361426431364e-16,0.12986060549840797,-0.011300426643491719,1.5868340893441864e-16,0.011300426643491719,0.011300426643491877,0.12986060549840842,0.4413004266434919
72.0,81.5793815929504,81.7006385571865,-9.579381592950401,9.579381592950401,-9.700638557186501,9.700638557186501,0.12125696423610127,0.12125696423610127,-2.7755575615628914e-17,1,1,C,9.700638557186506,0.0,-8.236908651846861e-17,0.12339701986326916,-0.010209677827971197,-1.2193497689632864e-17,0.010209677827971197,0.010209677827971185,0.12339701986326924,0.44020967782797116
72.5,81.5793815929504,81.68819441494333,-9.079381592950392,9.079381592950392,-9.188194414943316,9.188194414943316,0.10881282199292351,0.10881282199292351,0.0,1,1,C,9.188194414943322,0.0,-9.862708343797909e-17,0.11693292344631444,-0.00917389453273944,9.763195100165861e-17,0.00917389453273944,0.009173894532739537,0.11693292344631454,0.43917389453273953
73.0,81.5793815929504,81.67643475893745,-8.579381592950398,8.579381592950398,-8.676434758937448,8.676434758937448,0.09705316598704979,0.09705316598704979,-2.168404344971009e-19,1,1,C,8.676434758937447,0.0,-8.236908651846861e-17,0.11046877514842264,-0.008193158945709855,-1.2193497689632864e-17,0.008193158945709855,0.008193158945709843,0.11046877514842272,0.4381931589457098
73.5,81.5793815929504,81.66535787083019,-8.079381592950401,8.079381592950401,-8.165357870830197,8.165357870830197,0.0859762778797945,0.0859762778797945,2.7755575615628914e-17,1,1,C,8.165357870830196,0.0,-8.236908651846861e-17,0.10400503385223503,-0.007267548744356911,-1.2193497689632864e-17,0.007267548744356911,0.007267548744356899,0.10400503385223511,0.4372675487443569
74.0,81.5793815929504,81.65496197968444,-7.579381592950398,7.579381592950398,-7.654961979684446,7.654961979684446,0.07558038673404914,0.07558038673404914,-2.7538735181131813e-17,1,1,C,7.65496197968445,0.0,-4.2810342951185353e-16,0.09754215839904691,-0.00639713709220658,4.885796024312716e-17,0.00639713709220658,0.006397137092206628,0.09754215839904734,0.4363971370922066
74.5,81.5793815929504,81.64524526298743,-7.079381592950402,7.079381592950402,-7.145245262987436,7.145245262987436,0.06586367003703396,0.06586367003703396,0.0,1,1,C,7.145245262987443,0.0,-8.236908651846861e-17,0.09108060756552759,-0.005581992635764464,-1.2193497689632864e-17,0.005581992635764464,0.0055819926357644515,0.09108060756552767,0.43558199263576447
75.0,81.5793815929504,81.63620584766633,-6.579381592950395,6.579381592950395,-6.636205847666333,6.636205847666333,0.05682425471593818,0.05682425471593818,0.0,1,1,C,6.636205847666329,0.0,-8.236908651846861e-17,0.0846208400402753,-0.00482217950188075,-1.2193497689632864e-17,0.00482217950188075,0.004822179501880738,0.08462084004027538,0.43482217950188073
75.5,81.5793815929504,81.62784181109576,-6.0793815929504005,6.0793815929504005,-6.1278418110957675,6.1278418110957675,0.04846021814536717,0.04846021814536717,-1.0842021724855044e-19,1,1,C,6.127841811095763,0.0,-8.236908651846861e-17,0.07816331440021497,-0.004117757295547998,-1.2193497689632864e-17,0.004117757295547998,0.004117757295547986,0.07816331440021505,0.43411775729554797
76.0,81.5793815929504,81.62015118209689,-5.579381592950394,5.579381592950394,-5.620151182096889,5.620151182096889,0.04076958914649445,0.04076958914649445,0.0,1,1,C,5.620151182096883,0.0,-8.236908651846861e-17,0.07170848908682126,-0.003468781098125702,-1.2193497689632864e-17,0.003468781098125702,0.00346878109812569,0.07170848908682134,0.4334687810981257
76.5,81.5793815929504,81.61313194192863,-5.0793815929504,5.0793815929504,-5.113131941928624,5.113131941928624,0.033750348978224466,0.033750348978224466,0.0,1,1,C,5.113131941928618,0.0,-4.0064706733903066e-16,0.0652568223821832,-0.002875301465992345,5.292245947300478e-17,0.002875301465992345,0.0028753014659923977,0.0652568223821836,0.4328753014659924
77.0,81.5793815929504,81.60678202526961,-4.5793815929503925,4.5793815929503925,-4.606782025269601,4.606782025269601,0.027400432319207798,0.027400432319207798,1.3931997916438732e-17,1,1,C,4.606782025269596,0.0,-1.0982544869129148e-16,0.05880877238490315,-0.0023373644296172317,-1.6257996919510486e-17,0.0023373644296172317,0.0023373644296172157,0.058808772384903264,0.43233736442961723
77.5,81.5793815929504,81.60109932119175,-4.079381592950398,4.079381592950398,-4.101099321191756,4.101099321191756,0.021717728241358147,0.021717728241358147,-5.421010862427522e-20,1,1,C,4.10109932119175,0.0,-1.0982544869129148e-16,0.052364796985827355,-0.0018550114930513527,-1.6257996919510486e-17,0.0018550114930513527,0.0018550114930513365,0.052364796985827466,0.43185501149305133
78.0,81.5793815929504,81.59608167412482,-3.579381592950403,3.579381592950403,-3.5960816741248163,3.5960816741248163,0.016700081174412733,0.016700081174412733,6.938893903907228e-18,1,1,C,3.596081674124821,0.0,-1.0982544869129148e-16,0.04592535384362214,-0.0014282914780854145,-1.6257996919510486e-17,0.0014282914780854145,0.0014282914780853982,0.04592535384362225,0.43142829147808537
78.5,81.5793815929504,81.59172688481138,-3.0793815929503965,3.0793815929503965,-3.091726884811373,3.091726884811373,0.012345291860976586,0.012345291860976586,0.0,1,1,C,3.0917268848113673,0.0,-8.236908651846861e-17,0.03949090036017716,-0.0010572240766854933,-1.2193497689632864e-17,0.0010572240766854933,0.0010572240766854812,0.039490900360177245,0.43105722407668545
79.0,81.5793815929504,81.58803271125288,-2.5793815929504023,2.5793815929504023,-2.588032711252885,2.588032711252885,0.00865111830248308,0.00865111830248308,0.0,1,1,C,2.5880327112528794,0.0,-4.0064706733903066e-16,0.03306189365585559,-0.0007418301973193385,5.292245947300478e-17,0.0007418301973193385,0.0007418301973193914,0.03306189365585599,0.4307418301973194
79.5,81.5793815929504,81.58499686964603,-2.079381592950395,2.079381592950395,-2.0849968696460333,2.0849968696460333,0.005615276695638304,0.005615276695638304,0.0,1,1,C,2.0849968696460293,0.0,-8.236908651846861e-17,0.02663879054457958,-0.00048213549490752535,-1.2193497689632864e-17,0.00048213549490752535,0.00048213549490751316,0.02663879054457966,0.4304821354949075
80.0,81.5793815929504,81.5826170353093,-1.5793815929504007,1.5793815929504007,-1.5826170353093048,1.5826170353093048,0.0032354423589039116,0.0032354423589039116,0.0,1,1,C,1.5826170353092992,0.0,-8.236908651846861e-17,0.020222047508756245,-0.00027816108554630124,-1.2193497689632864e-17,0.00027816108554630124,0.00027816108554628904,0.02022204750875633,0.4302781610855463
80.5,81.5793815929504,81.58089084360003,-1.0793815929503938,1.0793815929503938,-1.0808908436000229,1.0808908436000229,0.0015092506496291527,0.0015092506496291527,0.0,1,1,C,1.0808908436000284,0.0,-4.41831610598265e-16,0.013812120674050037,-0.00012992354827202457,4.682571062818834e-17,0.00012992354827202457,0.0001299235482720714,0.01381212067405048,0.43012992354827206
81.0,81.5793815929504,81.5798158908212,-0.5793815929503994,0.5793815929503994,-0.5798158908211882,0.5798158908211882,0.0004342978707888426,0.0004342978707888426,0.0,1,1,C,0.5798158908211825,0.0,-1.0982544869129148e-16,0.007409465783994379,-3.743492722470927e-05,-1.6257996919510486e-17,3.743492722470927e-05,3.7434927224693016e-05,0.007409465783994489,0.4300374349272247
81.5,81.5793815929504,81.57938973511831,-0.07938159295039232,0.07938159295039232,-0.07938973511830483,0.07938973511830483,8.142167912505358e-06,8.142167912505358e-06,0.0,1,1,C,0.07938973511829943,0.0,-1.0982544869129148e-16,0.0010145381744499334,-7.027342103652354e-07,-1.6257996919510486e-17,7.027342103652354e-07,7.027342103489774e-07,0.0010145381744500431,0.4300007027342103
82.0,81.5793815929504,81.57915279164403,0.42061840704960207,0.42061840704960207,0.4208472083559641,0.4208472083559641,-0.00022880130636207275,0.00022880130636207275,8.673617379884035e-19,-1,1,C,0.4208472083559596,0.0,-5.491272434564574e-17,0.005378048704418043,-8.128998459755243e-18,1.9729951634251307e-05,1.9729951634251307e-05,1.9729951634259435e-05,0.0053780487044180975,0.43001972995163423
82.5,81.5793815929504,81.57828411243302,0.9206184070495964,0.9206184070495964,0.92171588756697,0.92171588756697,-0.0010974805173735965,0.0010974805173735965,0.0,-1,1,C,0.9217158875669655,0.0,-5.491272434564574e-17,0.011778299333564751,-8.128998459755243e-18,9.451503470492602e-05,9.451503470492602e-05,9.451503470493416e-05,0.011778299333564807,0.4300945150347049
83.0,81.5793815929504,81.57676495390089,1.4206184070496033,1.4206184070496033,1.4232350460991057,1.4232350460991057,-0.0026166390495021606,0.0026166390495021606,-3.469446951953614e-18,-1,1,C,1.4232350460991001,0.0,8.236908651846861e-17,0.018185966682798902,1.2193497689632864e-17,0.00022505191014313077,0.00022505191014313077,0.00022505191014311857,0.01818596668279882,0.4302250519101431
83.5,81.5793815929504,81.57459288463683,1.9206184070495977,1.9206184070495977,1.9254071153631722,1.9254071153631722,-0.004788708313574334,0.004788708313574334,0.0,-1,1,C,1.9254071153631662,0.0,9.609726760488004e-17,0.024600595333351055,1.4225747304571673e-17,0.0004113299732064287,0.0004113299732064287,0.0004113299732064145,0.024600595333350957,0.4304113299732064
84.0,81.5793815929504,81.57176550517569,2.4206184070496044,2.4206184070496044,2.428234494824314,2.428234494824314,-0.007616087774709186,0.007616087774709186,-6.938893903907228e-18,-1,1,C,2.4282344948243204,0.0,-8.489890235156766e-17,0.031021729563417554,9.966420061659742e-17,0.0006533340849654961,0.0006533340849654961,0.0006533340849653965,0.031021729563417637,0.43065333408496537
84.5,81.5793815929504,81.56828044877783,2.920618407049599,2.920618407049599,2.931719551222173,2.931719551222173,-0.011101144172573504,0.011101144172573504,-6.938893903907228e-18,-1,1,C,2.931719551222179,0.0,-6.864090543205717e-17,0.03744891337517912,-1.0161248074694054e-17,0.0009510445699639348,0.0009510445699639348,0.000951044569963945,0.03744891337517919,0.4309510445699639
85.0,81.5793815929504,81.56413538221905,3.420618407049606,3.420618407049606,3.435864617780951,3.435864617780951,-0.015246210731344727,0.015246210731344727,0.0,-1,1,C,3.4358646177809464,0.0,9.609726760488004e-17,0.04388169052166389,1.4225747304571673e-17,0.0013044372142620051,0.0013044372142620051,0.0013044372142619908,0.04388169052166379,0.431304437214262
85.5,81.5793815929504,81.55932800659154,3.9206184070496,3.9206184070496,3.9406719934084604,3.9406719934084604,-0.020053586358860006,0.020053586358860006,-1.3877787807814457e-17,-1,1,C,3.940671993408467,0.0,8.923317706167432e-17,0.050319604533437534,1.320962249710227e-17,0.0017134846062491908,0.0017134846062491908,0.0017134846062491775,0.050319604533437444,0.4317134846062492
86.0,81.5793815929504,81.55385605811479,4.4206184070496075,4.4206184070496075,4.446143941885221,4.446143941885221,-0.02552553483561292,0.02552553483561292,0.0,-1,1,C,4.446143941885227,0.0,-6.864090543205717e-17,0.05676219874513016,-1.0161248074694054e-17,0.002178180177827816,0.002178180177827816,0.002178180177827826,0.05676219874513023,0.43217818017782783
86.5,81.5793815929504,81.54771730895737,4.920618407049602,4.920618407049602,4.952282691042627,4.952282691042627,-0.031664283993025386,0.031664283993025386,0.0,-1,1,C,4.952282691042633,0.0,-8.489890235156766e-17,0.06320901632178873,9.966420061659742e-17,0.002698472081644381,0.002698472081644381,0.002698472081644281,0.06320901632178881,0.43269847208164425
87.0,81.5793815929504,81.54090956806895,5.420618407049597,5.420618407049597,5.459090431931036,5.459090431931036,-0.038472024881439956,0.038472024881439956,2.7755575615628914e-17,-1,1,C,5.459090431931031,0.0,-6.864090543205717e-17,0.06965960028505706,-1.0161248074694054e-17,0.0032743202506004443,0.0032743202506004443,0.0032743202506004543,0.06965960028505713,0.4332743202506004
87.5,81.5793815929504,81.53343068202285,5.920618407049603,5.920618407049603,5.966569317977143,5.966569317977143,-0.04595091092754005,0.04595091092754005,0.0,-1,1,C,5.966569317977138,0.0,8.923317706167432e-17,0.07611349353917672,1.320962249710227e-17,0.003905680090755116,0.003905680090755116,0.003905680090755103,0.07611349353917664,0.4339056800907551
88.0,81.5793815929504,81.52527853586842,6.420618407049598,6.420618407049598,6.474721464131571,6.474721464131571,-0.054103057081973986,0.054103057081973986,1.3877787807814457e-17,-1,1,C,6.474721464131578,0.0,8.923317706167432e-17,0.08257023889681403,1.320962249710227e-17,0.004592502481579407,0.004592502481579407,0.004592502481579394,0.08257023889681395,0.4345925024815794
88.5,81.5793815929504,81.51645105399437,6.920618407049605,6.920618407049605,6.98354894600563,6.98354894600563,-0.06293053895602521,0.06293053895602521,0.0,-1,1,C,6.983548946005636,0.0,-7.207295070366002e-17,0.08902937910469876,-1.0669310478428757e-17,0.005334733776608619,0.005334733776608619,0.005334733776608629,0.08902937910469882,0.43533473377660864
89.0,81.5793815929504,81.50694620100168,7.4206184070495995,7.4206184070495995,7.493053798998314,7.493053798998314,-0.07243539194871548,0.07243539194871548,0.0,-1,1,C,7.49305379899831,0.0,-7.03569280678586e-17,0.09549045686908547,-1.0415279276561404e-17,0.0061323158044971965,0.0061323158044971965,0.006132315804497207,0.09549045686908554,0.4361323158044972
89.5,81.5793815929504,81.49676198258709,7.920618407049607,7.920618407049607,8.003238017412917,8.003238017412917,-0.08261961036331032,0.08261961036331032,0.0,-1,1,C,8.00323801741292,0.0,8.923317706167432e-17,0.10195301488102494,1.320962249710227e-17,0.006985185870479306,0.006985185870479306,0.006985185870479293,0.10195301488102486,0.4369851858704793
90.0,81.5793815929504,81.48589644643592,8.420618407049602,8.420618407049602,8.514103553564087,8.514103553564087,-0.09348514651448646,0.09348514651448646,2.7972416050126014e-17,-1,1,C,8.514103553564093,0.0,8.87013887943066e-17,0.10841659584145222,1.3130899285718003e-17,0.007893276758235446,0.007893276758235446,0.007893276758235432,0.10841659584145213,0.4378932767582354
90.5,81.5793815929504,81.47434768312577,8.920618407049608,8.920618407049608,9.025652316874229,9.025652316874229,-0.10503390982462174,0.10503390982462174,0.0,-1,1,C,9.025652316874236,0.0,2.4968129350910797e-16,0.11488074248607875,3.696153987169962e-17,0.008856516732173424,0.008856516732173424,0.008856516732173388,0.1148807424860785,0.4388565167321734
91.0,81.5793815929504,81.46211382703918,9.420618407049602,9.420618407049602,9.53788617296083,9.53788617296083,-0.11726776591123042,0.11726776591123042,2.7755575615628914e-17,-1,1,C,9.537886172960828,0.0,2.4882328219120727e-16,0.12134499761009905,3.6834524270765945e-17,0.009874829540120469,0.009874829540120469,0.009874829540120433,0.1213449976100988,0.4398748295401204
91.5,81.5793815929504,81.44919305728634,9.920618407049597,9.920618407049597,10.050806942713665,10.050806942713665,-0.13018853566406788,0.13018853566406788,0.0,-1,1,C,10.05080694271367,0.0,2.5053930482700867e-16,0.1278089040927037,3.7088555472633294e-17,0.01094813441643621,0.01094813441643621,0.010948134416436174,0.12780890409270346,0.44094813441643615
92.0,81.5793815929504,81.4355835986374,10.420618407049602,10.420618407049602,10.564416401362616,10.564416401362616,-0.14379799431301193,0.14379799431301193,-2.7755575615628914e-17,-1,1,C,10.56441640136261,0.0,8.580113179007146e-17,0.13427200492139513,1.2701560093367567e-17,0.012076346085543449,0.012076346085543449,0.012076346085543437,0.13427200492139504,0.4420763460855434
92.5,81.5793815929504,81.42128372246425,10.920618407049597,10.920618407049597,11.078716277535746,11.078716277535746,-0.15809787048614785,0.15809787048614785,0.0,-1,1,C,11.078716277535753,0.0,8.923317706167432e-17,0.14073384321611052,1.320962249710227e-17,0.013259374765885632,0.013259374765885632,0.013259374765885618,0.14073384321611043,0.4432593747658856
93.0,81.5793815929504,81.40629174769154,11.420618407049604,11.420618407049604,11.593708252308463,11.593708252308463,-0.17308984525885882,0.17308984525885882,-2.7755575615628914e-17,-1,1,C,11.593708252308458,0.0,2.471072595554058e-16,0.14719396225314546,3.6580493068898596e-17,0.014497126174309713,0.014497126174309713,0.014497126174309677,0.1471939622531452,0.4444971261743097
93.5,81.5793815929504,81.39060604175688,11.920618407049599,11.920618407049599,12.109393958243114,12.109393958243114,-0.18877555119351483,0.18877555119351483,0.0,-1,1,C,12.109393958243109,0.0,2.308492626358953e-16,0.15365190548888089,1.4640594176019006e-16,0.015789646119841745,0.015789646119841745,0.0157896461198416,0.15365190548888066,0.4457896461198416
94.0,81.5793815929504,81.37422502157996,12.420618407049606,12.420618407049606,12.62577497842004,12.62577497842004,-0.20515657137043383,0.20515657137043383,0.0,-1,1,C,12.625774978420035,0.0,8.923317706167432e-17,0.16010721658331478,1.320962249710227e-17,0.017136791723603346,0.017136791723603346,0.017136791723603332,0.1601072165833147,0.4471367917236033
94.5,81.5793815929504,81.35714715454077,12.9206184070496,12.9206184070496,13.142852845459233,13.142852845459233,-0.2222344384096323,0.2222344384096323,0.0,-1,1,C,13.142852845459227,0.0,8.923317706167432e-17,0.16655943942338822,1.320962249710227e-17,0.01853839051278837,0.01853839051278837,0.018538390512788355,0.16655943942338813,0.4485383905127883
95.0,81.5793815929504,81.33937095946624,13.420618407049608,13.420618407049608,13.660629040533774,13.660629040533774,-0.24001063348416624,0.24001063348416624,0.0,-1,1,C,13.66062904053378,0.0,2.471072595554058e-16,0.17300811814611536,3.6580493068898596e-17,0.019994332737329718,0.019994332737329718,0.01999433273732968,0.1730081181461151,0.4499943327373297
95.5,81.5793815929504,81.32089500762542,13.920618407049602,13.920618407049602,14.179104992374576,14.179104992374576,-0.25848658532497376,0.25848658532497376,0.0,-1,1,C,14.179104992374581,0.0,2.471072595554058e-16,0.17945279716151058,3.6580493068898596e-17,0.021504504185768922,0.021504504185768922,0.021504504185768884,0.17945279716151033,0.4515045041857689
96.0,81.5793815929504,81.30171792373305,14.42061840704961,14.42061840704961,14.698282076266956,14.698282076266956,-0.27766366921734653,0.27766366921734653,0.0,-1,1,C,14.698282076266961,0.0,6.864090543205717e-17,0.18589302117531945,1.0161248074694054e-17,0.0230687861919758,0.0230687861919758,0.02306878619197579,0.1858930211753194,0.45306878619197577
96.5,81.5793815929504,81.28183838696096,14.9206184070496,14.9206184070496,15.21816161303904,15.21816161303904,-0.297543205989437,0.297543205989437,-5.551115123125783e-17,-1,1,C,15.218161613039047,0.0,9.609726760488004e-17,0.19232833521154494,1.4225747304571673e-17,0.02468705564230851,0.02468705564230851,0.024687055642308497,0.19232833521154485,0.4546870556423085
97.0,81.5793815929504,81.26125513195768,15.420618407049597,15.420618407049597,15.73874486804231,15.73874486804231,-0.3181264609927125,0.3181264609927125,0.0,-1,1,C,15.738744868042316,0.0,8.236908651846861e-17,0.19875828463477177,1.2193497689632864e-17,0.026359184983218667,0.026359184983218667,0.026359184983218653,0.1987582846347717,0.45635918498321865
97.5,81.5793815929504,81.23996694987524,15.920618407049608,15.920618407049608,16.26003305012476,16.26003305012476,-0.33941464307515784,0.33941464307515784,5.551115123125783e-17,-1,1,C,16.26003305012476,0.0,2.308492626358953e-16,0.20518241517229677,1.4640594176019006e-16,0.028085042229302058,0.028085042229302058,0.028085042229301912,0.20518241517229655,0.4580850422293019
98.0,81.5793815929504,81.21797268940364,16.420618407049602,16.420618407049602,16.782027310596355,16.782027310596355,-0.36140890354675514,0.36140890354675514,5.637851296924623e-17,-1,1,C,16.78202731059635,0.0,2.3337907846899436e-16,0.2116002729360525,3.4548243453959784e-17,0.029864490971799378,0.029864490971799378,0.029864490971799343,0.21160027293605227,0.4598644909717993
98.5,81.5793815929504,81.1952712578123,16.920618407049606,16.920618407049606,17.304728742187713,17.304728742187713,-0.38411033513810666,0.38411033513810666,8.673617379884035e-19,-1,1,C,17.30472874218772,0.0,8.236908651846861e-17,0.2180114044443383,1.2193497689632864e-17,0.031697390387552364,0.031697390387552364,0.03169739038755235,0.21801140444433822,0.46169739038755236
99.0,81.5793815929504,81.17186162199847,17.420618407049602,17.420618407049602,17.828138378001523,17.828138378001523,-0.40751997095192055,0.40751997095192055,-8.673617379884035e-19,-1,1,C,17.828138378001526,0.0,9.609726760488004e-17,0.22441535664334658,1.4225747304571673e-17,0.033583595248413214,0.033583595248413214,0.0335835952484132,0.2244153566433465,0.4635835952484132
99.5,81.5793815929504,81.14774280954207,17.92061840704961,17.92061840704961,18.352257190457948,18.352257190457948,-0.4316387834083391,0.4316387834083391,-8.673617379884035e-19,-1,1,C,18.352257190457944,0.0,2.471072595554058e-16,0.23081167692849908,3.6580493068898596e-17,0.035522955931117234,0.035522955931117234,0.0355229559311172,0.23081167692849883,0.4655229559311172
100.0,81.5793815929504,81.12291390976687,18.420618407049602,18.420618407049602,18.877086090233142,18.877086090233142,-0.4564676831835363,0.4564676831835363,-5.551115123125783e-17,-1,1,C,18.877086090233146,0.0,2.308492626358953e-16,0.23719991316557934,1.4640594176019006e-16,0.03751531842761553,0.03751531842761553,0.037515318427615386,0.23719991316557912,0.4675153184276154
100.5,81.5793815929504,81.09737407480758,18.920618407049613,18.920618407049613,19.40262592519243,19.40262592519243,-0.48200751814281995,0.48200751814281995,0.0,-1,1,C,19.40262592519243,0.0,6.611108959895812e-17,0.24357961371168002,1.2201894638092434e-16,0.03956052435587535,0.03956052435587535,0.039560524355875225,0.24357961371167997,0.4695605243558752
101.0,81.5793815929504,81.07112252068286,19.420618407049602,19.420618407049602,19.928877479317137,19.928877479317137,-0.5082590722675382,0.5082590722675382,5.551115123125783e-17,-1,1,C,19.928877479317148,0.0,1.0982544869129148e-16,0.24995032743594908,1.6257996919510486e-17,0.04165863566827043,0.04165863566827043,0.04165863566827042,0.24995032743594897,0.47165863566827043
101.5,81.5793815929504,81.04415852837319,19.920618407049602,19.920618407049602,20.45584147162681,20.45584147162681,-0.535223064577215,0.535223064577215,5.551115123125783e-17,-1,1,C,20.455841471626815,0.0,9.356745177178099e-17,0.25631160374015094,1.2608344561080197e-16,0.04380967119650781,0.04380967119650781,0.04380967119650769,0.25631160374015083,0.4738096711965077
102.0,81.5793815929504,81.01648144490403,20.420618407049606,20.420618407049606,20.983518555095973,20.983518555095973,-0.5629001480463672,0.5629001480463672,-1.734723475976807e-18,-1,1,C,20.983518555095976,0.0,2.471072595554058e-16,0.2626629925790374,3.6580493068898596e-17,0.04601311421992494,0.04601311421992494,0.046013114219924905,0.2626629925790372,0.47601311421992487
102.5,81.5793815929504,80.98809068443362,20.9206184070496,20.9206184070496,21.51190931556638,21.51190931556638,-0.5912909085167815,0.5912909085167815,0.0,-1,1,C,21.51190931556639,0.0,2.0339290046307245e-16,0.2690040444805299,1.4234144253031245e-16,0.04826879155380171,0.04826879155380171,0.048268791553801565,0.26900404448052967,0.47826879155380153
103.0,81.5793815929504,80.9589857293448,21.42061840704961,21.42061840704961,22.041014270655207,22.041014270655207,-0.6203958636056024,0.6203958636056024,5.377642775528102e-17,-1,1,C,22.041014270655207,0.0,8.236908651846861e-17,0.27533431056572344,1.2193497689632864e-17,0.050576525706704796,0.050576525706704796,0.05057652570670478,0.2753343105657234,0.4805765257067048
103.5,81.5793815929504,80.92916613134103,21.920618407049602,21.920618407049602,22.570833868658966,22.570833868658966,-0.6502154616093666,0.6502154616093666,0.0,-1,1,C,22.570833868658966,0.0,6.611108959895812e-17,0.2816533425687045,1.2201894638092434e-16,0.05293613489369947,0.05293613489369947,0.052936134893699346,0.28165334256870445,0.48293613489369935
104.0,81.5793815929504,80.89863151254538,22.42061840704961,22.42061840704961,23.101368487454625,23.101368487454625,-0.6807500804050174,0.6807500804050174,5.551115123125783e-17,-1,1,C,23.101368487454632,0.0,2.471072595554058e-16,0.28796069285619563,3.6580493068898596e-17,0.0553474330500361,0.0553474330500361,0.05534743305003607,0.2879606928561954,0.4853474330500361
104.5,81.5793815929504,80.86738156660306,22.920618407049602,22.920618407049602,23.63261843339695,23.63261843339695,-0.7120000263473475,0.7120000263473475,-1.734723475976807e-18,-1,1,C,23.632618433396956,0.0,2.308492626358953e-16,0.2942559144470194,1.4640594176019006e-16,0.05781022984531613,0.05781022984531613,0.05781022984531598,0.29425591444701915,0.48781022984531597
105.0,81.5793815929504,80.83541605978628,23.42061840704961,23.42061840704961,24.164583940213717,24.164583940213717,-0.7439655331641123,0.7439655331641123,5.377642775528102e-17,-1,1,C,24.164583940213728,0.0,6.611108959895812e-17,0.3005385610313996,1.2201894638092434e-16,0.060324330698137606,0.060324330698137606,0.06032433069813748,0.30053856103139953,0.49032433069813747
105.5,81.5793815929504,80.80273483210156,23.920618407049602,23.920618407049602,24.697265167898447,24.697265167898447,-0.7766467608488403,0.7766467608488403,-5.551115123125783e-17,-1,1,C,24.697265167898447,0.0,6.611108959895812e-17,0.30680818699008755,1.2201894638092434e-16,0.06288953679122579,0.06288953679122579,0.06288953679122566,0.3068081869900875,0.49288953679122566
106.0,81.5793815929504,80.76933779839827,24.4206184070496,24.4206184070496,25.230662201601728,25.230662201601728,-0.8100437945521303,0.8100437945521303,-1.734723475976807e-18,-1,1,C,25.230662201601735,0.0,8.236908651846861e-17,0.3130643474133305,1.2193497689632864e-17,0.06550564508704985,0.06550564508704985,0.06550564508704984,0.31306434741333045,0.49550564508704986
106.5,81.5793815929504,80.73522494947895,24.920618407049606,24.920618407049606,25.764775050521052,25.764775050521052,-0.8441566434714466,0.8441566434714466,0.0,-1,1,C,25.76477505052105,0.0,2.308492626358953e-16,0.31930659811967804,1.4640594176019006e-16,0.06817244834392817,0.06817244834392817,0.06817244834392802,0.3193065981196778,0.49817244834392804
107.0,81.5793815929504,80.70039635321018,25.4206184070496,25.4206184070496,26.299603646789816,26.299603646789816,-0.8789852397402153,0.8789852397402153,0.0,-1,1,C,26.299603646789812,0.0,2.471072595554058e-16,0.3255344956746329,3.6580493068898596e-17,0.070889735132625,0.070889735132625,0.07088973513262496,0.32553449567463266,0.5008897351326249
107.5,81.5793815929504,80.66485215563361,25.92061840704961,25.92061840704961,26.8351478443664,26.8351478443664,-0.9145294373167925,0.9145294373167925,5.551115123125783e-17,-1,1,C,26.835147844366396,0.0,1.3728181086411434e-16,0.33174759740915727,2.0322496149388107e-17,0.07365728985344118,0.07365728985344118,0.07365728985344117,0.33174759740915716,0.5036572898534412
108.0,81.5793815929504,80.62859258207702,26.420618407049602,26.420618407049602,27.371407417922985,27.371407417922985,-0.9507890108733823,0.9507890108733823,-5.551115123125783e-17,-1,1,C,27.37140741792298,0.0,6.611108959895812e-17,0.33794546143802745,1.2201894638092434e-16,0.07647489275380101,0.07647489275380101,0.07647489275380089,0.3379454614380274,0.5064748927538009
108.5,81.5793815929504,80.59161793826418,26.92061840704961,26.92061840704961,27.908382061735836,27.908382061735836,-0.9877636546862267,0.9877636546862267,-3.469446951953614e-18,-1,1,C,27.90838206173584,0.0,2.471072595554058e-16,0.3441276466780557,3.6580493068898596e-17,0.07934238934080502,0.07934238934080502,0.07934238934080498,0.34412764667805545,0.509342389340805
109.0,81.5793815929504,80.553928611424,27.420618407049602,27.420618407049602,28.44607138857601,28.44607138857601,-1.0254529815264068,1.0254529815264068,0.0,-1,1,C,28.446071388576016,0.0,2.471072595554058e-16,0.3502937128661672,3.6580493068898596e-17,0.08226061130615826,0.08226061130615826,0.08226061130615822,0.35029371286616695,0.5122606113061582
109.5,81.5793815929504,80.51552507139706,27.92061840704961,27.92061840704961,28.98447492860295,28.98447492860295,-1.063856521553339,1.063856521553339,0.0,-1,1,C,28.984474928602953,0.0,3.865472742613525e-17,0.35644322057736455,1.1795444715104672e-16,0.08522828776727086,0.08522828776727086,0.08522828776727075,0.3564432205773645,0.5152282877672707
110.0,81.5793815929504,80.47640787174025,28.420618407049602,28.420618407049602,29.523592128259747,29.523592128259747,-1.1029737212101451,1.1029737212101451,0.0,-1,1,C,29.523592128259747,0.0,3.865472742613525e-17,0.36257573124255615,1.1795444715104672e-16,0.0882451851107356,0.0882451851107356,0.0882451851107355,0.3625757312425561,0.5182451851107355
110.5,81.5793815929504,80.43657765082837,28.9206184070496,28.9206184070496,30.06342234917163,30.06342234917163,-1.142803942122033,1.142803942122033,3.469446951953614e-18,-1,1,C,30.06342234917164,0.0,5.491272434564574e-17,0.3686908071662707,8.128998459755243e-18,0.09131106566406506,0.09131106566406506,0.09131106566406505,0.3686908071662706,0.521311065664065
111.0,81.5793815929504,80.39603513295141,29.420618407049606,29.420618407049606,30.603964867048585,30.603964867048585,-1.1833464599989818,1.1833464599989818,0.0,-1,1,C,30.603964867048585,0.0,2.1965089738258295e-16,0.3747880115442689,3.251599383902097e-17,0.09442568771568295,0.09442568771568295,0.09442568771568292,0.37478801154426866,0.5244256877156829
111.5,81.5793815929504,80.35478112940848,29.9206184070496,29.9206184070496,31.14521887059152,31.14521887059152,-1.2246004635419232,1.2246004635419232,0.0,-1,1,C,31.14521887059152,0.0,2.0339290046307245e-16,0.38086690848104415,1.4234144253031245e-16,0.09758880553541303,0.09758880553541303,0.0975888055354129,0.38086690848104393,0.5275888055354129
112.0,81.5793815929504,80.31281653959614,30.420618407049606,30.420618407049606,31.68718346040386,31.68718346040386,-1.2665650533542527,1.2665650533542527,0.0,-1,1,C,31.687183460403865,0.0,1.0982544869129148e-16,0.3869270630072307,1.6257996919510486e-17,0.10080016939546772,0.10080016939546772,0.10080016939546771,0.38692706300723057,0.5308001693954677
112.5,81.5793815929504,80.27014235209157,30.920618407049602,30.920618407049602,32.229857647908425,32.229857647908425,-1.3092392408588271,1.3092392408588271,0.0,-1,1,C,32.22985764790843,0.0,3.865472742613525e-17,0.39296804109692324,1.1795444715104672e-16,0.10405952559193668,0.10405952559193668,0.10405952559193657,0.3929680410969232,0.5340595255919366
113.0,81.5793815929504,80.22675964572902,31.42061840704961,31.42061840704961,32.77324035427099,32.77324035427099,-1.3526219472213834,1.3526219472213834,0.0,-1,1,C,32.77324035427099,0.0,1.4848017611742672e-16,0.3989894096849173,1.342124440705572e-16,0.10736661646677717,0.10736661646677717,0.10736661646677703,0.39898940968491714,0.537366616466777
113.5,81.5793815929504,80.18266959067022,31.920618407049602,31.920618407049602,33.317330409329784,33.317330409329784,-1.396712002280181,1.396712002280181,0.0,-1,1,C,33.31733040932979,0.0,1.4848017611742672e-16,0.4049907366838668,1.342124440705572e-16,0.11072118043030667,0.11072118043030667,0.11072118043030653,0.40499073668386665,0.5407211804303065
114.0,81.5793815929504,80.13787344946628,32.42061840704961,32.42061840704961,33.86212655053372,33.86212655053372,-1.441508143484117,1.441508143484117,0.0,-1,1,C,33.86212655053372,0.0,5.491272434564574e-17,0.41097159100138697,8.128998459755243e-18,0.11412295198419996,0.11412295198419996,0.11412295198419994,0.4109715910013869,0.5441229519841999
114.5,81.5793815929504,80.09237257811189,32.9206184070496,32.9206184070496,34.407627421888115,34.407627421888115,-1.4870090148385104,1.4870090148385104,0.0,-1,1,C,34.40762742188812,0.0,5.491272434564574e-17,0.4169315425570954,8.128998459755243e-18,0.11757166174498958,0.11757166174498958,0.11757166174498956,0.41693154255709536,0.5475716617449895
115.0,81.5793815929504,80.0461684270901,33.420618407049595,33.420618407049595,34.953831572909905,34.953831572909905,-1.5332131658603048,1.5332131658603048,0.0,-1,1,C,34.953831572909905,0.0,5.491272434564574e-17,0.42287016229960295,8.128998459755243e-18,0.12106703646807163,0.12106703646807163,0.12106703646807161,0.4228701622996029,0.5510670364680716
115.5,81.5793815929504,79.99926254240775,33.920618407049595,33.920618407049595,35.50073745759225,35.50073745759225,-1.580119050542656,1.580119050542656,3.469446951953614e-18,-1,1,C,35.50073745759225,0.0,3.865472742613525e-17,0.4287870222234652,1.1795444715104672e-16,0.12460879907221771,0.12460879907221771,0.1246087990722176,0.42878702222346515,0.5546087990722176
116.0,81.5793815929504,79.95165656661999,34.42061840704961,34.42061840704961,36.048343433380026,36.048343433380026,-1.6277250263304124,1.6277250263304124,0.0,-1,1,C,36.048343433380026,0.0,5.491272434564574e-17,0.43468169538610457,8.128998459755243e-18,0.12819666866459245,0.12819666866459245,0.12819666866459245,0.4346816953861045,0.5581966686645925
116.5,81.5793815929504,79.90335223984378,34.92061840704961,34.92061840704961,36.596647760156216,36.596647760156216,-1.6760293531066133,1.6760293531066133,-3.469446951953614e-18,-1,1,C,36.59664776015622,0.0,3.865472742613525e-17,0.4405537559247069,1.1795444715104672e-16,0.131831394922586,0.131831394922586,0.1318313949225859,0.44055375592470686,0.5618313949225859
117.0,81.5793815929504,79.85435140075926,35.4206184070496,35.4206184070496,37.14564859924075,37.14564859924075,-1.725030192191147,1.725030192191147,-3.469446951953614e-18,-1,1,C,37.14564859924075,0.0,5.491272434564574e-17,0.4464027790731092,8.128998459755243e-18,0.13551264854937306,0.13551264854937306,0.13551264854937306,0.44640277907310916,0.5655126485493731
117.5,81.5793815929504,79.8046559875982,35.920618407049595,35.920618407049595,37.695344012401804,37.695344012401804,-1.77472560535221,1.77472560535221,0.0,-1,1,C,37.69534401240181,0.0,0.0,0.45222834117868127,0.0,0.13923925975670778,0.13923925975670778,0.13923925975670778,0.45222834117868127,0.5692392597567077
118.0,81.5793815929504,79.75426803911903,36.420618407049616,36.420618407049616,38.24573196088099,38.24573196088099,-1.8251135538313759,1.8251135538313759,0.0,-1,1,C,38.245731960880995,0.0,5.491272434564574e-17,0.4580300197192147,8.128998459755243e-18,0.1430109350762456,0.1430109350762456,0.1430109350762456,0.45803001971921464,0.5730109350762456
118.5,81.5793815929504,79.7031896955671,36.92061840704961,36.92061840704961,38.79681030443291,38.79681030443291,-1.8761918973833,1.8761918973833,0.0,-1,1,C,38.79681030443292,0.0,1.0982544869129148e-16,0.46380739331983,1.6257996919510486e-17,0.14682737734819837,0.14682737734819837,0.14682737734819834,0.4638073933198299,0.5768273773481983
119.0,81.5793815929504,79.65142319961987,37.42061840704961,37.42061840704961,39.34857680038014,39.34857680038014,-1.9279583933305326,1.9279583933305326,1.1102230246251565e-16,-1,1,C,39.348576800380144,0.0,9.356745177178099e-17,0.46956004176991056,1.2608344561080197e-16,0.1506882857486011,0.1506882857486011,0.15068828574860096,0.46956004176991045,0.580688285748601
119.5,81.5793815929504,79.598970897316,37.920618407049595,37.920618407049595,39.901029102684,39.901029102684,-1.9804106956344036,1.9804106956344036,6.938893903907228e-18,-1,1,C,39.901029102684,0.0,1.0982544869129148e-16,0.475287546040071,1.6257996919510486e-17,0.15459335581706804,0.15459335581706804,0.154593355817068,0.4752875460400709,0.584593355817068
120.0,81.5793815929504,79.54583523896731,38.420618407049595,38.420618407049595,40.45416476103267,40.45416476103267,-2.0335463539830796,2.0335463539830796,0.0,-1,1,C,40.45416476103268,0.0,1.0982544869129148e-16,0.4809894882991773,1.6257996919510486e-17,0.15854227948504285,0.15854227948504285,0.15854227948504282,0.4809894882991772,0.5885422794850428
120.5,81.5793815929504,79.492018780053,38.92061840704961,38.92061840704961,41.00798121994701,41.00798121994701,-2.087362812897398,2.087362812897398,-1.1102230246251565e-16,-1,1,C,41.00798121994701,0.0,1.0982544869129148e-16,0.4866654519314265,1.6257996919510486e-17,0.16253474510453503,0.16253474510453503,0.162534745104535,0.4866654519314264,0.592534745104535
121.0,81.5793815929504,79.43752418209513,39.42061840704961,39.42061840704961,41.562475817904875,41.562475817904875,-2.1418574108552715,2.1418574108552715,0.0,-1,1,C,41.562475817904875,0.0,3.865472742613525e-17,0.4923150215534906,1.1795444715104672e-16,0.16657043747734762,0.16657043747734762,0.1665704374773475,0.49231502155349055,0.5965704374773475
121.5,81.5793815929504,79.3823542135146,39.9206184070496,39.9206184070496,42.1176457864854,42.1176457864854,-2.1970273794358004,2.1970273794358004,0.0,-1,1,C,42.1176457864854,0.0,5.491272434564574e-17,0.497937783031748,8.128998459755243e-18,0.1706490378847884,0.1706490378847884,0.1706490378847884,0.49793778303174796,0.6006490378847884
122.0,81.5793815929504,79.32651175046645,40.420618407049595,40.420618407049595,42.67348824953354,42.67348824953354,-2.2528698424839453,2.2528698424839453,0.0,-1,1,C,42.67348824953354,0.0,5.491272434564574e-17,0.5035333234996052,8.128998459755243e-18,0.17477022411786847,0.17477022411786847,0.17477022411786847,0.5035333234996052,0.6047702241178685
122.5,81.5793815929504,79.2699997776542,40.920618407049616,40.920618407049616,43.23000022234581,43.23000022234581,-2.3093818152961902,2.3093818152961902,0.0,-1,1,C,43.23000022234581,0.0,5.491272434564574e-17,0.5091012313749187,8.128998459755243e-18,0.17893367050797965,0.17893367050797965,0.17893367050797965,0.5091012313749187,0.6089336705079796
123.0,81.5793815929504,79.2128213891215,41.42061840704961,41.42061840704961,43.7871786108785,43.7871786108785,-2.366560203828891,2.366560203828891,0.0,-1,1,C,43.7871786108785,0.0,3.865472742613525e-17,0.5146410963775354,1.1795444715104672e-16,0.1831390479580522,0.1831390479580522,0.18313904795805208,0.5146410963775354,0.6131390479580521
123.5,81.5793815929504,79.1549797890206,41.9206184070496,41.9206184070496,44.345020210979406,44.345020210979406,-2.4244018039297996,2.4244018039297996,0.0,-1,1,C,44.345020210979406,0.0,0.0,0.520152509546966,0.0,0.1873860239741913,0.1873860239741913,0.1873860239741913,0.520152509546966,0.6173860239741913
124.0,81.5793815929504,79.09647829235718,42.420618407049595,42.420618407049595,44.90352170764282,44.90352170764282,-2.4829033005932195,2.4829033005932195,0.0,-1,1,C,44.903521707642824,0.0,5.491272434564574e-17,0.525635063260182,8.128998459755243e-18,0.19167426269778406,0.19167426269778406,0.19167426269778406,0.525635063260182,0.621674262697784
124.5,81.5793815929504,79.03732032570952,42.920618407049595,42.920618407049595,45.46267967429047,45.46267967429047,-2.54206126724088,2.54206126724088,0.0,-1,1,C,45.46267967429048,0.0,5.491272434564574e-17,0.531088351249581,8.128998459755243e-18,0.196005100265293,0.196005100265293,0.196005100265293,0.531088351249581,0.626005100265293
125.0,81.5793815929504,78.97750942792241,43.42061840704961,43.42061840704961,46.022490572077594,46.022490572077594,-2.601872165027979,2.601872165027979,0.0,-1,1,C,46.022490572077594,0.0,9.356745177178099e-17,0.5365119686210998,1.2608344561080197e-16,0.20037784098342393,0.20037784098342393,0.2003778409834238,0.5365119686210997,0.6303778409834238
125.5,81.5793815929504,78.91704925077335,43.92061840704961,43.92061840704961,46.58295074922667,46.58295074922667,-2.6623323421770593,2.6623323421770593,6.938893903907228e-18,-1,1,C,46.58295074922667,0.0,-1.6257996919510486e-17,0.5419055118725152,1.0982544869129148e-16,0.2047909538531836,0.2047909538531836,0.2047909538531835,0.5419055118725152,0.6347909538531835
126.0,81.5793815929504,78.85594355961166,44.4206184070496,44.4206184070496,47.14405644038834,47.14405644038834,-2.7234380333387422,2.7234380333387422,0.0,-1,1,C,47.14405644038834,0.0,9.356745177178099e-17,0.5472685789119208,1.2608344561080197e-16,0.20924409195944982,0.20924409195944982,0.20924409195944968,0.5472685789119207,0.6392440919594496
126.5,81.5793815929504,78.79419623396835,44.920618407049595,44.920618407049595,47.70580376603164,47.70580376603164,-2.7851853589820426,2.7851853589820426,-1.1102230246251565e-16,-1,1,C,47.705803766031636,0.0,0.0,0.5526007690764119,0.0,0.21373690516446703,0.21373690516446703,0.21373690516446703,0.5526007690764119,0.643736905164467
127.0,81.5793815929504,78.73181126813672,45.420618407049616,45.420618407049616,48.26818873186329,48.26818873186329,-2.847570324813674,2.847570324813674,0.0,-1,1,C,48.26818873186329,0.0,3.865472742613525e-17,0.5579016831509728,1.1795444715104672e-16,0.2182690401418211,0.2182690401418211,0.218269040141821,0.5579016831509728,0.648269040141821
127.5,81.5793815929504,78.66879277172154,45.92061840704961,45.92061840704961,48.831207228278465,48.831207228278465,-2.9105888212288558,2.9105888212288558,-6.938893903907228e-18,-1,1,C,48.83120722827847,0.0,9.356745177178099e-17,0.5631709233875999,1.2608344561080197e-16,0.22284014041085,0.22284014041085,0.22284014041084987,0.5631709233875998,0.6528401404108499
128.0,81.5793815929504,78.60514497015755,46.4206184070496,46.4206184070496,49.394855029842454,49.394855029842454,-2.974236622792847,2.974236622792847,0.0,-1,1,C,49.394855029842454,0.0,3.865472742613525e-17,0.5684080935246469,1.1795444715104672e-16,0.22744984637149093,0.22744984637149093,0.22744984637149082,0.5684080935246469,0.6574498463714908
128.5,81.5793815929504,78.54087220519486,46.920618407049595,46.920618407049595,49.959127794805134,49.959127794805134,-3.038509387755539,3.038509387755539,-6.938893903907228e-18,-1,1,C,49.959127794805134,0.0,9.356745177178099e-17,0.5736127988064278,1.2608344561080197e-16,0.23209779533955485,0.23209779533955485,0.2320977953395547,0.5736127988064277,0.6620977953395547
129.0,81.5793815929504,78.47597893535092,47.420618407049595,47.420618407049595,50.52402106464907,50.52402106464907,-3.1034026575994784,3.1034026575994784,0.0,-1,1,C,50.52402106464907,0.0,1.0982544869129148e-16,0.5787846460030767,1.6257996919510486e-17,0.23678362158242433,0.23678362158242433,0.2367836215824243,0.5787846460030766,0.6667836215824243
129.5,81.5793815929504,78.41046973632811,47.92061840704961,47.92061840704961,51.089530263671904,51.089530263671904,-3.168911856622292,3.168911856622292,6.938893903907228e-18,-1,1,C,51.089530263671904,0.0,1.0982544869129148e-16,0.5839232434306817,1.6257996919510486e-17,0.24150695635516967,0.24150695635516967,0.24150695635516964,0.5839232434306816,0.6715069563551697
130.0,81.5793815929504,78.34434930139626,48.42061840704961,48.42061840704961,51.65565069860374,51.65565069860374,-3.2350322915541345,3.2350322915541345,6.938893903907228e-18,-1,1,C,51.65565069860374,0.0,5.491272434564574e-17,0.5890282009716967,8.128998459755243e-18,0.24626742793707448,0.24626742793707448,0.24626742793707448,0.5890282009716967,0.6762674279370745
130.5,81.5793815929504,78.27762244173842,48.9206184070496,48.9206184070496,52.222377558261584,52.222377558261584,-3.301759151211986,3.301759151211986,0.0,-1,1,C,52.222377558261584,0.0,5.491272434564574e-17,0.5940991300956608,8.128998459755243e-18,0.2510646616685685,0.2510646616685685,0.2510646616685685,0.5940991300956608,0.6810646616685685
131.0,81.5793815929504,78.21029408675965,49.420618407049595,49.420618407049595,52.789705913240354,52.789705913240354,-3.3690875061907573,3.3690875061907573,-6.938893903907228e-18,-1,1,C,52.78970591324035,0.0,5.491272434564574e-17,0.5991356438802167,8.128998459755243e-18,0.25589827998855696,0.25589827998855696,0.25589827998855696,0.5991356438802167,0.6858982799885569
131.5,81.5793815929504,78.14236928435783,49.920618407049616,49.920618407049616,53.35763071564219,53.35763071564219,-3.437012308592574,3.437012308592574,0.0,-1,1,C,53.357630715642195,0.0,9.356745177178099e-17,0.6041373570324523,1.2608344561080197e-16,0.26076790247214227,0.26076790247214227,0.26076790247214215,0.6041373570324522,0.6907679024721421
132.0,81.5793815929504,78.07385320115519,50.42061840704961,50.42061840704961,53.926146798844826,53.926146798844826,-3.505528391795216,3.505528391795216,0.0,-1,1,C,53.926146798844826,0.0,5.491272434564574e-17,0.6091038859105734,8.128998459755243e-18,0.2656731458687274,0.2656731458687274,0.2656731458687274,0.6091038859105734,0.6956731458687274
132.5,81.5793815929504,78.0047511226901,50.9206184070496,50.9206184070496,54.49524887730991,54.49524887730991,-3.5746304702603084,3.5746304702603084,0.0,-1,1,C,54.49524887730992,0.0,9.356745177178099e-17,0.6140348485459217,1.2608344561080197e-16,0.2706136241404995,0.2706136241404995,0.2706136241404994,0.6140348485459216,0.7006136241404994
133.0,81.5793815929504,77.93506845356778,51.420618407049595,51.420618407049595,55.06493154643221,55.06493154643221,-3.644313139382614,3.644313139382614,0.0,-1,1,C,55.06493154643222,0.0,5.491272434564574e-17,0.6189298646653448,8.128998459755243e-18,0.27559253855493376,0.27559253855493376,0.27559253855493376,0.6189298646653448,0.7055925385549338
133.5,81.5793815929504,77.86481071756994,51.920618407049595,51.920618407049595,55.63518928243006,55.63518928243006,-3.714570875380467,3.714570875380467,0.0,-1,1,C,55.63518928243006,0.0,-1.6257996919510486e-17,0.623788555713929,1.0982544869129148e-16,0.2806064679582845,0.2806064679582845,0.28060646795828437,0.623788555713929,0.7106064679582844
134.0,81.5793815929504,77.79398355772099,52.42061840704961,52.42061840704961,56.206016442279015,56.206016442279015,-3.7853980352294037,3.7853980352294037,0.0,-1,1,C,56.20601644227902,0.0,-1.6257996919510486e-17,0.6286105448781151,1.0982544869129148e-16,0.28565460960040695,0.28565460960040695,0.28565460960040684,0.6286105448781151,0.7156546096004068
134.5,81.5793815929504,77.72259273631171,52.92061840704961,52.92061840704961,56.777407263688296,56.777407263688296,-3.856788856638688,3.856788856638688,0.0,-1,1,C,56.77740726368829,0.0,1.8713490354356198e-16,0.6333954571091944,2.5216689122160395e-16,0.2907365681755557,0.2907365681755557,0.29073656817555543,0.6333954571091942,0.7207365681755554
135.0,81.5793815929504,77.65064413487787,53.4206184070496,53.4206184070496,57.349355865122135,57.349355865122135,-3.928737458072534,3.928737458072534,0.0,-1,1,C,57.349355865122135,0.0,-1.6257996919510486e-17,0.6381429191472068,1.0982544869129148e-16,0.2958519457484416,0.2958519457484416,0.2958519457484415,0.6381429191472068,0.7258519457484415
135.5,81.5793815929504,77.57814375413473,53.920618407049595,53.920618407049595,57.92185624586527,57.92185624586527,-4.001237838815674,4.001237838815674,0.0,-1,1,C,57.92185624586527,0.0,-1.6257996919510486e-17,0.6428525595452411,1.0982544869129148e-16,0.3010003417938876,0.3010003417938876,0.3010003417938875,0.6428525595452411,0.7310003417938875
136.0,81.5793815929504,77.50509771386479,54.420618407049616,54.420618407049616,58.49490228613522,58.49490228613522,-4.07428387908561,4.07428387908561,0.0,-1,1,C,58.49490228613522,0.0,1.0982544869129148e-16,0.6475240086941577,1.6257996919510486e-17,0.3061813532368049,0.3061813532368049,0.3061813532368049,0.6475240086941576,0.7361813532368049
136.5,81.5793815929504,77.43151225275965,54.92061840704961,54.92061840704961,59.06848774724037,59.06848774724037,-4.147869340190761,4.147869340190761,1.3877787807814457e-17,-1,1,C,59.06848774724037,0.0,-1.6257996919510486e-17,0.6521568988477314,1.0982544869129148e-16,0.3113945744924752,0.3113945744924752,0.3113945744924751,0.6521568988477314,0.741394574492475
137.0,81.5793815929504,77.35739372821395,55.4206184070496,55.4206184070496,59.64260627178605,59.64260627178605,-4.221987864736445,4.221987864736445,0.0,-1,1,C,59.64260627178605,0.0,-1.6257996919510486e-17,0.6567508641482345,1.0982544869129148e-16,0.31663959750713383,0.31663959750713383,0.3166395975071337,0.6567508641482345,0.7466395975071337
137.5,81.5793815929504,77.2827486160716,55.9206184070496,55.9206184070496,60.2172513839284,60.2172513839284,-4.296632976878799,4.296632976878799,1.1102230246251565e-16,-1,1,C,60.2172513839284,0.0,1.0982544869129148e-16,0.6613055406524628,1.6257996919510486e-17,0.3219160117988398,0.3219160117988398,0.3219160117988398,0.6613055406524627,0.7519160117988397
138.0,81.5793815929504,77.20758351032286,56.420618407049595,56.420618407049595,60.79241648967712,60.79241648967712,-4.371798082627534,4.371798082627534,0.0,-1,1,C,60.79241648967712,0.0,9.356745177178099e-17,0.6658205663582125,1.2608344561080197e-16,0.3272234044986244,0.3272234044986244,0.3272234044986243,0.6658205663582124,0.7572234044986244
138.5,81.5793815929504,77.13190512275231,56.92061840704961,56.92061840704961,61.3680948772477,61.3680948772477,-4.447476470198088,4.447476470198088,0.0,-1,1,C,61.3680948772477,0.0,1.0169645023153623e-16,0.6702955812312159,7.117072126515622e-17,0.33256136039190765,0.33256136039190765,0.3325613603919076,0.6702955812312158,0.7625613603919076
139.0,81.5793815929504,77.05572028253627,57.42061840704961,57.42061840704961,61.944279717463736,61.944279717463736,-4.523661310414131,4.523661310414131,0.0,-1,1,C,61.944279717463736,0.0,0.0,0.674730227232549,0.0,0.33792946196017115,0.33792946196017115,0.33792946196017115,0.674730227232549,0.7679294619601711
139.5,81.5793815929504,76.97903593578944,57.9206184070496,57.9206184070496,62.52096406421057,62.52096406421057,-4.600345657160964,4.600345657160964,0.0,-1,1,C,62.52096406421057,0.0,2.80702355315343e-16,0.6791241483465127,3.7825033683240587e-16,0.3433272894228782,0.3433272894228782,0.3433272894228778,0.6791241483465124,0.7733272894228778
140.0,81.5793815929504,76.90185914506058,58.420618407049595,58.420618407049595,63.098140854939416,63.098140854939416,-4.677522447889819,4.677522447889819,0.0,-1,1,C,63.098140854939416,0.0,0.0,0.6834769906089883,0.0,0.348754420779626,0.348754420779626,0.348754420779626,0.6834769906089883,0.778754420779626
140.5,81.5793815929504,76.82419708877563,58.920618407049616,58.920618407049616,63.67580291122439,63.67580291122439,-4.755184504174772,4.755184504174772,0.0,-1,1,C,63.67580291122439,0.0,-1.6257996919510486e-17,0.6877884021362919,1.0982544869129148e-16,0.35421043185252377,0.35421043185252377,0.35421043185252366,0.6877884021362919,0.7842104318525236
141.0,81.5793815929504,76.7460570606287,59.42061840704961,59.42061840704961,64.2539429393713,64.2539429393713,-4.833324532321695,4.833324532321695,0.0,-1,1,C,64.2539429393713,0.0,2.80702355315343e-16,0.6920580331545105,3.7825033683240587e-16,0.35969489632877805,0.35969489632877805,0.35969489632877766,0.6920580331545102,0.7896948963287777
141.5,81.5793815929504,76.6674464689199,59.9206184070496,59.9206184070496,64.8325535310801,64.8325535310801,-4.911935124030492,4.911935124030492,-1.3877787807814457e-17,-1,1,C,64.8325535310801,0.0,-8.128998459755243e-18,0.6962855360293388,5.491272434564574e-17,0.36520744102050157,0.36520744102050157,0.3652074410205015,0.6962855360293388,0.7952074410205014
142.0,81.5793815929504,76.58837283583948,60.420618407049595,60.420618407049595,65.41162716416052,65.41162716416052,-4.991008757110927,4.991008757110927,0.0,-1,1,C,65.41162716416052,0.0,-2.0339290046307245e-16,0.7004705652964263,-1.4234144253031245e-16,0.3707527134859285,0.3707527134859285,0.37075271348592864,0.7004705652964265,0.8007527134859287
142.5,81.5793815929504,76.50884379669851,60.920618407049595,60.920618407049595,65.99115620330149,65.99115620330149,-5.070537796251891,5.070537796251891,0.0,-1,1,C,65.99115620330149,0.0,-8.128998459755243e-18,0.7046127776922125,5.491272434564574e-17,0.3763253025376439,0.3763253025376439,0.37632530253764385,0.7046127776922125,0.8063253025376438
143.0,81.5793815929504,76.42886709910461,61.42061840704961,61.42061840704961,66.5711329008954,66.5711329008954,-5.1505144938457885,5.1505144938457885,0.0,-1,1,C,66.5711329008954,0.0,-8.128998459755243e-18,0.7087118321852885,5.491272434564574e-17,0.38192477443310224,0.38192477443310224,0.3819247744331022,0.7087118321852885,0.8119247744331022
143.5,81.5793815929504,76.34845060208339,61.92061840704961,61.92061840704961,67.15154939791661,67.15154939791661,-5.230930990867009,5.230930990867009,0.0,-1,1,C,67.15154939791661,0.0,2.438699537926573e-17,0.7127673900082586,-1.6473817303693721e-16,0.387550693457284,0.387550693457284,0.38755069345728416,0.7127673900082586,0.8175506934572841
144.0,81.5793815929504,76.26760227514465,62.4206184070496,62.4206184070496,67.73239772485535,67.73239772485535,-5.311779317805742,5.311779317805742,-1.3877787807814457e-17,-1,1,C,67.73239772485535,0.0,1.0169645023153623e-16,0.7167791146901215,7.117072126515622e-17,0.39320262196555383,0.39320262196555383,0.3932026219655538,0.7167791146901213,0.8232026219655537
144.5,81.5793815929504,76.1863301972933,62.920618407049595,62.920618407049595,68.31366980270668,68.31366980270668,-5.393051395657095,5.393051395657095,0.0,-1,1,C,68.31366980270668,0.0,1.708769066240515e-16,0.7207466720891612,3.619923399128954e-16,0.3988801204266536,0.3988801204266536,0.3988801204266532,0.720746672089161,0.8288801204266532
145.0,81.5793815929504,76.10464255598458,63.420618407049616,63.420618407049616,68.89535744401543,68.89535744401543,-5.47473903696582,5.47473903696582,0.0,-1,1,C,68.89535744401543,0.0,-8.543845331202575e-17,0.7246697304263577,-1.809961699564477e-16,0.40458274746582185,0.40458274746582185,0.404582747465822,0.7246697304263578,0.8345827474658221
145.5,81.5793815929504,76.02254764602384,63.92061840704961,63.92061840704961,69.47745235397618,69.47745235397618,-5.556833946926566,5.556833946926566,0.0,-1,1,C,69.47745235397618,0.0,-1.6257996919510486e-17,0.728547960319309,1.0982544869129148e-16,0.41031005990802305,0.41031005990802305,0.41031005990802294,0.728547960319309,0.8403100599080229
146.0,81.5793815929504,75.94005386840973,64.4206184070496,64.4206184070496,70.05994613159027,70.05994613159027,-5.6393277245406646,5.6393277245406646,0.0,-1,1,C,70.05994613159027,0.0,1.708769066240515e-16,0.7323810348166712,3.619923399128954e-16,0.4160616128212788,0.4160616128212788,0.4160616128212784,0.7323810348166709,0.8460616128212783
146.5,81.5793815929504,75.85716972912225,64.9206184070496,64.9206184070496,70.64283027087774,70.64283027087774,-5.7222118638281465,5.7222118638281465,1.3877787807814457e-17,-1,1,C,70.64283027087774,0.0,-1.6257996919510486e-17,0.7361686294331038,1.0982544869129148e-16,0.42183695956008316,0.42183695956008316,0.42183695956008305,0.7361686294331038,0.851836959560083
147.0,81.5793815929504,75.77390383785358,65.42061840704959,65.42061840704959,71.22609616214642,71.22609616214642,-5.805477755096821,5.805477755096821,0.0,-1,1,C,71.22609616214642,0.0,-9.356745177178099e-17,0.7399104221847393,-1.2608344561080197e-16,0.4276356518088911,0.4276356518088911,0.42763565180889124,0.7399104221847395,0.8576356518088912
147.5,81.5793815929504,75.69026490668372,65.92061840704962,65.92061840704962,71.80973509331629,71.80973509331629,-5.889116686266674,5.889116686266674,0.0,-1,1,C,71.80973509331629,0.0,1.6274790816429626e-16,0.7436060936251463,4.1690506425854116e-16,0.43345723962566657,0.43345723962566657,0.4334572396256661,0.7436060936251462,0.8634572396256661
148.0,81.5793815929504,75.60626174869945,66.4206184070496,66.4206184070496,72.39373825130055,72.39373825130055,-5.973119844250941,5.973119844250941,0.0,-1,1,C,72.39373825130055,0.0,-1.6257996919510486e-17,0.7472553268817999,1.0982544869129148e-16,0.43930127148547604,0.43930127148547604,0.43930127148547593,0.7472553268817999,0.869301271485476
148.5,81.5793815929504,75.52190327655732,66.9206184070496,66.9206184070496,72.97809672344268,72.97809672344268,-6.057478316393076,6.057478316393076,0.0,-1,1,C,72.97809672344268,0.0,-6.918045639251525e-17,0.7508578076930602,-2.908216186477392e-16,0.4451672943241171,0.4451672943241171,0.4451672943241174,0.7508578076930603,0.8751672943241173
149.0,81.5793815929504,75.43719850099082,67.42061840704959,67.42061840704959,73.56280149900918,73.56280149900918,-6.142183091959586,6.142183091959586,-1.3877787807814457e-17,-1,1,C,73.56280149900918,0.0,1.0169645023153623e-16,0.7544132244456356,7.117072126515622e-17,0.45105485358176317,0.45105485358176317,0.4510548535817631,0.7544132244456355,0.881054853581763
149.5,81.5793815929504,75.35215652926165,67.92061840704962,67.92061840704962,74.14784347073837,74.14784347073837,-6.227225063688751,6.227225063688751,0.0,-1,1,C,74.14784347073837,0.0,-1.6257996919510486e-17,0.7579212682125333,1.0982544869129148e-16,0.45696349324661695,0.45696349324661695,0.45696349324661684,0.7579212682125333,0.8869634932466168
150.0,81.5793815929504,75.26678656355558,68.4206184070496,68.4206184070496,74.73321343644442,74.73321343644442,-6.312595029394809,6.312595029394809,0.0,-1,1,C,74.73321343644442,0.0,3.251599383902097e-17,0.7613816327914981,-2.1965089738258295e-16,0.46289275589855194,0.46289275589855194,0.46289275589855217,0.7613816327914981,0.8928927558985522
150.5,81.5793815929504,75.1810978993231,68.9206184070496,68.9206184070496,75.31890210067691,75.31890210067691,-6.398283693627299,6.398283693627299,0.0,-1,1,C,75.31890210067691,0.0,9.356745177178099e-17,0.7647940147439191,1.2608344561080197e-16,0.46884218275273887,0.46884218275273887,0.46884218275273876,0.764794014743919,0.8988421827527387
151.0,81.5793815929504,75.09509992356446,69.4206184070496,69.4206184070496,75.90490007643554,75.90490007643554,-6.484281669385935,6.484281669385935,0.0,-1,1,C,75.90490007643554,0.0,5.2922459473004775e-17,0.7681581134342045,4.0064706733903066e-16,0.47481131370323065,0.47481131370323065,0.47481131370323026,0.7681581134342045,0.9048113137032303
151.5,81.5793815929504,75.00880211306139,69.92061840704959,69.92061840704959,76.49119788693861,76.49119788693861,-6.570579479889009,6.570579479889009,0.0,-1,1,C,76.49119788693861,0.0,-1.6257996919510486e-17,0.771473631069605,1.0982544869129148e-16,0.4808002307837363,0.4808002307837363,0.4808002307837362,0.771473631069605,0.9108002307837362
152.0,81.5793815929504,74.92221403255347,70.42061840704962,70.42061840704962,77.07778596744654,77.07778596744654,-6.657167560396928,6.657167560396928,0.0,-1,1,C,77.07778596744654,0.0,-8.128998459755243e-18,0.7747402727404955,5.491272434564574e-17,0.4868136790490326,0.4868136790490326,0.48681367904903255,0.7747402727404955,0.9168136790490325
152.5,81.5793815929504,74.83534533286162,70.9206184070496,70.9206184070496,77.6646546671384,77.6646546671384,-6.744036260088782,6.744036260088782,-1.3877787807814457e-17,-1,1,C,77.6646546671384,0.0,1.6274790816429626e-16,0.7779577464610767,4.1690506425854116e-16,0.4928455842724884,0.4928455842724884,0.492845584272488,0.7779577464610766,0.922845584272488
153.0,81.5793815929504,74.74820574895791,71.4206184070496,71.4206184070496,78.25179425104209,78.25179425104209,-6.831175843992484,6.831175843992484,0.0,-1,1,C,78.25179425104209,0.0,-1.6257996919510486e-17,0.7811257632105102,1.0982544869129148e-16,0.49889548101094033,0.49889548101094033,0.4988954810109402,0.7811257632105102,0.9288954810109402
153.5,81.5793815929504,74.6608050979835,71.92061840704959,71.92061840704959,78.83919490201649,78.83919490201649,-6.918576494966897,6.918576494966897,0.0,-1,1,C,78.83919490201649,0.0,-7.73094548522705e-17,0.784244036974459,-2.3590889430209345e-16,0.5049629026541218,0.5049629026541218,0.504962902654122,0.7842440369744591,0.934962902654122
154.0,81.5793815929504,74.57315327721406,72.42061840704962,72.42061840704962,79.42684672278595,79.42684672278595,-7.00622831573634,7.00622831573634,0.0,-1,1,C,79.42684672278595,0.0,5.2922459473004775e-17,0.7873122847870265,4.0064706733903066e-16,0.5110473814674569,0.5110473814674569,0.5110473814674564,0.7873122847870265,0.9410473814674565
154.5,81.5793815929504,74.48526026197442,72.9206184070496,72.9206184070496,80.01473973802558,80.01473973802558,-7.094121330975977,7.094121330975977,0.0,-1,1,C,80.01473973802558,0.0,-8.128998459755243e-18,0.7903302267730737,5.491272434564574e-17,0.5171484486347528,0.5171484486347528,0.5171484486347528,0.7903302267730737,0.9471484486347528
155.0,81.5793815929504,74.3971361035028,73.4206184070496,73.4206184070496,80.6028638964972,80.6028638964972,-7.182245489447591,7.182245489447591,0.0,-1,1,C,80.6028638964972,0.0,3.251599383902097e-17,0.7932975861909114,-2.1965089738258295e-16,0.5232656343007829,0.5232656343007829,0.5232656343007831,0.7932975861909114,0.953265634300783
155.5,81.5793815929504,74.30879092676503,73.9206184070496,73.9206184070496,81.19120907323497,81.19120907323497,-7.2705906661853685,7.2705906661853685,0.0,-1,1,C,81.19120907323497,0.0,1.0169645023153623e-16,0.7962140894753398,7.117072126515622e-17,0.5293984676137408,0.5293984676137408,0.5293984676137407,0.7962140894753397,0.9593984676137406
156.0,81.5793815929504,74.2202349282204,74.42061840704959,74.42061840704959,81.7797650717796,81.7797650717796,-7.359146664729995,7.359146664729995,0.0,-1,1,C,81.7797650717796,0.0,2.725733568555877e-16,0.7990794662810223,4.331630611780516e-16,0.5355464767675596,0.5355464767675596,0.5355464767675592,0.7990794662810221,0.9655464767675592
156.5,81.5793815929504,74.13147837353986,74.92061840704962,74.92061840704962,82.36852162646015,82.36852162646015,-7.447903219410535,7.447903219410535,-2.7755575615628914e-17,-1,1,C,82.36852162646015,0.0,6.105145793276002e-17,0.8018934495261755,3.457343429933849e-16,0.5417091890440835,0.5417091890440835,0.5417091890440832,0.8018934495261754,0.9717091890440832
157.0,81.5793815929504,74.0425315952765,75.4206184070496,75.4206184070496,82.9574684047235,82.9574684047235,-7.5368499976738965,7.5368499976738965,0.0,-1,1,C,82.9574684047235,0.0,1.0169645023153623e-16,0.8046557754365686,7.117072126515622e-17,0.5478861308550754,0.5478861308550754,0.5478861308550753,0.8046557754365685,0.9778861308550753
157.5,81.5793815929504,73.95340499049118,75.9206184070496,75.9206184070496,83.54659500950882,83.54659500950882,-7.625976602459218,7.625976602459218,0.0,-1,1,C,83.54659500950882,0.0,5.2922459473004775e-17,0.807366183589795,4.0064706733903066e-16,0.5540768277840568,0.5540768277840568,0.5540768277840563,0.807366183589795,0.9840768277840564
158.0,81.5793815929504,73.86410901833288,76.42061840704959,76.42061840704959,84.13589098166712,84.13589098166712,-7.715272574617516,7.715272574617516,-2.7755575615628914e-17,-1,1,C,84.13589098166712,0.0,-1.6257996919510486e-17,0.8100244169597981,1.0982544869129148e-16,0.5602808046279626,0.5602808046279626,0.5602808046279625,0.8100244169597981,0.9902808046279625
158.5,81.5793815929504,73.7746541975753,76.92061840704962,76.92061840704962,84.72534580242471,84.72534580242471,-7.804727395375096,7.804727395375096,0.0,-1,1,C,84.72534580242471,0.0,-8.128998459755243e-18,0.8126302219616599,5.491272434564574e-17,0.5664975854386023,0.5664975854386023,0.5664975854386023,0.8126302219616599,0.9964975854386022
159.0,81.5793815929504,73.68505110411125,77.4206184070496,77.4206184070496,85.31494889588875,85.31494889588875,-7.894330488839145,7.894330488839145,0.0,-1,1,C,85.31494889588875,0.0,5.2922459473004775e-17,0.8151833484965867,4.0064706733903066e-16,0.5727266935639144,0.5727266935639144,0.5727266935639139,0.8151833484965867,1.0027266935639139
159.5,81.5793815929504,73.5953103684059,77.9206184070496,77.9206184070496,85.9046896315941,85.9046896315941,-7.984071224544492,7.984071224544492,0.0,-1,1,C,85.9046896315941,0.0,-1.6257996919510486e-17,0.8176835499971004,1.0982544869129148e-16,0.5789676516890111,0.5789676516890111,0.578967651689011,0.8176835499971004,1.008967651689011
160.0,81.5793815929504,73.5054426729096,78.4206184070496,78.4206184070496,86.4945573270904,86.4945573270904,-8.073938920040801,8.073938920040801,0.0,-1,1,C,86.4945573270904,0.0,5.2922459473004775e-17,0.8201305834724153,4.0064706733903066e-16,0.5852199818769912,0.5852199818769912,0.5852199818769908,0.8201305834724153,1.0152199818769907
160.5,81.5793815929504,73.41545874943242,78.92061840704959,78.92061840704959,87.08454125056758,87.08454125056758,-8.163922843517986,8.163922843517986,0.0,-1,1,C,87.08454125056758,0.0,-1.2193497689632864e-17,0.8225242095539482,8.236908651846861e-17,0.5914832056095229,0.5914832056095229,0.5914832056095228,0.8225242095539482,1.0214832056095229
161.0,81.5793815929504,73.32536937648152,79.42061840704962,79.42061840704962,87.67463062351848,87.67463062351848,-8.254012216468878,8.254012216468878,0.0,-1,1,C,87.67463062351848,0.0,-1.2193497689632864e-17,0.8248641925409738,8.236908651846861e-17,0.5977568438271799,0.5977568438271799,0.5977568438271798,0.8248641925409738,1.0277568438271798
161.5,81.5793815929504,73.2351853765622,79.9206184070496,79.9206184070496,88.26481462343781,88.26481462343781,-8.344196216388202,8.344196216388202,0.0,-1,1,C,88.26481462343781,0.0,3.251599383902097e-17,0.8271503004463749,-2.1965089738258295e-16,0.6040404169695217,0.6040404169695217,0.6040404169695219,0.8271503004463749,1.0340404169695219
162.0,81.5793815929504,73.14491761344513,80.4206184070496,80.4206184070496,88.85508238655487,88.85508238655487,-8.43446397950527,8.43446397950527,0.0,-1,1,C,88.85508238655487,0.0,-1.2193497689632864e-17,0.8293823050424749,8.236908651846861e-17,0.6103334450149167,0.6103334450149167,0.6103334450149166,0.8293823050424749,1.0403334450149166
162.5,81.5793815929504,73.05457698940026,80.92061840704959,80.92061840704959,89.44542301059974,89.44542301059974,-8.52480460355014,8.52480460355014,0.0,-1,1,C,89.44542301059974,0.0,5.698695870288239e-17,0.8315599819069235,3.731907051662078e-16,0.6166354475200886,0.6166354475200886,0.6166354475200883,0.8315599819069234,1.0466354475200883
163.0,81.5793815929504,72.97369073139656,81.42061840704962,81.42061840704962,90.02630926860346,90.02630926860346,-8.605690861553835,8.605690861553835,0.0,-1,1,CbC,90.00000000000003,0.02630926860344254,-5.0232241366618007e-05,0.8334624059451292,-0.0003324381078110667,0.6222816635750765,0.6222816635750765,0.6226141016828876,0.8335126381864958,1.0526141016828876
163.5,81.5793815929504,73.0400855347871,81.9206184070496,81.9206184070496,90.45991446521292,90.45991446521292,-8.539296058163306,8.539296058163306,0.0,-1,1,CbC,89.99999999999999,0.4599144652129213,-0.0008493769628010196,0.8319507408924176,-0.005815631322791324,0.6176432500172476,0.6176432500172476,0.6234588813400389,0.8328001178552187,1.053458881340039
164.0,81.5793815929504,73.10645649950146,82.4206184070496,82.4206184070496,90.89354350049854,90.89354350049854,-8.472925093448941,8.472925093448941,0.0,-1,1,CbC,90.00000000000001,0.8935435004984997,-0.001594332849628558,0.8304924027890869,-0.011306816571732048,0.6129957043602863,0.6129957043602863,0.6243025209320183,0.8320867356387154,1.0543025209320183
164.5,81.5793815929504,73.17280042819772,82.9206184070496,82.9206184070496,91.32719957180228,91.32719957180228,-8.406581164752685,8.406581164752685,0.0,-1,1,CbC,90.00000000000001,1.3271995718022764,-0.002285038711395213,0.8290874894334656,-0.016805553501496397,0.6083394261465455,0.6083394261465455,0.6251449796480418,0.8313725281448607,1.0551449796480419
165.0,81.5793815929504,73.23911412621766,83.42061840704959,83.42061840704959,91.76088587378233,91.76088587378233,-8.340267466732739,8.340267466732739,0.0,-1,1,CbC,89.99999999999999,1.7608858737823616,-0.00292143737342592,0.8277360947928545,-0.022311401190186528,0.6036748156860307,0.6036748156860307,0.6259862168762171,0.8306575321662804,1.055986216876217
165.5,81.5793815929504,73.30539440148775,83.92061840704962,83.92061840704962,92.19460559851227,92.19460559851227,-8.273987191462657,8.273987191462657,0.0,-1,1,CbC,90.00000000000001,2.1946055985122253,-0.0035034756820585184,0.8264383089984361,-0.027823918184552904,0.5990022740179296,0.5990022740179296,0.6268261922024825,0.8299417846804946,1.0568261922024824
166.0,81.5793815929504,73.3716380644205,84.4206184070496,84.4206184070496,92.6283619355795,92.6283619355795,-8.207743528529901,8.207743528529901,0.0,-1,1,CbC,90.00000000000001,2.6283619355794756,-0.004031104509570366,0.8251942183404811,-0.03334266253743861,0.5943222028720963,0.5943222028720963,0.6276648654095348,0.8292253228500515,1.0576648654095349
166.5,81.5793815929504,73.43784192781582,84.9206184070496,84.9206184070496,93.06215807218418,93.06215807218418,-8.141539665134573,8.141539665134573,0.0,-1,1,CbC,90.00000000000001,3.0621580721841806,-0.00450427875879893,0.8240039052638356,-0.03886719184525012,0.589635004630495,0.589635004630495,0.6285021964757451,0.8285081840226345,1.058502196475745
167.0,81.5793815929504,73.5040028067629,85.42061840704959,85.42061840704959,93.49599719323709,93.49599719323709,-8.075378786187496,8.075378786187496,0.0,-1,1,CbC,90.00000000000001,3.49599719323707,-0.004922957367453988,0.8228674483637028,-0.04439706328546733,0.5849410822885978,0.5849410822885978,0.6293381455740651,0.8277904057311568,1.0593381455740651
167.5,81.5793815929504,73.57011751854239,85.92061840704962,85.92061840704962,93.92988248145762,93.92988248145762,-8.009264074408009,8.009264074408009,0.0,-1,1,CbC,89.99999999999996,3.9298824814576543,-0.005287103312125526,0.821784922381709,-0.0499318336541787,0.5802408394167411,0.5802408394167411,0.6301726730709198,0.8270720256938345,1.0601726730709198
168.0,81.5793815929504,73.63618288252866,86.4206184070496,86.4206184070496,94.36381711747134,94.36381711747134,-7.943198710421735,7.943198710421735,0.0,-1,1,CbC,90.00000000000001,4.363817117471336,-0.0055966836119797705,0.8207563982022655,-0.0554710594036362,0.5755346801214556,0.5755346801214556,0.6310057395250918,0.8263530818142453,1.0610057395250918
168.5,81.5793815929504,73.70219572009312,86.9206184070496,86.9206184070496,94.79780427990688,94.79780427990688,-7.877185872857287,7.877185872857287,0.0,-1,1,CbC,90.00000000000001,4.7978042799068685,-0.005851669332151225,0.8197819428492109,-0.06101429667984001,0.5708230090067509,0.5708230090067509,0.6318373056865909,0.8256336121813621,1.0618373056865908
169.0,81.5793815929504,73.76815285450692,87.4206184070496,87.4206184070496,95.23184714549306,95.23184714549306,-7.81122873844347,7.81122873844347,0.0,-1,1,CbC,89.99999999999999,5.231847145493062,-0.006052035586824397,0.8188616194827512,-0.06656110136013788,0.5661062311353797,0.5661062311353797,0.6326673324955177,0.8249136550695756,1.0626673324955176
169.5,81.5793815929504,73.83405111084487,87.92061840704959,87.92061840704959,95.66594888915513,95.66594888915513,-7.745330482105536,7.745330482105536,0.0,-1,1,CbC,90.00000000000001,5.665948889155106,-0.0061977615420075755,0.8179954873966885,-0.0721110290908399,0.5613847519900711,0.5613847519900711,0.633495781080911,0.824193248938696,1.063495781080911
170.0,81.5793815929504,73.89988731588959,88.42061840704962,88.42061840704962,96.10011268411043,96.10011268411043,-7.679494277060818,7.679494277060818,0.0,-1,1,CbC,90.00000000000003,6.100112684110412,-0.006288830417998761,0.8171836020159323,-0.077663635324848,0.55666866503732,0.55666866503732,0.634332300362168,0.8234724324339311,1.064332300362168
170.5,81.5793815929504,73.96565829803566,88.9206184070496,88.9206184070496,96.53434170196434,96.53434170196434,-7.61372329491473,7.61372329491473,0.0,-1,1,CbC,90.00000000000003,6.534341701964281,-0.006325229491542459,0.8164260148943111,-0.08321847535929551,0.5519523370507896,0.5519523370507896,0.6351708124100851,0.8227512443858536,1.0651708124100852
171.0,81.5793815929504,74.03136088719506,89.4206184070496,89.4206184070496,96.96863911280494,96.96863911280494,-7.548020705755335,7.548020705755335,0.0,-1,1,CbC,90.00000000000001,6.968639112804916,-0.006306950097677306,0.8157227737126647,-0.0887751043731954,0.5472325124726805,0.5472325124726805,0.6360076168458758,0.822029723810342,1.0660076168458759
171.5,81.5793815929504,74.09699191470217,89.92061840704959,89.92061840704959,97.40300808529781,97.40300808529781,-7.48238967824822,7.48238967824822,-2.7755575615628914e-17,-1,1,CbC,90.00000000000001,7.4030080852978335,-0.00623398763127629,0.815073922277234,-0.09433307746508815,0.5425095974176707,0.5425095974176707,0.6368426748827588,0.8213079099085102,1.0668426748827589
172.0,81.5793815929504,74.16254821321999,90.42061840704962,90.42061840704962,97.83745178678002,97.83745178678002,-7.416833379730413,7.416833379730413,2.7755575615628914e-17,-1,1,CbC,89.99999999999999,7.837451786779991,-0.006106341548276696,0.8144795005183342,-0.09989194969069581,0.537783998226683,0.537783998226683,0.6376759479173788,0.8205858420666109,1.0676759479173787
172.5,81.5793815929504,74.22802661664657,90.9206184070496,90.9206184070496,98.27197338335344,98.27197338335344,-7.351354976303825,7.351354976303825,-2.7755575615628914e-17,-1,1,CbC,90.00000000000003,8.271973383353412,-0.005924015366601631,0.8139395444893203,-0.10545127610057403,0.5330561214280122,0.5330561214280122,0.6385073975285862,0.8198635598559219,1.0685073975285861
173.0,81.5793815929504,74.29342396002205,91.4206184070496,91.4206184070496,98.70657603997795,98.70657603997795,-7.285957632928343,7.285957632928343,0.0,-1,1,CbC,90.00000000000001,8.706576039977966,-0.005687016666773216,0.8134540863658427,-0.11101061177775579,0.5283263736984435,0.5283263736984435,0.6393369854761992,0.8191411030326159,1.0693369854761992
173.5,81.5793815929504,74.35873707943612,91.9206184070496,91.9206184070496,99.14126292056388,99.14126292056388,-7.220644513514278,7.220644513514278,0.0,-1,1,CbC,89.99999999999999,9.14126292056388,-0.005395357092215834,0.8130231544453925,-0.11656951187539115,0.5235951618243723,0.5235951618243723,0.6401646736997634,0.8184185115376084,1.0701646736997634
174.0,81.5793815929504,74.42396281193632,92.42061840704959,92.42061840704959,99.57603718806367,99.57603718806367,-7.155418781014081,7.155418781014081,0.0,-1,1,CbC,90.00000000000003,9.576037188063617,-0.00504905234925195,0.8126467731471325,-0.12212753165437744,0.5188628926629235,0.5188628926629235,0.6409904243173009,0.8176958254963844,1.070990424317301
174.5,81.5793815929504,74.48909799543688,92.92061840704962,92.92061840704962,100.01090200456314,100.01090200456314,-7.0902835975135226,7.0902835975135226,0.0,-1,1,CbC,90.00000000000001,10.01090200456314,-0.00464812220678743,0.8123249630120183,-0.1276842265209737,0.5141299731030694,0.5141299731030694,0.6418141996240431,0.8169730852188057,1.0718141996240431
175.0,81.5793815929504,74.55413946862785,93.4206184070496,93.4206184070496,100.44586053137216,100.44586053137216,-7.02524212432255,7.02524212432255,0.0,-1,1,CbC,90.00000000000001,10.445860531372139,-0.004192590495691148,0.8120577407032125,-0.13323915206439546,0.5093968100267651,0.5093968100267651,0.6426359620911606,0.8162503311989036,1.0726359620911605
175.5,81.5793815929504,74.61908407088538,93.9206184070496,93.9206184070496,100.88091592911462,100.88091592911462,-6.960297522065028,6.960297522065028,1.3877787807814457e-17,-1,1,CbC,90.00000000000001,10.880915929114584,-0.003682485107862908,0.8118451190067802,-0.13879186409440156,0.5046638102700785,0.5046638102700785,0.64345567436448,0.8155276041146432,1.07345567436448
176.0,81.5793815929504,74.68392864218232,94.42061840704959,94.42061840704959,101.31607135781768,101.31607135781768,-6.895452950768081,6.895452950768081,0.0,-1,1,CbC,90.00000000000001,11.316071357817654,-0.0031178379949953977,0.8116871068326759,-0.14434191867884724,0.49993138058434533,0.49993138058434533,0.6442732992631925,0.8148049448276713,1.0742732992631925
176.5,81.5793815929504,74.74867002299963,94.92061840704962,94.92061840704962,101.75132997700038,101.75132997700038,-6.830711569950763,6.830711569950763,0.0,-1,1,CbC,90.00000000000001,11.75132997700037,-0.0024986851670278165,0.8115837092160166,-0.14988887218121738,0.49519992759733517,0.49519992759733517,0.6450887997785526,0.8140823943830444,1.0750887997785525
177.0,81.5793815929504,74.81330505423846,95.4206184070496,95.4206184070496,102.18669494576154,102.18669494576154,-6.766076538711936,6.766076538711936,0.0,-1,1,CbC,90.00000000000001,12.186694945761502,-0.0018250666902903299,0.811534927318645,-0.1554322812981291,0.4904804226886655,0.4904804226886655,0.6459127039867946,0.8133599940089353,1.0759127039867946
177.5,81.5793815929504,74.87783057713303,95.9206184070496,95.9206184070496,102.62216942286697,102.62216942286697,-6.701551015817373,6.701551015817373,0.0,-1,1,CbC,90.00000000000001,12.622169422866955,-0.0010970266853436417,0.811540758430972,-0.1609717030968096,0.4857652255351865,0.4857652255351865,0.646736928631996,0.8126377851163156,1.076736928631996
178.0,81.5793815929504,74.94224343316404,96.4206184070496,96.4206184070496,103.05775656683596,103.05775656683596,-6.63713815978636,6.63713815978636,0.0,-1,1,CbC,90.00000000000001,13.057756566835963,-0.00031461332450852367,0.8116011959741138,-0.16650669505253135,0.4810522009599737,0.4810522009599737,0.647558896012505,0.8119158092986224,1.077558896012505
178.5,81.5793815929504,75.00654046397322,96.92061840704959,96.92061840704959,103.49345953602676,103.49345953602676,-6.572841128977177,6.572841128977177,0.0,-1,1,CbC,89.99999999999999,13.493459536026775,1.1177372882163458e-17,0.8117162295023069,-0.17203681508601476,0.4763417540519129,0.4763417540519129,0.6483785691379277,0.8117162295023069,1.0783785691379277
179.0,81.5793815929504,75.07071851127824,97.42061840704962,97.42061840704962,103.92928148872176,103.92928148872176,-6.508663081672149,6.508663081672149,1.3877787807814457e-17,-1,1,CbC,89.99999999999999,13.92928148872178,1.0669310478428757e-17,0.811885844705614,-0.177561621600794,0.47163428958269116,0.47163428958269116,0.6491959111834852,0.811885844705614,1.0791959111834852
179.5,81.5793815929504,75.13477441678876,97.9206184070496,97.9206184070496,104.36522558321124,104.36522558321124,-6.444607176161641,6.444607176161641,0.0,-1,1,CbC,89.99999999999999,14.365225583211263,1.0669310478428757e-17,0.8121100234129106,-0.18308067352053206,0.46693021196811185,0.46693021196811185,0.6500108854886439,0.8121100234129106,1.0800108854886439
180.0,81.5793815929504,75.1987050221232,98.4206184070496,98.4206184070496,104.8012949778768,104.8012949778768,-6.3806765708271875,6.3806765708271875,0.0,-1,1,CbC,89.99999999999996,14.801294977876807,1.0677151706924251e-17,0.8123887435951521,-0.18859353032629786,0.46222992522944384,0.46222992522944384,0.6508234555557417,0.8123887435951521,1.0808234555557417
180.5,81.5793815929504,75.26250716872629,98.92061840704959,98.92061840704959,105.2374928312737,105.2374928312737,-6.316874424224108,6.316874424224108,0.0,-1,1,CbC,89.99999999999999,15.23749283127368,1.0669310478428757e-17,0.8127219793689339,-0.19409975209378952,0.45753383295480965,0.45753383295480965,0.6516335850485991,0.8127219793689339,1.0816335850485992
181.0,81.5793815929504,75.3261776977876,99.42061840704962,99.42061840704962,105.67382230221241,105.67382230221241,-6.253203895162801,6.253203895162801,0.0,-1,1,CbC,90.00000000000001,15.673822302212425,1.0415279276561404e-17,0.81310970100032,-0.19959889953051071,0.45284233826061454,0.45284233826061454,0.6524412377911253,0.81310970100032,1.0824412377911252
181.5,81.5793815929504,75.38971345016097,99.9206184070496,99.9206184070496,106.11028654983905,106.11028654983905,-6.189668142789432,6.189668142789432,0.0,-1,1,CbC,89.99999999999999,16.110286549839046,1.0669310478428757e-17,0.8135518749089639,-0.20509053401288158,0.4481558437530312,0.4481558437530312,0.6532463777659128,0.8135518749089639,1.0832463777659127
182.0,81.5793815929504,75.45311126628465,100.4206184070496,100.4206184070496,106.54688873371535,106.54688873371535,-6.1262703266657486,6.1262703266657486,0.0,-1,1,CbC,90.00000000000001,16.546888733715306,1.0669310478428757e-17,0.8140484636725057,-0.21057421762330944,0.44347475148951715,0.44347475148951715,0.6540489691128266,0.8140484636725057,1.0840489691128266
182.5,81.5793815929504,75.51636798610286,100.9206184070496,100.9206184070496,106.98363201389712,106.98363201389712,-6.0630136068475275,6.0630136068475275,0.0,-1,1,CbC,90.00000000000001,16.983632013897118,1.0161248074694054e-17,0.8145994260312472,-0.21604951318718332,0.4387994629403974,0.4387994629403974,0.6548489761275808,0.8145994260312472,1.0848489761275808
183.0,81.5793815929504,75.57948044898762,101.42061840704959,101.42061840704959,107.42051955101236,107.42051955101236,-5.999901143962767,5.999901143962767,-1.3877787807814457e-17,-1,1,CbC,90.00000000000001,17.420519551012365,1.1177372882163458e-17,0.8152047168931105,-0.22151598430981073,0.4341303789504947,0.4341303789504947,0.6556463632603055,0.8152047168931105,1.0856463632603055
183.5,81.5793815929504,75.64244549366232,101.92061840704962,101.92061840704962,107.85755450633768,107.85755450633768,-5.936936099288071,5.936936099288071,0.0,-1,1,CbC,90.00000000000001,17.85755450633765,1.1177372882163458e-17,0.8158642873388662,-0.22697319541328906,0.4294678997008235,0.4294678997008235,0.6564410951141125,0.8158642873388662,1.0864410951141126
184.0,81.5793815929504,75.70525995812567,102.4206184070496,102.4206184070496,108.29474004187433,108.29474004187433,-5.874121634824734,5.874121634824734,0.0,-1,1,CbC,90.00000000000003,18.294740041874316,1.1177372882163458e-17,0.8165780846276512,-0.23242071177330678,0.4248195150729785,0.4248195150729785,0.6572402268462852,0.8165780846276512,1.0872402268462853
184.5,81.5793815929504,75.76792067957706,102.9206184070496,102.9206184070496,108.73207932042294,108.73207932042294,-5.81146091337334,5.81146091337334,0.0,-1,1,CbC,89.99999999999999,18.732079320422958,1.2193497689632864e-17,0.8173460522027484,-0.23785809955587117,0.420184148138313,0.420184148138313,0.6580422476941842,0.8173460522027484,1.0880422476941842
185.0,81.5793815929504,75.83042449434289,103.42061840704959,103.42061840704959,109.16957550565711,109.16957550565711,-5.74895709860751,5.74895709860751,0.0,-1,1,CbC,90.00000000000003,19.16957550565707,1.2193497689632864e-17,0.81816812969765,-0.24328492585395797,0.41555655028378174,0.41555655028378174,0.6588414761377397,0.81816812969765,1.0888414761377396
185.5,81.5793815929504,75.89276823780398,103.92061840704962,103.92061840704962,109.60723176219604,109.60723176219604,-5.686613355146416,5.686613355146416,-1.3877787807814457e-17,-1,1,CbC,90.00000000000003,19.607231762196,1.0161248074694054e-17,0.8190442529423956,-0.24870075872409267,0.41093711799680727,0.41093711799680727,0.6596378767208999,0.8190442529423956,1.0896378767208998
186.0,81.5793815929504,75.954948744324,104.4206184070496,104.4206184070496,110.04505125567601,110.04505125567601,-5.624432848626402,5.624432848626402,0.0,-1,1,CbC,90.00000000000003,20.045051255676,1.0161248074694054e-17,0.8199743539701726,-0.25410516722283605,0.40632624691045943,0.40632624691045943,0.6604314141332954,0.8199743539701726,1.0904314141332954
186.5,81.5793815929504,76.01696284717914,104.9206184070496,104.9206184070496,110.48303715282086,110.48303715282086,-5.562418745771249,5.562418745771249,0.0,-1,1,CbC,89.99999999999999,20.483037152820856,1.0161248074694054e-17,0.820958361024203,-0.25949772144319694,0.4017243317655411,0.4017243317655411,0.6612220532087381,0.820958361024203,1.091222053208738
187.0,81.5793815929504,76.07880737848889,105.4206184070496,105.4206184070496,110.92119262151111,110.92119262151111,-5.500574214461514,5.500574214461514,0.0,-1,1,CbC,90.00000000000001,20.921192621511068,-1.0161248074694054e-17,0.8219961985648878,-0.2648779925509533,0.39713176637276054,0.39713176637276054,0.6620097589237138,0.8219961985648878,1.0920097589237139
187.5,81.5793815929504,76.14047916914812,105.92061840704959,105.92061840704959,111.35952083085186,111.35952083085186,-5.438902423802272,5.438902423802272,0.0,-1,1,CbC,90.00000000000001,21.359520830851856,1.0161248074694054e-17,0.823087787277229,-0.27024555282088325,0.39254894357498243,0.39254894357498243,0.6627944963958656,0.823087787277229,1.0927944963958656
188.0,81.5793815929504,76.20197504876009,106.42061840704962,106.42061840704962,111.79802495123991,111.79802495123991,-5.377406544190304,5.377406544190304,0.0,-1,1,CbC,90.00000000000006,21.798024951239846,1.2193497689632864e-17,0.8242330440785142,-0.27559997567290145,0.38797625520956724,0.38797625520956724,0.6635762308824686,0.8242330440785142,1.0935762308824686
188.5,81.5793815929504,76.26329184557122,106.9206184070496,106.9206184070496,112.2367081544288,112.2367081544288,-5.316089747379188,5.316089747379188,0.0,-1,1,CbC,90.00000000000001,22.236708154428747,-1.0161248074694054e-17,0.8254318821262664,-0.2809408357081021,0.3834140920707959,0.3834140920707959,0.664354927778898,0.8254318821262664,1.094354927778898
189.0,81.5793815929504,76.32442638640622,107.4206184070496,107.4206184070496,112.67557361359378,112.67557361359378,-5.254955206544182,5.254955206544182,0.0,-1,1,CbC,90.00000000000001,22.675573613593766,8.128998459755243e-18,0.8266842108264728,-0.28626770874470353,0.3788628438723849,0.3788628438723849,0.6651305526170884,0.8266842108264728,1.0951305526170885
189.5,81.5793815929504,76.38537549660562,107.92061840704959,107.92061840704959,113.11462450339438,113.11462450339438,-5.194006096344785,5.194006096344785,0.0,-1,1,CbC,90.00000000000003,23.114624503394374,1.1795444715104672e-16,0.8279899358420574,-0.2915801718538843,0.3743228992100982,0.3743228992100982,0.6659030710639825,0.8279899358420573,1.0959030710639825
190.0,81.5793815929504,76.44613599996381,108.42061840704962,108.42061840704962,113.55386400003619,113.55386400003619,-5.133245592986577,5.133245592986577,0.0,-1,1,CbC,90.00000000000001,23.553864000036146,1.2193497689632864e-17,0.8293489591016285,-0.29687780339552267,0.36979464552445473,0.36979464552445473,0.6666724489199773,0.8293489591016285,1.0966724489199773
190.5,81.5793815929504,76.50670471866879,108.9206184070496,108.9206184070496,113.99329528133123,113.99329528133123,-5.07267687428162,5.07267687428162,0.0,-1,1,CbC,89.99999999999996,23.993295281331264,1.2193497689632864e-17,0.830761178808489,-0.3021601830538241,0.365278469063533,0.365278469063533,0.6674386521173571,0.830761178808489,1.0974386521173571
191.0,81.5793815929504,76.56707847324293,109.4206184070496,109.4206184070496,114.43292152675707,114.43292152675707,-5.012303119707469,5.012303119707469,0.0,-1,1,CbC,89.99999999999999,24.432921526757102,1.2193497689632864e-17,0.8322264894498996,-0.30742689187283384,0.36077475484588756,0.36077475484588756,0.6682016467187214,0.8322264894498996,1.0982016467187214
191.5,81.5793815929504,76.62725408248582,109.9206184070496,109.9206184070496,114.87274591751417,114.87274591751417,-4.952127510464585,4.952127510464585,2.220446049250313e-16,-1,1,CbC,89.99999999999999,24.872745917514187,8.128998459755243e-18,0.8337447818065984,-0.3126775122918451,0.3562935932936305,0.3562935932936305,0.6689711055854756,0.8337447818065984,1.0989711055854756
192.0,81.5793815929504,76.68722836341779,110.42061840704962,110.42061840704962,115.31277163658221,115.31277163658221,-4.892153229532607,4.892153229532607,2.220446049250313e-16,-1,1,CbC,90.00000000000001,25.312771636582205,8.128998459755243e-18,0.8353159429625923,-0.3179116281806818,0.3518281139453489,0.3518281139453489,0.6697397421260307,0.8353159429625923,1.0997397421260307
192.5,81.5793815929504,76.74699813122545,110.92061840704962,110.92061840704962,115.75300186877458,115.75300186877458,-4.832383461724953,4.832383461724953,-2.220446049250313e-16,-1,1,CbC,89.99999999999999,25.753001868774597,-1.2193497689632864e-17,0.8369398563151828,-0.32312882487486494,0.34737620265849506,0.34737620265849506,0.6705050275333599,0.8369398563151828,1.1005050275333599
193.0,81.5793815929504,76.80656019920823,111.4206184070496,111.4206184070496,116.19343980079178,116.19343980079178,-4.772821393742166,4.772821393742166,0.0,-1,1,CbC,90.00000000000003,26.19343980079174,-1.2193497689632864e-17,0.8386164015852585,-0.32832868921065506,0.34293823850577754,0.34293823850577754,0.6712669277164326,0.8386164015852585,1.1012669277164326
193.5,81.5793815929504,76.86591137872708,111.9206184070496,111.9206184070496,116.63408862127291,116.63408862127291,-4.713470214223327,4.713470214223327,2.220446049250313e-16,-1,1,CbC,89.99999999999999,26.63408862127291,8.128998459755243e-18,0.8403454548278405,-0.3335108095599739,0.3385145991464669,0.3385145991464669,0.6720254087064408,0.8403454548278405,1.1020254087064407
194.0,81.5793815929504,76.92504847915392,112.42061840704959,112.42061840704959,117.07495152084606,117.07495152084606,-4.654333113796481,4.654333113796481,2.3592239273284576e-16,-1,1,CbC,90.00000000000001,27.074951520846056,1.2193497689632864e-17,0.8421268884428691,-0.3386747758651892,0.33410566078998943,0.3386747758651892,0.6727804366551786,0.8421268884428691,1.1027804366551786
194.5,81.5793815929504,76.98396830782357,112.92061840704962,112.92061840704962,117.51603169217645,117.51603169217645,-4.595413285126828,4.595413285126828,-2.220446049250313e-16,-1,1,CbC,90.00000000000001,27.51603169217642,4.0644992298776214e-18,0.8439605711862435,-0.34382017967377304,0.3297117981596353,0.34382017967377304,0.6735319778334083,0.8439605711862435,1.1035319778334083
195.0,81.5793815929504,77.04266766998656,113.4206184070496,113.4206184070496,117.95733233001346,117.95733233001346,-4.536713922963843,4.536713922963843,-2.220446049250313e-16,-1,1,CbC,89.99999999999999,27.957332330013426,1.2193497689632864e-17,0.8458463681811097,-0.3489466141728247,0.32533338445640037,0.3489466141728247,0.674279998629225,0.8458463681811097,1.104279998629225
195.5,81.5793815929504,77.1011433687638,113.9206184070496,113.9206184070496,118.39885663123621,118.39885663123621,-4.478238224186593,4.478238224186593,-2.220446049250313e-16,-1,1,CbC,89.99999999999999,28.398856631236193,1.2193497689632864e-17,0.8477841409293931,-0.3540536742234588,0.3209707913229517,0.3540536742234588,0.6750244655464105,0.8477841409293931,1.1050244655464105
196.0,81.5793815929504,77.15939220510334,114.4206184070496,114.4206184070496,118.84060779489667,118.84060779489667,-4.419989387847053,4.419989387847053,-2.220446049250313e-16,-1,1,CbC,89.99999999999999,28.840607794896684,-1.2193497689632864e-17,0.8497737473235712,-0.359140956395045,0.31662438880773774,0.359140956395045,0.6757653452027828,0.8497737473235712,1.1057653452027827
196.5,81.5793815929504,77.21741097773811,114.9206184070496,114.9206184070496,119.28258902226189,119.28258902226189,-4.361970615212287,4.361970615212287,0.0,-1,1,CbC,90.00000000000001,29.282589022261867,1.2193497689632864e-17,0.8518150416586888,-0.36420805899931397,0.3122945453292238,0.36420805899931397,0.6765026043285378,0.8518150416586888,1.1065026043285378
197.0,81.5793815929504,77.2751964831462,115.42061840704963,115.42061840704963,119.7248035168538,119.7248035168538,-4.304185109804193,4.304185109804193,4.440892098500626e-16,-1,1,CbC,89.99999999999999,29.724803516853818,-1.2193497689632864e-17,0.8539078746446153,-0.36925458212431095,0.30798162764027426,0.36925458212431095,0.6772362097645852,0.8539078746446153,1.1072362097645851
197.5,81.5793815929504,77.33274551551216,115.92061840704959,115.92061840704959,120.16725448448786,120.16725448448786,-4.246636077438246,4.246636077438246,-2.220446049250313e-16,-1,1,CbC,90.00000000000003,30.167254484487852,1.2193497689632864e-17,0.8560520934185338,-0.37428012766820123,0.30368600079267777,0.37428012766820123,0.677966128460879,0.8560520934185338,1.107966128460879
198.0,81.5793815929504,77.39005486669082,116.42061840704962,116.42061840704962,120.6099451333092,120.6099451333092,-4.189326726259585,4.189326726259585,-1.3877787807814457e-17,-1,1,CbC,89.99999999999999,30.609945133309186,1.2193497689632864e-17,0.8582475415576737,-0.3792842993729242,0.2994080281018127,0.3792842993729242,0.678692327474737,0.8582475415576737,1.108692327474737
198.5,81.5793815929504,77.44712132617236,116.92061840704959,116.92061840704959,121.05287867382762,121.05287867382762,-4.132260266778034,4.132260266778034,0.0,-1,1,CbC,89.99999999999999,31.052878673827596,1.2193497689632864e-17,0.860494059092268,-0.3842667028576931,0.29514807111146985,0.3842667028576931,0.6794147739691629,0.860494059092268,1.1094147739691629
199.0,81.5793815929504,77.50394168104992,117.4206184070496,117.4206184070496,121.4960583189501,121.4960583189501,-4.075439911900478,4.075439911900478,-4.440892098500626e-16,-1,1,CbC,89.99999999999996,31.496058318950137,-1.2193497689632864e-17,0.8627914825187465,-0.3892269456523341,0.29090962610413024,0.3892269456523341,0.6801365717564644,0.8627914825187465,1.1101365717564644
199.5,81.5793815929504,77.56051271598827,117.92061840704962,117.92061840704962,121.93948728401176,121.93948728401176,-4.018868876962135,4.018868876962135,0.0,-1,1,CbC,89.99999999999999,31.93948728401175,1.2193497689632864e-17,0.8651396448131615,-0.3941646372304661,0.286698248277525,0.3941646372304661,0.680862885507991,0.8651396448131615,1.110862885507991
200.0,81.5793815929504,77.61683121319547,118.42061840704959,118.42061840704959,122.38316878680453,122.38316878680453,-3.962550379754936,3.962550379754936,0.0,-1,1,CbC,90.00000000000001,32.38316878680449,8.128998459755243e-18,0.8675383754448321,-0.39907938904251616,0.28250590858486146,0.39907938904251616,0.6815852976273776,0.8675383754448321,1.1115852976273777
200.5,81.5793815929504,77.67289395239573,118.92061840704962,118.92061840704962,122.82710604760425,122.82710604760425,-3.9064876405546682,3.9064876405546682,4.440892098500626e-16,-1,1,CbC,90.00000000000001,32.82710604760424,8.128998459755243e-18,0.869987500390223,-0.40397081454857064,0.2783329604711333,0.40397081454857064,0.682303775019704,0.869987500390223,1.112303775019704
201.0,81.5793815929504,77.72869771080468,119.42061840704963,119.42061840704963,123.27130228919535,123.27130228919535,-3.850683882145714,3.850683882145714,0.0,-1,1,CbC,89.99999999999999,33.27130228919535,1.6257996919510486e-17,0.8724868421470403,-0.4088385292510505,0.2741797554359785,0.4088385292510505,0.683018284687029,0.8724868421470403,1.113018284687029
201.5,81.5793815929504,77.7842392631065,119.9206184070496,119.9206184070496,123.71576073689351,123.71576073689351,-3.795142329843896,3.795142329843896,-4.440892098500626e-16,-1,1,CbC,90.00000000000001,33.715760736893465,8.128998459755243e-18,0.8750362197485502,-0.41368215072721864,0.270046642999453,0.41368215072721864,0.6837287937266716,0.8750362197485502,1.1137287937266716
202.0,81.5793815929504,77.83951538143373,120.42061840704962,120.42061840704962,124.16048461856627,124.16048461856627,-3.7398662115166705,3.7398662115166705,2.220446049250313e-16,-1,1,CbC,90.00000000000003,34.16048461856625,-1.6257996919510486e-17,0.8776354487781153,-0.4185012986615131,0.26593397066797897,0.4185012986615131,0.6844352693294921,0.8776354487781153,1.114435269329492
202.5,81.5793815929504,77.89452283534835,120.92061840704959,120.92061840704959,124.60547716465166,124.60547716465166,-3.684858757602042,3.684858757602042,-4.440892098500626e-16,-1,1,CbC,90.00000000000001,34.60547716465163,8.128998459755243e-18,0.8802843413839468,-0.42329559487769586,0.2618420839004649,0.42329559487769586,0.6851376787781607,0.8802843413839468,1.1151376787781606
203.0,81.5793815929504,77.94925839182588,121.4206184070496,121.4206184070496,125.05074160817412,125.05074160817412,-3.6301232011245186,3.6301232011245186,0.0,-1,1,CbC,90.00000000000001,35.0507416081741,1.6257996919510486e-17,0.8829827062940763,-0.4280646633708247,0.25777132607460723,0.4280646633708247,0.685835989445432,0.8829827062940763,1.115835989445432
203.5,81.5793815929504,78.00371881524129,121.92061840704963,121.92061840704963,125.49628118475873,125.49628118475873,-3.575662777709107,3.575662777709107,0.0,-1,1,CbC,90.00000000000001,35.49628118475871,-8.128998459755243e-18,0.8857303488315289,-0.43280813033903925,0.25372203845336777,0.43280813033903925,0.686530168792407,0.8857303488315289,1.116530168792407
204.0,81.5793815929504,78.05790086735732,122.4206184070496,122.4206184070496,125.9420991326427,125.9420991326427,-3.5214807255930785,3.5214807255930785,-4.440892098500626e-16,-1,1,CbC,90.00000000000001,35.942099132642674,0.0,0.8885270709297137,-0.43752562421516,0.24969456015163738,0.43752562421516,0.6872201843667973,0.8885270709297137,1.1172201843667973
204.5,81.5793815929504,78.1118013073152,122.92061840704962,122.92061840704962,126.38819869268478,126.38819869268478,-3.4675802856351954,3.4675802856351954,4.440892098500626e-16,-1,1,CbC,90.00000000000001,36.38819869268478,-1.6257996919510486e-17,0.8913726711480197,-0.4422167756980961,0.2456892281030868,0.4422167756980961,0.6879060038011828,0.8913726711480197,1.1179060038011828
205.0,81.5793815929504,78.16541689162754,123.42061840704959,123.42061840704959,126.83458310837247,126.83458310837247,-3.413964701322858,3.413964701322858,-4.440892098500626e-16,-1,1,CbC,90.00000000000001,36.83458310837242,-1.1795444715104672e-16,0.8942669446876134,-0.44688121778406265,0.24170637702720388,0.44688121778406265,0.6885875948112665,0.8942669446876135,1.1185875948112665
205.5,81.5793815929504,78.21874437417402,123.9206184070496,123.9206184070496,127.281255625826,127.281255625826,-3.360637218776382,3.360637218776382,-4.440892098500626e-16,-1,1,CbC,89.99999999999999,37.281255625826034,-1.1795444715104672e-16,0.8972096834074414,-0.45151858579759824,0.23774633939653136,0.45151858579759824,0.6892649251941296,0.8972096834074416,1.1192649251941296
206.0,81.5793815929504,78.27178050619895,124.42061840704963,124.42061840704963,127.72821949380106,127.72821949380106,-3.307601086751451,3.307601086751451,2.220446049250313e-16,-1,1,CbC,90.00000000000003,37.72821949380103,-1.2608344561080197e-16,0.9002006758404314,-0.45612851742238397,0.23380944540409423,0.45612851742238397,0.6899379628264782,0.9002006758404315,1.1199379628264783
206.5,81.5793815929504,78.32452203631219,124.92061840704959,124.92061840704959,128.1754779636878,128.1754779636878,-3.2548595566382037,3.2548595566382037,-2.220446049250313e-16,-1,1,CbC,90.00000000000003,38.17547796368775,-1.1795444715104672e-16,0.9032397072098864,-0.4607106527318666,0.22989602293102743,0.4607106527318666,0.690606675662894,0.9032397072098866,1.120606675662894
207.0,81.5793815929504,78.37696571049176,125.42061840704962,125.42061840704962,128.62303428950824,128.62303428950824,-3.2024158824586353,3.2024158824586353,2.220446049250313e-16,-1,1,CbC,90.00000000000003,38.62303428950822,-1.1795444715104672e-16,0.9063265594460835,-0.4652646342196695,0.2260063975144097,0.4652646342196695,0.6912710317340792,0.9063265594460836,1.1212710317340793
207.5,81.5793815929504,78.4291082720896,125.92061840704959,125.92061840704959,129.0708917279104,129.0708917279104,-3.1502733208607996,3.1502733208607996,-2.220446049250313e-16,-1,1,CbC,90.00000000000003,39.07089172791039,-1.6257996919510486e-17,0.9094610112030533,-0.46979010682979694,0.22214728838078665,0.46979010682979694,0.6919373952105836,0.9094610112030533,1.1219373952105836
208.0,81.5793815929504,78.48094646183988,126.4206184070496,126.4206184070496,129.51905353816014,129.51905353816014,-3.0984351311105227,3.0984351311105227,-2.220446049250313e-16,-1,1,CbC,90.00000000000003,39.51905353816008,-1.6257996919510486e-17,0.9126428378755541,-0.47428671798663197,0.21831673490716022,0.47428671798663197,0.6926034528937922,0.9126428378755541,1.1226034528937923
208.5,81.5793815929504,78.53247701786997,126.92061840704962,126.92061840704962,129.96752298213002,129.96752298213002,-3.0469045750804287,3.0469045750804287,4.440892098500626e-16,-1,1,CbC,89.99999999999996,39.96752298213005,-1.6257996919510486e-17,0.9158718116162313,-0.4787541176247192,0.21451087832854487,0.4787541176247192,0.6932649959532641,0.9158718116162313,1.1232649959532641
209.0,81.5793815929504,78.58369667571408,127.42061840704959,127.42061840704959,130.41630332428593,130.41630332428593,-2.9956849172363214,2.9956849172363214,-4.510281037539698e-16,-1,1,CbC,89.99999999999996,40.41630332428597,-8.128998459755243e-18,0.9191477013529644,-0.4831919582183275,0.210730033818253,0.4831919582183275,0.6939219920365804,0.9191477013529644,1.1239219920365804
209.5,81.5793815929504,78.63460216832992,127.92061840704962,127.92061840704962,130.86539783167007,130.86539783167007,-2.9447794246204735,2.9447794246204735,4.440892098500626e-16,-1,1,CbC,90.00000000000001,40.86539783167003,-1.6257996919510486e-17,0.922470272806387,-0.48759989481079774,0.20697451404764058,0.48759989481079774,0.6945744088584384,0.922470272806387,1.1245744088584384
210.0,81.5793815929504,78.6851902261183,128.42061840704963,128.42061840704963,131.3148097738817,131.3148097738817,-2.894191366832104,2.894191366832104,4.440892098500626e-16,-1,1,CbC,89.99999999999999,41.314809773881734,-1.2608344561080197e-16,0.9258392885075931,-0.4919775850436689,0.20324462915522848,0.4919775850436689,0.6952222141988974,0.9258392885075932,1.1252222141988975
210.5,81.5793815929504,78.7354575769449,128.9206184070496,128.9206184070496,131.7645424230551,131.7645424230551,-2.8439240160055013,2.8439240160055013,-2.220446049250313e-16,-1,1,CbC,90.00000000000003,41.76454242305511,-8.128998459755243e-18,0.9292545078160177,-0.4963246891855727,0.1995406867160532,0.4963246891855727,0.6958653759016259,0.9292545078160177,1.125865375901626
211.0,81.5793815929504,78.78540094616626,129.42061840704963,129.42061840704963,132.21459905383372,132.21459905383372,-2.7939806467841315,2.7939806467841315,4.440892098500626e-16,-1,1,CbC,89.99999999999996,42.21459905383376,-8.128998459755243e-18,0.9327156869374812,-0.5006408701609084,0.19586299171124094,0.5006408701609084,0.6965038618721493,0.9327156869374812,1.1265038618721492
211.5,81.5793815929504,78.83501705665749,129.92061840704957,129.92061840704957,132.6649829433425,132.6649829433425,-2.7443645362929034,2.7443645362929034,6.938893903907228e-18,-1,1,CbC,89.99999999999999,42.66498294334247,-1.6257996919510486e-17,0.9362225789424252,-0.5049257935782823,0.19221184649781958,0.5049257935782823,0.6971376400761018,0.9362225789424252,1.1271376400761017
212.0,81.5793815929504,78.88430262884414,130.4206184070496,130.4206184070496,133.11569737115585,133.11569737115585,-2.695078964106262,2.695078964106262,4.440892098500626e-16,-1,1,CbC,90.00000000000001,43.11569737115582,-1.2608344561080197e-16,0.9397749337842863,-0.5091791277587133,0.1885875507787614,0.5091791277587133,0.6977666785374748,0.9397749337842864,1.1277666785374747
212.5,81.5793815929504,78.93325438073641,130.92061840704963,130.92061840704963,133.56674561926357,133.56674561926357,-2.6461272122139787,2.6461272122139787,4.440892098500626e-16,-1,1,CbC,90.00000000000001,43.56674561926358,-1.1795444715104672e-16,0.9433724983180609,-0.5134005437636038,0.1849904015732697,0.5134005437636038,0.6983909453368735,0.943372498318061,1.1283909453368735
213.0,81.5793815929504,78.98186902796704,131.4206184070496,131.4206184070496,134.01813097203296,134.01813097203296,-2.597512564983366,2.597512564983366,-2.1510571102112408e-16,-1,1,CbC,90.00000000000003,44.01813097203293,-1.6257996919510486e-17,0.9470150163190144,-0.5175897154224676,0.18142069318730814,0.5175897154224676,0.6990104086097757,0.9470150163190144,1.1290104086097756
213.5,81.5793815929504,79.03014328383213,131.9206184070496,131.9206184070496,134.46985671616787,134.46985671616787,-2.5492383091182713,2.5492383091182713,4.440892098500626e-16,-1,1,CbC,90.00000000000001,44.46985671616786,-1.2608344561080197e-16,0.9507022285015571,-0.5217463193604231,0.17787871718436907,0.5217463193604231,0.6996250365447922,0.9507022285015572,1.1296250365447922
214.0,81.5793815929504,79.07807385933553,132.42061840704957,132.42061840704957,134.92192614066448,134.92192614066448,-2.50130773361486,2.50130773361486,-4.440892098500626e-16,-1,1,CbC,89.99999999999999,44.92192614066449,-1.2608344561080197e-16,0.9544338725382734,-0.5258700350254313,0.17436476235650294,0.5258700350254313,0.7002347973819343,0.9544338725382735,1.1302347973819342
214.5,81.5793815929504,79.12565746323638,132.9206184070496,132.9206184070496,135.37434253676363,135.37434253676363,-2.453724129714017,2.453724129714017,-2.220446049250313e-16,-1,1,CbC,90.00000000000003,45.374342536763585,-1.6257996919510486e-17,0.958209683079102,-0.5299605447152907,0.17087911469559106,0.5299605447152907,0.7008396594108818,0.958209683079102,1.1308396594108818
215.0,81.5793815929504,79.1728908021003,133.42061840704963,133.42061840704963,135.82710919789972,135.82710919789972,-2.4064907908501034,2.4064907908501034,4.440892098500626e-16,-1,1,CbC,89.99999999999999,45.82710919789972,-1.1795444715104672e-16,0.9620293917706686,-0.5340175336043861,0.16742205736487573,0.5340175336043861,0.7014395909692618,0.9620293917706687,1.1314395909692618
215.5,81.5793815929504,79.2197705803536,133.9206184070496,133.9206184070496,136.2802294196464,136.2802294196464,-2.3596110125967975,2.3596110125967975,0.0,-1,1,CbC,90.00000000000001,46.280229419646396,-1.6257996919510486e-17,0.9658927272757628,-0.5380406897701707,0.16399387067075777,0.5380406897701707,0.7020345604409285,0.9658927272757628,1.1320345604409285
216.0,81.5793815929504,79.26629350034177,134.4206184070496,134.4206184070496,136.7337064996582,136.7337064996582,-2.3130880926086235,2.3130880926086235,4.440892098500626e-16,-1,1,CbC,90.00000000000006,46.73370649965816,-1.1795444715104672e-16,0.9697994152929603,-0.5420297042194054,0.16059483203484795,0.5420297042194054,0.7026245362542534,0.9697994152929604,1.1326245362542533
216.5,81.5793815929504,79.31245626239095,134.92061840704957,134.92061840704957,137.18754373760905,137.18754373760905,-2.266925330559453,2.266925330559453,-2.220446049250313e-16,-1,1,CbC,90.00000000000003,47.187543737609005,-8.128998459755243e-18,0.9737491785763848,-0.5459842709141298,0.15722639237355968,0.5459842709141298,0.7032106632876896,0.9737491785763848,1.1332106632876895
217.0,81.5793815929504,79.3582555648731,135.4206184070496,135.4206184070496,137.64174443512692,137.64174443512692,-2.2211260280772893,2.2211260280772893,-4.440892098500626e-16,-1,1,CbC,90.00000000000001,47.641744435126895,-1.0982544869129148e-16,0.9777417369556073,-0.5499040867973737,0.15389575675003744,0.5499040867973737,0.7037998435474111,0.9777417369556074,1.133799843547411
217.5,81.5793815929504,79.40368810427552,135.92061840704963,135.92061840704963,138.0963118957245,138.0963118957245,-2.175693488674883,2.175693488674883,0.0,-1,1,CbC,89.99999999999999,48.09631189572448,-8.128998459755243e-18,0.9817768073556764,-0.5537888518185998,0.15059500949358293,0.5537888518185998,0.7043838613121828,0.9817768073556764,1.1343838613121828
218.0,81.5793815929504,79.44875057527328,136.4206184070496,136.4206184070496,138.5512494247267,138.5512494247267,-2.130631017677112,2.130631017677112,0.0,-1,1,CbC,89.99999999999999,48.55124942472669,0.0,0.9858541038172881,-0.5576382689588872,0.14732441553683273,0.5576382689588872,0.70496268449572,0.9858541038172881,1.13496268449572
218.5,81.5793815929504,79.49343967080632,136.9206184070496,136.9206184070496,139.00656032919366,139.00656032919366,-2.0859419221440745,2.0859419221440745,4.440892098500626e-16,-1,1,CbC,90.00000000000001,49.00656032919365,-8.128998459755243e-18,0.9899733375170753,-0.5614520442558327,0.14408423679191026,0.5614520442558327,0.705536281047743,0.9899733375170753,1.135536281047743
219.0,81.5793815929504,79.53775208216003,137.42061840704963,137.42061840704963,139.46224791783996,139.46224791783996,-2.0416295107903686,2.0416295107903686,4.440892098500626e-16,-1,1,CbC,89.99999999999999,49.462247917839996,-8.128998459755243e-18,0.9941342167880245,-0.5652298868281854,0.1408747321241476,0.5652298868281854,0.706104618952333,0.9941342167880245,1.136104618952333
219.5,81.5793815929504,79.58168449904971,137.9206184070496,137.9206184070496,139.91831550095029,139.91831550095029,-1.9976970939006795,1.9976970939006795,-2.220446049250313e-16,-1,1,CbC,90.00000000000003,49.91831550095024,-8.128998459755243e-18,0.9983364471400146,-0.568971508900201,0.13769615732609758,0.568971508900201,0.7066676662262985,0.9983364471400146,1.1366676662262984
220.0,81.5793815929504,79.62523360970977,138.42061840704963,138.42061840704963,140.37476639029023,140.37476639029023,-1.954147983240635,1.954147983240635,4.440892098500626e-16,-1,1,CbC,89.99999999999996,50.37476639029026,-8.128998459755243e-18,1.0025797312804756,-0.5726766258257213,0.13454876509183136,0.5726766258257213,0.7072253909175527,1.0025797312804756,1.1372253909175527
220.5,81.5793815929504,79.66839610098606,138.92061840704957,138.92061840704957,140.83160389901394,140.83160389901394,-1.9109854919643408,1.9109854919643408,-4.440892098500626e-16,-1,1,CbC,90.00000000000001,50.831603899013956,-1.0982544869129148e-16,1.006863769135163,-0.5763449561119641,0.13143280499154647,0.5763449561119641,0.7077777611035105,1.006863769135163,1.1377777611035105
221.0,81.5793815929504,79.71116865843348,139.4206184070496,139.4206184070496,141.28883134156652,141.28883134156652,-1.868212934516914,1.868212934516914,2.220446049250313e-16,-1,1,CbC,90.00000000000003,51.2888313415665,-1.1795444715104672e-16,1.0111882578690348,-0.5799762214430333,0.12834852344645456,0.5799762214430333,0.7083247448894878,1.011188257869035,1.1383247448894878
221.5,81.5793815929504,79.75354796641706,139.92061840704963,139.92061840704963,141.74645203358295,141.74645203358295,-1.8258336265333444,1.8258336265333444,4.440892098500626e-16,-1,1,CbC,90.00000000000001,51.74645203358292,-1.6257996919510486e-17,1.0155528919072516,-0.5835701467031401,0.1252961637039889,0.5835701467031401,0.708866310407129,1.0155528919072516,1.138866310407129
222.0,81.5793815929504,79.79553070821773,140.4206184070496,140.4206184070496,142.2044692917823,142.2044692917823,-1.7838508847326804,1.7838508847326804,-4.40619762898109e-16,-1,1,CbC,90.00000000000001,52.20446929178228,-1.1795444715104672e-16,1.0199573629562713,-0.5871264599995308,0.12227596581331136,0.5871264599995308,0.7094024258128422,1.0199573629562715,1.1394024258128421
222.5,81.5793815929504,79.83711356614246,140.9206184070496,140.9206184070496,142.66288643385752,142.66288643385752,-1.7422680268079334,1.7422680268079334,4.440892098500626e-16,-1,1,CbC,90.00000000000001,52.662886433857516,-1.6257996919510486e-17,1.0244013600250497,-0.590644892685123,0.11928816660112906,0.590644892685123,0.709933059286252,1.0244013600250497,1.139933059286252
223.0,81.5793815929504,79.87829322163897,141.42061840704957,141.42061840704957,143.12170677836102,143.12170677836102,-1.7010883713114242,1.7010883713114242,-2.220446049250313e-16,-1,1,CbC,90.00000000000003,53.121706778360966,0.0,1.0288845694463404,-0.5941251793808444,0.11633299964782713,0.5941251793808444,0.7104581790286716,1.0288845694463404,1.1404581790286716
223.5,81.5793815929504,79.91906635541493,141.9206184070496,141.9206184070496,143.5809336445851,143.5809336445851,-1.6603152375354744,1.6603152375354744,0.0,-1,1,CbC,89.99999999999999,53.580933644585116,-1.6257996919510486e-17,1.0334066748980908,-0.5975670579976733,0.11341069526391918,0.5975670579976733,0.7109777532615925,1.0334066748980908,1.1409777532615926
224.0,81.5793815929504,79.95942964756156,142.42061840704963,142.42061840704963,144.04057035243844,144.04057035243844,-1.6199519453888347,1.6199519453888347,2.185751579730777e-16,-1,1,CbC,90.00000000000003,54.040570352438415,1.2608344561080197e-16,1.037967357424924,-0.6009702697583734,0.11052148046682152,0.6009702697583734,0.711491750225195,1.0379673574249237,1.141491750225195
224.5,81.5793815929504,79.99937977768273,142.9206184070496,142.9206184070496,144.50062022231728,144.50062022231728,-1.5800018152676705,1.5800018152676705,-4.440892098500626e-16,-1,1,CbC,90.00000000000001,54.50062022231724,1.2608344561080197e-16,1.0425662954597177,-0.604334559218928,0.10766557895794691,0.604334559218928,0.7120001381768749,1.0425662954597175,1.142000138176875
225.0,81.5793815929504,80.0389134250278,143.4206184070496,143.4206184070496,144.9610865749722,144.9610865749722,-1.5404681679225998,1.5404681679225998,4.475586568020162e-16,-1,1,CbC,90.00000000000001,54.96108657497217,1.2608344561080197e-16,1.0472031648452684,-0.6076596742896635,0.10484321110013403,0.6076596742896635,0.7125028853897976,1.0472031648452682,1.1425028853897976
225.5,81.5793815929504,80.07802726863027,143.92061840704957,143.92061840704957,145.42197273136975,145.42197273136975,-1.5013543243201366,1.5013543243201366,-4.440892098500626e-16,-1,1,CbC,90.00000000000001,55.421972731369735,-1.0982544869129148e-16,1.0518776388560274,-0.6109453662560628,0.10205459389540832,0.6109453662560628,0.712999960151471,1.0518776388560274,1.142999960151471
226.0,81.5793815929504,80.1167179874507,144.4206184070496,144.4206184070496,145.88328201254933,145.88328201254933,-1.4626636054997069,1.4626636054997069,-4.440892098500626e-16,-1,1,CbC,90.00000000000001,55.883282012549266,-1.0982544869129148e-16,1.0565893882199269,-0.6141913897992635,0.09929994096307757,0.6141913897992635,0.7134913307623411,1.0565893882199269,1.143491330762341
226.5,81.5793815929504,80.1549822605252,144.92061840704963,144.92061840704963,146.34501773947483,146.34501773947483,-1.4243993324251918,1.4243993324251918,0.0,-1,1,CbC,90.00000000000001,56.34501773947479,-1.0982544869129148e-16,1.0613380811402782,-0.6173975030162452,0.0965794625181699,0.6173975030162452,0.713976965534415,1.0613380811402782,1.143976965534415
227.0,81.5793815929504,80.19281676711864,145.4206184070496,145.4206184070496,146.80718323288133,146.80718323288133,-1.3865648258317522,1.3865648258317522,0.0,-1,1,CbC,89.99999999999999,56.80718323288138,-1.6257996919510486e-17,1.06612338331774,-0.6205634674396892,0.0938933653502186,0.6205634674396892,0.7144568327899078,1.06612338331774,1.1444568327899078
227.5,81.5793815929504,80.23021818688322,145.9206184070496,145.9206184070496,147.26978181311677,147.26978181311677,-1.3491634060671827,1.3491634060671827,4.440892098500626e-16,-1,1,CbC,90.00000000000001,57.26978181311676,-1.2608344561080197e-16,1.0709449579723538,-0.6236890480575238,0.09124478735291137,0.6236890480575238,0.7149338354104352,1.070944957972354,1.1449338354104353
228.0,81.5793815929504,80.26718320002239,146.42061840704963,146.42061840704963,147.73281679997763,147.73281679997763,-1.3121983929280119,1.3121983929280119,2.220446049250313e-16,-1,1,CbC,90.00000000000003,57.732816799977606,-7.117072126515622e-17,1.0758024658656526,-0.6267740133321413,0.08863555436111614,0.6267740133321413,0.7154095676932575,1.0758024658656526,1.1454095676932574
228.5,81.5793815929504,80.30370848745996,146.9206184070496,146.9206184070496,148.19629151254003,148.19629151254003,-1.2756731054904358,1.2756731054904358,0.0,-1,1,CbC,90.00000000000006,58.19629151253999,-1.0982544869129148e-16,1.0806955653228223,-0.6298181352192873,0.08606121309155654,0.6298181352192873,0.7158793483108439,1.0806955653228223,1.1458793483108438
229.0,81.5793815929504,80.33979073101497,147.42061840704963,147.42061840704963,148.66020926898503,148.66020926898503,-1.2395908619354268,1.2395908619354268,2.220446049250313e-16,-1,1,CbC,90.00000000000003,58.66020926898501,-7.117072126515622e-17,1.0856239122549265,-0.6328211891866201,0.08352195575105348,0.6328211891866201,0.7163431449376736,1.0856239122549265,1.1463431449376735
229.5,81.5793815929504,80.3754266135814,147.92061840704963,147.92061840704963,149.12457338641863,149.12457338641863,-1.2039549793690056,1.2039549793690056,3.469446951953614e-18,-1,1,CbC,90.00000000000001,59.124573386418604,-1.6257996919510486e-17,1.0905871601811887,-0.635782954231939,0.08101797102059159,0.635782954231939,0.7168009252525306,1.0905871601811887,1.1468009252525306
230.0,81.5793815929504,80.41061281931438,148.4206184070496,148.4206184070496,149.5893871806856,149.5893871806856,-1.1687687736360137,1.1687687736360137,2.220446049250313e-16,-1,1,CbC,90.00000000000003,59.58938718068557,-7.117072126515622e-17,1.095584960251319,-0.6387032129010722,0.07854944403629487,0.6387032129010722,0.7172526569373671,1.095584960251319,1.147252656937367
230.5,81.5793815929504,80.44534603382161,148.92061840704963,148.92061840704963,150.0546539661784,150.0546539661784,-1.1340355591287976,1.1340355591287976,4.440892098500626e-16,-1,1,CbC,90.00000000000001,60.054653966178414,-5.491272434564574e-17,1.100616961267898,-0.6415817513054327,0.0761165563707653,0.6415817513054327,0.717698307676198,1.100616961267898,1.147698307676198
231.0,81.5793815929504,80.47962294436043,149.4206184070496,149.4206184070496,150.52037705563956,150.52037705563956,-1.0997586485899749,1.0997586485899749,4.40619762898109e-16,-1,1,CbC,89.99999999999996,60.52037705563957,-7.117072126515622e-17,1.1056828097087983,-0.6444183591392226,0.07371948601480924,0.6444183591392226,0.7181378451540319,1.1056828097087983,1.1481378451540318
231.5,81.5793815929504,80.51344024004118,149.9206184070496,149.9206184070496,150.98655975995882,150.98655975995882,-1.0659413529092236,1.0659413529092236,4.440892098500626e-16,-1,1,CbC,89.99999999999999,60.98655975995885,0.0,1.1107821497496555,-0.6472128296963067,0.07135840735954106,0.6472128296963067,0.7185712370558477,1.1107821497496555,1.1485712370558476
232.0,81.5793815929504,80.54679461203624,150.42061840704963,150.42061840704963,151.45320538796378,151.45320538796378,-1.0325869809141655,1.0325869809141655,4.440892098500626e-16,-1,1,CbC,90.00000000000001,61.45320538796376,-7.117072126515622e-17,1.1159146232863666,-0.649964959886725,0.06903349117887364,0.649964959886725,0.7189984510655987,1.1159146232863666,1.1489984510655986
232.5,81.5793815929504,80.57968275379515,150.9206184070496,150.9206184070496,151.92031724620483,151.92031724620483,-0.9996988391552476,0.9996988391552476,4.440892098500626e-16,-1,1,CbC,90.00000000000001,61.9203172462048,0.0,1.1210798699576388,-0.6526745502528685,0.0667449046124005,0.6526745502528685,0.7194194548652689,1.1210798699576388,1.149419454865269
233.0,81.5793815929504,80.61210136126599,151.42061840704963,151.42061840704963,152.38789863873401,152.38789863873401,-0.9672802316844129,0.9672802316844129,2.220446049250313e-16,-1,1,CbC,90.00000000000003,62.387898638734,-5.491272434564574e-17,1.1262775271675578,-0.6553414049852919,0.06449281114867483,0.6553414049852919,0.7198342161339668,1.1262775271675578,1.1498342161339667
233.5,81.5793815929504,80.64404713312275,151.9206184070496,151.9206184070496,152.8559528668772,152.8559528668772,-0.9353344598276401,0.9353344598276401,4.440892098500626e-16,-1,1,CbC,90.00000000000001,62.85595286687718,-1.2608344561080197e-16,1.1315072301081859,-0.6579653319381767,0.06227737060888555,0.6579653319381767,0.7202427025470624,1.131507230108186,1.1502427025470623
234.0,81.5793815929504,80.67551677099942,152.4206184070496,152.4206184070496,153.32448322900058,153.32448322900058,-0.9038648219509818,0.9038648219509818,4.440892098500626e-16,-1,1,CbC,89.99999999999999,63.324483229000585,-1.0982544869129148e-16,1.136768611782199,-0.660546142644438,0.06009873913093749,0.660546142644438,0.7206448817753754,1.136768611782199,1.1506448817753754
234.5,81.5793815929504,80.70650697972985,152.92061840704963,152.92061840704963,153.79349302027015,153.79349302027015,-0.8728746132205476,0.8728746132205476,4.458239333260394e-16,-1,1,CbC,90.00000000000001,63.793493020270155,-1.0982544869129148e-16,1.142061303025522,-0.6630836523304642,0.05795706915394047,0.6630836523304642,0.7210407214844047,1.142061303025522,1.1510407214844047
235.0,81.5793815929504,80.73701446759495,153.4206184070496,153.4206184070496,154.26298553240505,154.26298553240505,-0.8423671253554504,0.8423671253554504,1.734723475976807e-18,-1,1,CbC,90.00000000000006,64.26298553240498,-1.0982544869129148e-16,1.1473849325300067,-0.6655776799304984,0.0558525094031111,0.6655776799304984,0.7214301893336096,1.1473849325300067,1.1514301893336096
235.5,81.5793815929504,80.7670359465759,153.92061840704963,153.92061840704963,154.73296405342413,154.73296405342413,-0.8123456463744954,0.8123456463744954,0.0,-1,1,CbC,89.99999999999999,64.73296405342411,-5.491272434564574e-17,1.1527391268661078,-0.6680280481006554,0.05378520487508832,0.6680280481006554,0.7218132529757437,1.1527391268661078,1.1518132529757437
236.0,81.5793815929504,80.79656813261369,154.42061840704963,154.42061840704963,155.20343186738634,155.20343186738634,-0.7828134603367097,0.7828134603367097,2.220446049250313e-16,-1,1,CbC,90.00000000000003,65.2034318673863,-7.117072126515622e-17,1.1581235105055885,-0.6704345832325634,0.05175529682367524,0.6704345832325634,0.7221898800562386,1.1581235105055885,1.1521898800562387
236.5,81.5793815929504,80.82560774587675,154.9206184070496,154.9206184070496,155.67439225412323,155.67439225412323,-0.7537738470736419,0.7537738470736419,2.220446049250313e-16,-1,1,CbC,90.00000000000003,65.67439225412323,-1.2608344561080197e-16,1.1635377058442111,-0.6727971154666406,0.04976292274600277,0.6727971154666406,0.7225600382126434,1.1635377058442113,1.1525600382126433
237.0,81.5793815929504,80.85415151103402,155.42061840704963,155.42061840704963,156.14584848896598,156.14584848896598,-0.725230081916381,0.725230081916381,4.458239333260394e-16,-1,1,CbC,89.99999999999999,66.14584848896601,-1.6257996919510486e-17,1.1689813332244645,-0.6751154787049938,0.047808216369124204,0.6751154787049938,0.722923695074118,1.1689813332244645,1.152923695074118
237.5,81.5793815929504,80.88219615753565,155.9206184070496,155.9206184070496,156.61780384246433,156.61780384246433,-0.6971854354147514,0.6971854354147514,4.440892098500626e-16,-1,1,CbC,90.00000000000001,66.61780384246434,-5.491272434564574e-17,1.1744540109582664,-0.6773895106239426,0.04589130763704707,0.6773895106239426,0.7232808182609897,1.1744540109582664,1.1532808182609897
238.0,81.5793815929504,80.90973841990093,156.42061840704963,156.42061840704963,157.09026158009905,157.09026158009905,-0.6696431730494609,0.6696431730494609,2.220446049250313e-16,-1,1,CbC,90.00000000000003,67.09026158009904,-1.0982544869129148e-16,1.1799553553496869,-0.6796190526861637,0.04401232269819821,0.6796190526861637,0.723631375384362,1.1799553553496869,1.153631375384362
238.5,81.5793815929504,80.93677503801298,156.92061840704963,156.92061840704963,157.56322496198706,157.56322496198706,-0.642606554937415,0.642606554937415,-1.734723475976807e-18,-1,1,CbC,89.99999999999999,67.56322496198705,-1.2608344561080197e-16,1.1854849807176513,-0.6818039501524527,0.04217138389334001,0.6818039501524527,0.7239753340457926,1.1854849807176515,1.1539753340457926
239.0,81.5793815929504,80.96330275742068,157.4206184070496,157.4206184070496,158.03669724257932,158.03669724257932,-0.6160788355297179,0.6160788355297179,2.220446049250313e-16,-1,1,CbC,90.00000000000003,68.03669724257928,-7.117072126515622e-17,1.191042499418655,-0.6839440520931,0.04036860974393073,0.6839440520931,0.7243126618370308,1.191042499418655,1.1543126618370307
239.5,81.5793815929504,80.98931832964847,157.92061840704963,157.92061840704963,158.51068167035154,158.51068167035154,-0.5900632633019228,0.5900632633019228,0.0,-1,1,CbC,89.99999999999996,68.51068167035157,-7.117072126515622e-17,1.1966275218694538,-0.6860392113988845,0.03860411494093627,0.6860392113988845,0.7246433263398208,1.1966275218694538,1.1546433263398208
240.0,81.5793815929504,81.01481851251263,158.4206184070496,158.4206184070496,158.98518148748738,158.98518148748738,-0.5645630804377726,0.5645630804377726,0.0,-1,1,CbC,89.99999999999999,68.98518148748735,-1.2608344561080197e-16,1.2022396565697555,-0.6880892847916694,0.03687801033410502,0.6880892847916694,0.7249672951257744,1.2022396565697557,1.1549672951257743
240.5,81.5793815929504,81.03980007044623,158.9206184070496,158.9206184070496,159.46019992955377,159.46019992955377,-0.5395815225041709,0.5395815225041709,2.203098814490545e-16,-1,1,CbC,90.00000000000003,69.46019992955375,-1.2608344561080197e-16,1.2078785101248832,-0.6900941328346152,0.03519040292169836,0.6900941328346152,0.7252845357563136,1.2078785101248835,1.1552845357563135
241.0,81.5793815929504,81.06425977483089,159.42061840704963,159.42061840704963,159.93574022516916,159.93574022516916,-0.5151218181195149,0.5151218181195149,0.0,-1,1,CbC,89.99999999999999,69.93574022516913,-1.2608344561080197e-16,1.2135436872684326,-0.6920536199419874,0.03354139584069405,0.6920536199419874,0.7255950157826815,1.2135436872684329,1.1555950157826815
241.5,81.5793815929504,81.08819440433624,159.9206184070496,159.9206184070496,160.41180559566376,160.41180559566376,-0.4911871886141636,0.4911871886141636,2.220446049250313e-16,-1,1,CbC,90.00000000000003,70.41180559566374,-1.2608344561080197e-16,1.2192347908849057,-0.6939676143885775,0.031931088357457074,0.6939676143885775,0.7258987027460345,1.219234790884906,1.1558987027460346
242.0,81.5793815929504,81.1116007452679,160.42061840704963,160.42061840704963,160.88839925473212,160.88839925473212,-0.467780847682499,0.467780847682499,0.0,-1,1,CbC,89.99999999999999,70.8883992547321,-7.117072126515622e-17,1.2249514220323188,-0.6958359883187134,0.030359575858887572,0.6958359883187134,0.726195564177601,1.2249514220323188,1.156195564177601
242.5,81.5793815929504,81.13447559192248,160.9206184070496,160.9206184070496,161.3655244080775,161.3655244080775,-0.4449060010279249,0.4449060010279249,2.220446049250313e-16,-1,1,CbC,90.00000000000003,71.36552440807749,-5.491272434564574e-17,1.2306931799647876,-0.6976586177548768,0.028828904348744862,0.6976586177548768,0.7264875221036217,1.2306931799647876,1.1564875221036217
243.0,81.5793815929504,81.15681574695131,161.4206184070496,161.4206184070496,161.84318425304866,161.84318425304866,-0.4225658459990874,0.4225658459990874,4.44956571588051e-16,-1,1,CbC,90.00000000000001,71.84318425304869,-1.0982544869129148e-16,1.2364596621550832,-0.6994353826059074,0.02733978213160213,0.6994353826059074,0.7267751647375096,1.2364596621550832,1.1567751647375095
243.5,81.5793815929504,81.1786180217318,161.92061840704963,161.92061840704963,162.32138197826822,162.32138197826822,-0.40076357121860307,0.40076357121860307,4.440892098500626e-16,-1,1,CbC,90.00000000000001,72.3213819782682,-5.491272434564574e-17,1.2422504643171575,-0.7011661666748046,0.025889608639733462,0.7011661666748046,0.727055775314538,1.2422504643171575,1.157055775314538
244.0,81.5793815929504,81.19987923674708,162.4206184070496,162.4206184070496,162.8001207632529,162.8001207632529,-0.3795023562033128,0.3795023562033128,4.440892098500626e-16,-1,1,CbC,89.99999999999996,72.80012076325293,-5.491272434564574e-17,1.2480651804286351,-0.7028508576661193,0.024478463018133396,0.7028508576661193,0.7273293206842527,1.2480651804286351,1.1573293206842528
244.5,81.5793815929504,81.22059622197405,162.92061840704963,162.92061840704963,163.27940377802594,163.27940377802594,-0.3587853709763437,0.3587853709763437,4.432218481120742e-16,-1,1,CbC,90.00000000000001,73.27940377802592,-7.117072126515622e-17,1.2539034027532727,-0.7044893471929293,0.023106420497406455,0.7044893471929293,0.7275957676903357,1.2539034027532727,1.1575957676903357
245.0,81.5793815929504,81.24076581727982,163.42061840704963,163.42061840704963,163.75923418272018,163.75923418272018,-0.33861577567057005,0.33861577567057005,4.440892098500626e-16,-1,1,CbC,90.00000000000001,73.75923418272018,-1.2608344561080197e-16,1.2597647218633714,-0.7060815307834051,0.021773552387942405,0.7060815307834051,0.7278550831713475,1.2597647218633716,1.1578550831713474
245.5,81.5793815929504,81.2603848728263,163.9206184070496,163.9206184070496,164.23961512717372,164.23961512717372,-0.3189967201241101,0.3189967201241101,2.229119666630197e-16,-1,1,CbC,90.00000000000003,74.23961512717368,-5.491272434564574e-17,1.2656487266621612,-0.7076273078869525,0.020479926074616656,0.7076273078869525,0.7281072339615692,1.2656487266621612,1.1581072339615692
246.0,81.5793815929504,81.27945024948366,164.42061840704963,164.42061840704963,164.72054975051634,164.72054975051634,-0.2999313434667399,0.2999313434667399,4.440892098500626e-16,-1,1,CbC,90.00000000000006,74.7205497505163,-5.491272434564574e-17,1.2715550044061337,-0.7091265818799413,0.019225605011998236,0.7091265818799413,0.7283521868919395,1.2715550044061337,1.1583521868919395
246.5,81.5793815929504,81.29795881925246,164.9206184070496,164.9206184070496,165.20204118074753,165.20204118074753,-0.281422773697948,0.281422773697948,4.440892098500626e-16,-1,1,CbC,90.00000000000001,75.2020411807475,-7.117072126515622e-17,1.2774831407273322,-0.7105792600710092,0.018010648720080187,0.7105792600710092,0.7285899087910894,1.2774831407273322,1.1585899087910894
247.0,81.5793815929504,81.31590746569404,165.42061840704963,165.42061840704963,165.684092534306,165.684092534306,-0.2634741272563646,0.2634741272563646,0.0,-1,1,CbC,90.00000000000001,75.68409253430596,-7.117072126515622e-17,1.283432719655602,-0.7119852537059427,0.016835112780540888,0.7119852537059427,0.7288203664864835,1.283432719655602,1.1588203664864836
247.5,81.5793815929504,81.33329308437045,165.92061840704963,165.92061840704963,166.1667069156296,166.1667069156296,-0.246088508579942,0.246088508579942,8.673617379884035e-19,-1,1,CbC,89.99999999999999,76.16670691562955,-1.0982544869129148e-16,1.2894033236407771,-0.7133444779721272,0.015699048833532077,0.7133444779721272,0.7290435268056593,1.2894033236407771,1.1590435268056594
248.0,81.5793815929504,81.35011258329271,166.4206184070496,166.4206184070496,166.64988741670726,166.64988741670726,-0.22926900965768665,0.22926900965768665,4.440892098500626e-16,-1,1,CbC,90.00000000000001,76.64988741670727,-5.491272434564574e-17,1.2953945335748334,-0.7146568520025772,0.014602504575006213,0.7146568520025772,0.7292593565775835,1.2953945335748334,1.1592593565775835
248.5,81.5793815929504,81.36636288337839,166.92061840704963,166.92061840704963,167.13363711662163,167.13363711662163,-0.21301870957201635,0.21301870957201635,4.440892098500626e-16,-1,1,CbC,89.99999999999999,77.13363711662164,-5.491272434564574e-17,1.3014059288139783,-0.7159222988795251,0.013545523754580659,0.7159222988795251,0.7294678226341057,1.3014059288139783,1.1594678226341057
249.0,81.5793815929504,81.38204091891798,167.4206184070496,167.4206184070496,167.617959081082,167.617959081082,-0.1973406740324138,0.1973406740324138,0.0,-1,1,CbC,89.99999999999999,77.617959081082,-7.117072126515622e-17,1.307437087200687,-0.7171407456375851,0.012528146173954468,0.7171407456375851,0.7296688918115396,1.307437087200687,1.1596688918115396
249.5,81.5793815929504,81.39714363805082,167.9206184070496,167.9206184070496,168.1028563619492,168.1028563619492,-0.18223795489957786,0.18223795489957786,2.220446049250313e-16,-1,1,CbC,90.00000000000003,78.10285636194914,-1.0982544869129148e-16,1.3134875850856946,-0.7183121232664778,0.011550407685870474,0.7183121232664778,0.7298625309523482,1.3134875850856946,1.1598625309523483
250.0,81.5793815929504,81.41166800325011,168.42061840704963,168.42061840704963,168.5883319967499,168.5883319967499,-0.1677135897002872,0.1677135897002872,4.440892098500626e-16,-1,1,CbC,89.99999999999999,78.58833199674991,-1.0982544869129148e-16,1.3195569973499115,-0.7194363667133169,0.010612340193636775,0.7194363667133169,0.7300487069069537,1.3195569973499115,1.1600487069069536
250.5,81.5793815929504,81.42561099181685,168.9206184070496,168.9206184070496,169.07438900818312,169.07438900818312,-0.15377060113354907,0.15377060113354907,4.440892098500626e-16,-1,1,CbC,90.00000000000001,79.07438900818312,-8.236908651846861e-17,1.3256448974262989,-0.7205134148844587,0.009713971651207283,0.7205134148844587,0.730227386535666,1.3256448974262989,1.160227386535666
251.0,81.5793815929504,81.43896959638411,169.42061840704963,169.42061840704963,169.5610304036159,169.5610304036159,-0.1404119965662905,0.1404119965662905,4.440892098500626e-16,-1,1,CbC,89.99999999999999,79.56103040361593,-8.236908651846861e-17,1.3317508573216728,-0.7215432106469091,0.008855326063830124,0.7215432106469091,0.7303985367107392,1.3317508573216728,1.1603985367107392
251.5,81.5793815929504,81.45174082542975,169.9206184070496,169.9206184070496,170.04825917457023,170.04825917457023,-0.12764076752065315,0.12764076752065315,2.220446049250313e-16,-1,1,CbC,90.00000000000003,80.04825917457019,-9.862708343797909e-17,1.3378744476384516,-0.7225257008292835,0.008036423489265766,0.7225257008292835,0.7305621243185493,1.3378744476384516,1.1605621243185493
252.0,81.5793815929504,81.46392170379964,170.4206184070496,170.4206184070496,170.53607829620037,170.53607829620037,-0.1154598891507536,0.1154598891507536,0.0,-1,1,CbC,90.00000000000001,80.53607829620034,-8.236908651846861e-17,1.344015237596342,-0.7234608362223306,0.007257280039578357,0.7234608362223306,0.730718116261909,1.344015237596342,1.160718116261909
252.5,81.5793815929504,81.47550927323984,170.92061840704963,170.92061840704963,171.0244907267602,171.0244907267602,-0.10387231971056404,0.10387231971056404,0.0,-1,1,CbC,89.99999999999999,81.02449072676019,-9.862708343797909e-17,1.3501727950539588,-0.7243485715789955,0.00651790788351416,0.7243485715789955,0.7308664794625096,1.3501727950539588,1.1608664794625096
253.0,81.5793815929504,81.48650059293874,171.4206184070496,171.4206184070496,171.51349940706126,171.51349940706126,-0.09288100001166576,0.09288100001166576,-2.168404344971009e-19,-1,1,CbC,89.99999999999999,81.51349940706126,-8.236908651846861e-17,1.3563466865303855,-0.7251888656140452,0.005818315249458815,0.7251888656140452,0.731007180863504,1.3563466865303855,1.161007180863504
253.5,81.5793815929504,81.49689274007928,171.92061840704963,171.92061840704963,172.00310725992074,172.00310725992074,-0.08248885287113036,0.08248885287113036,2.220446049250313e-16,-1,1,CbC,90.00000000000003,82.00310725992068,-8.236908651846861e-17,1.362536477226664,-0.7259816810032357,0.005158506428990765,0.7259816810032357,0.7311401874322264,1.362536477226664,1.1611401874322265
254.0,81.5793815929504,81.50668281040065,172.42061840704963,172.42061840704963,172.49331718959937,172.49331718959937,-0.07269878254974466,0.07269878254974466,2.220446049250313e-16,-1,1,CbC,90.00000000000003,82.49331718959934,-9.862708343797909e-17,1.3687417310472225,-0.7267269843820292,0.004538481781024446,0.7267269843820292,0.7312654661630537,1.3687417310472225,1.1612654661630537
254.5,81.5793815929504,81.51586791876998,172.9206184070496,172.9206184070496,172.98413208123003,172.98413208123003,-0.06351367418041418,0.06351367418041418,0.0,-1,1,CbC,90.00000000000001,82.98413208123,-8.236908651846861e-17,1.3749620106212386,-0.727424746343856,0.00395823773655823,0.727424746343856,0.7313829840804142,1.3749620106212386,1.1613829840804142
255.0,81.5793815929504,81.52444519976413,173.42061840704963,173.42061840704963,173.47555480023587,173.47555480023587,-0.05493639318627436,0.05493639318627436,4.440892098500626e-16,-1,1,CbC,90.00000000000001,83.47555480023588,-8.236908651846861e-17,1.3811968773239407,-0.7280749414379191,0.003417766804026153,0.7280749414379191,0.7314927082419452,1.3811968773239407,1.1614927082419453
255.5,81.5793815929504,81.53241180826147,173.9206184070496,173.9206184070496,173.9675881917385,173.9675881917385,-0.04696978468892915,0.04696978468892915,2.220446049250313e-16,-1,1,CbC,90.00000000000003,83.9675881917385,-8.236908651846861e-17,1.3874458912978265,-0.728677548166543,0.0029170575752565553,0.728677548166543,0.7315946057417995,1.3874458912978265,1.1615946057417994
256.0,81.5793815929504,81.53976492004402,174.42061840704963,174.42061840704963,174.46023507995596,174.46023507995596,-0.039616672906372136,0.039616672906372136,4.440892098500626e-16,-1,1,CbC,90.00000000000001,84.46023507995596,-8.236908651846861e-17,1.393708611473835,-0.7292325489820589,0.0024560947320514067,0.7292325489820589,0.7316886437141104,1.393708611473835,1.1616886437141103
256.5,81.5793815929504,81.54650173240927,174.92061840704963,174.92061840704963,174.95349826759076,174.95349826759076,-0.03287986054113677,0.03287986054113677,4.440892098500626e-16,-1,1,CbC,90.00000000000001,84.95349826759075,-8.236908651846861e-17,1.3999845955924417,-0.7297399302832347,0.002034859053377304,0.7297399302832347,0.731774789336612,1.3999845955924417,1.161774789336612
257.0,81.5793815929504,81.5526194647926,175.4206184070496,175.4206184070496,175.4473805352074,175.4473805352074,-0.02676212815779829,0.02676212815779829,0.0,-1,1,CbC,90.00000000000001,85.44738053520737,-1.0982544869129148e-16,1.4062734002246886,-0.730199682411236,0.0016533274231858655,0.730199682411236,0.7318530098344219,1.4062734002246886,1.161853009834422
257.5,81.5793815929504,81.55811535940006,175.92061840704963,175.92061840704963,175.94188464059997,175.94188464059997,-0.021266233550335897,0.021266233550335897,0.0,-1,1,CbC,89.99999999999999,85.94188464059997,-1.0982544869129148e-16,1.4125745807931507,-0.7306117996451283,0.0013114728388621823,0.7306117996451283,0.7319232724839906,1.4125745807931507,1.1619232724839905
258.0,81.5793815929504,81.56298668185099,176.4206184070496,176.4206184070496,176.43701331814898,176.43701331814898,-0.016394911099419002,0.016394911099419002,4.440892098500626e-16,-1,1,CbC,89.99999999999999,86.43701331814903,-1.0982544869129148e-16,1.4188876915928357,-0.7309762801969109,0.0010092644203024454,0.7309762801969109,0.7319855446172133,1.4188876915928357,1.1619855446172134
258.5,81.5793815929504,81.56723072183154,176.9206184070496,176.9206184070496,176.93276927816848,176.93276927816848,-0.012150871118866861,0.012150871118866861,0.0,-1,1,CbC,89.99999999999999,86.93276927816846,-8.236908651846861e-17,1.4252122858120213,-0.7312931262060849,0.0007466674196347033,0.7312931262060849,0.7320397936257196,1.4252122858120213,1.1620397936257196
259.0,81.5793815929504,81.5708447937583,177.42061840704963,177.42061840704963,177.42915520624172,177.42915520624172,-0.008536799192108523,0.008536799192108523,4.440892098500626e-16,-1,1,CbC,90.00000000000001,87.4291552062417,-1.0982544869129148e-16,1.4315479155530284,-0.7315623437337562,0.0005236432315763854,0.7315623437337562,0.7320859869653326,1.4315479155530284,1.1620859869653326
259.5,81.5793815929504,81.57382623745248,177.9206184070496,177.9206184070496,177.9261737625475,177.9261737625475,-0.005555355497917963,0.005555355497917963,2.220446049250313e-16,-1,1,CbC,90.00000000000003,87.92617376254748,-8.236908651846861e-17,1.4378941318529277,-0.7317839427562649,0.0003401494044421446,0.7317839427562649,0.7321240921607071,1.4378941318529277,1.162124092160707
260.0,81.5793815929504,81.57617241882458,178.42061840704963,178.42061840704963,178.42382758117543,178.42382758117543,-0.0032091741258187686,0.0032091741258187686,4.440892098500626e-16,-1,1,CbC,89.99999999999999,88.42382758117546,-8.236908651846861e-17,1.4442504847041913,-0.7319579371583488,0.0001961396518014389,0.7319579371583488,0.7321540768101502,1.4442504847041913,1.1621540768101501
260.5,81.5793815929504,81.57788073056923,178.92061840704963,178.92061840704963,178.92211926943082,178.92211926943082,-0.001500862381171115,0.001500862381171115,0.0,-1,1,CbC,89.99999999999999,88.92211926943081,-8.236908651846861e-17,1.4506165230752803,-0.7320843447258342,9.156386478967759e-05,0.7320843447258342,0.7321759085906239,1.4506165230752803,1.1621759085906238
261.0,81.5793815929504,81.57894859287116,179.4206184070496,179.4206184070496,179.42105140712886,179.42105140712886,-0.0004330000792412844,0.0004330000792412844,0.0,-1,1,CbC,90.00000000000006,89.42105140712877,-1.0982544869129148e-16,1.456991794931178,-0.7321631871378567,2.6368125080722054e-05,0.7321631871378567,0.7321895552629374,1.456991794931178,1.1621895552629373
261.5,81.5793815929504,81.5793734541215,179.92061840704963,179.92061840704963,179.92062654587855,179.92062654587855,-8.138828902589664e-06,8.138828902589664e-06,0.0,-1,1,CbC,90.00000000000001,89.92062654587849,-1.0982544869129148e-16,1.4633758472538567,-0.7321944899586077,4.947185208661078e-07,0.7321944899586077,0.7321949846771285,1.4633758472538567,1.1621949846771285
262.0,81.5793815929504,81.57960989736628,-179.57938159295043,179.57938159295043,-179.57960989736634,179.57960989736634,0.00022830441588663007,0.00022830441588663007,4.440892098500626e-16,1,1,CbC,90.00000000000003,89.57960989736627,-9.609726760488004e-17,1.4590179701062496,-1.3894849198771877e-05,0.7321782762787385,0.7321782762787385,0.7321921711279373,1.4590179701062496,1.1621921711279373
262.5,81.5793815929504,81.58047386204561,-179.0793815929504,179.0793815929504,-179.08047386204564,179.08047386204564,0.001092269095210208,0.001092269095210208,2.220446049250313e-16,1,1,CbC,90.00000000000001,89.08047386204561,-6.864090543205717e-17,1.4526398610515334,-6.65983526277526e-05,0.7321145318576294,0.7321145318576294,0.7321811302102572,1.4526398610515334,1.1621811302102572
263.0,81.5793815929504,81.58197907810865,-178.57938159295037,178.57938159295037,-178.58197907810865,178.58197907810865,0.0025974851582506054,0.0025974851582506054,2.220446049250313e-16,1,1,CbC,90.00000000000001,88.5819790781086,-9.609726760488004e-17,1.446270841596932,-0.00015866427837560646,0.7320032298327371,0.7320032298327371,0.7321618941111128,1.446270841596932,1.1621618941111127
263.5,81.5793815929504,81.58412295983514,-178.07938159295043,178.07938159295043,-178.08412295983518,178.08412295983518,0.00474136688473644,0.00474136688473644,4.440892098500626e-16,1,1,CbC,89.99999999999999,88.08412295983516,-8.236908651846861e-17,1.43991136390296,-0.00029014812941909653,0.7318443471014858,0.7318443471014858,0.7321344952309049,1.43991136390296,1.162134495230905
264.0,81.5793815929504,81.58690288767737,-177.5793815929504,177.5793815929504,-177.58690288767738,177.58690288767738,0.007521294726970903,0.007521294726970903,2.220446049250313e-16,1,1,CbC,90.00000000000001,87.58690288767734,-9.862708343797909e-17,1.4335618790551743,-0.00046110175978085444,0.731637864373942,0.731637864373942,0.7320989661337228,1.4335618790551743,1.1620989661337229
264.5,81.5793815929504,81.5903162090945,-177.07938159295043,177.07938159295043,-177.09031620909454,177.09031620909454,0.010934616144103976,0.010934616144103976,0.0,1,1,CbC,90.00000000000003,87.09031620909451,-9.609726760488004e-17,1.4272228370453552,-0.0006715733581843041,0.7313837661823477,0.7313837661823477,0.732055339540532,1.4272228370453552,1.162055339540532
265.0,81.5793815929504,81.59436023937657,-176.5793815929504,176.5793815929504,-176.5943602393766,176.5943602393766,0.014978646426175982,0.014978646426175982,4.440892098500626e-16,1,1,CbC,90.00000000000001,86.59436023937658,-8.236908651846861e-17,1.420894686752646,-0.0009216074323831537,0.7310820408901829,0.7310820408901829,0.732003648322566,1.420894686752646,1.162003648322566
265.5,81.5793815929504,81.59903226245757,-176.0793815929504,176.0793815929504,-176.09903226245757,176.09903226245757,0.019650669507169136,0.019650669507169136,2.220446049250313e-16,1,1,CbC,90.00000000000003,86.09903226245753,-8.923317706167432e-17,1.414577875924666,-0.0012112447941663212,0.7307326807007493,0.7307326807007493,0.7319439254949156,1.414577875924666,1.1619439254949155
266.0,81.5793815929504,81.60432953171768,-175.57938159295043,175.57938159295043,-175.60432953171772,175.60432953171772,0.024947938767283385,0.024947938767283385,2.220988150336556e-16,1,1,CbC,89.99999999999999,85.6043295317177,-7.550499597526289e-17,1.4082728511585616,-0.0015405225450298948,0.7303356816652878,0.7303356816652878,0.7318762042103177,1.4082728511585616,1.1618762042103177
266.5,81.5793815929504,81.61024927077509,-175.0793815929504,175.0793815929504,-175.11024927077509,175.11024927077509,0.030867677824690975,0.030867677824690975,0.0,1,1,CbC,89.99999999999999,85.11024927077509,-9.862708343797909e-17,1.401980057882032,-0.0019094740625197075,0.7298910436906133,0.7298910436906133,0.731800517753133,1.401980057882032,1.161800517753133
267.0,81.5793815929504,81.61678867426643,-174.57938159295043,174.57938159295043,-174.61678867426647,174.61678867426647,0.037407081316031814,0.037407081316031814,2.2215302514227986e-16,1,1,CbC,89.99999999999999,84.61678867426646,-8.236908651846861e-17,1.3956999403342973,-0.0023181289872342414,0.7293987705462832,0.7293987705462832,0.7317168995335175,1.3956999403342973,1.1617168995335174
267.5,81.5793815929504,81.62394490861682,-174.0793815929504,174.0793815929504,-174.12394490861683,174.12394490861683,0.04456331566642582,0.04456331566642582,2.220446049250313e-16,1,1,CbC,89.99999999999999,84.12394490861686,-8.923317706167432e-17,1.389432941547009,-0.0027665132104907598,0.7288588698712946,0.7288588698712946,0.7316253830817853,1.389432941547009,1.1616253830817853
268.0,81.5793815929504,81.63171511279884,-173.5793815929504,173.5793815929504,-173.63171511279884,173.63171511279884,0.05233351984844228,0.05233351984844228,4.4398078963281407e-16,1,1,CbC,89.99999999999999,83.63171511279884,-9.266522233327719e-17,1.3831795033251228,-0.0032546488626485127,0.7282713531802969,0.7282713531802969,0.7315260020429454,1.3831795033251228,1.1615260020429454
268.5,81.5793815929504,81.64009639908063,-173.07938159295043,173.07938159295043,-173.14009639908065,173.14009639908065,0.06071480613022987,0.06071480613022987,2.168404344971009e-19,1,1,CbC,90.00000000000003,83.1400963990806,-8.923317706167432e-17,1.3769400662277034,-0.0037825543020833115,0.7276362358693507,0.7276362358693507,0.731418790171434,1.3769400662277034,1.161418790171434
269.0,81.5793815929504,81.64908585376298,-172.5793815929504,172.5793815929504,-172.649085853763,172.649085853763,0.06970426081257858,0.06970426081257858,4.440892098500626e-16,1,1,CbC,90.00000000000001,82.64908585376297,-8.75171544258729e-17,1.3707150695486723,-0.00435024410481491,0.7269535372211988,0.7269535372211988,0.7313037813260137,1.3707150695486723,1.1613037813260136
269.5,81.5793815929504,81.65868053790591,-172.07938159295037,172.07938159295037,-172.15868053790592,172.15868053790592,0.07929894495551083,0.07929894495551083,4.440892098500626e-16,1,1,CbC,90.00000000000001,82.15868053790587,-8.837516574377361e-17,1.364504951297506,-0.004957729054778889,0.7262232804100761,0.7262232804100761,0.731181009464855,1.364504951297506,1.161181009464855
270.0,81.5793815929504,81.66887748804382,-171.5793815929504,171.5793815929504,-171.66887748804385,171.66887748804385,0.08949589509342303,0.08949589509342303,2.220446049250313e-16,1,1,CbC,90.00000000000001,81.6688774880438,-8.87013887943066e-17,1.3583101481798598,-0.005605016134742622,0.72544549250605,0.72544549250605,0.7310505086407926,1.3583101481798598,1.1610505086407925
270.5,81.5793815929504,81.67967371689019,-171.0793815929504,171.0793815929504,-171.1796737168902,171.1796737168902,0.10029212393979456,0.10029212393979456,2.220446049250313e-16,1,1,CbC,90.00000000000003,81.17967371689016,0.0,1.3521310955781338,-0.006292108517856138,0.7246202044788841,0.7246202044788841,0.7309123129967402,1.3521310955781338,1.1609123129967402
271.0,81.5793815929504,81.69106621403112,-170.57938159295043,170.57938159295043,-170.69106621403117,170.69106621403117,0.11168462108072696,0.11168462108072696,2.220446049250313e-16,1,1,CbC,90.00000000000001,80.69106621403114,-1.7160226358014293e-18,1.3459682275319789,-0.007019005559841633,0.7237474512014452,0.7237474512014452,0.7307664567612868,1.3459682275319789,1.1607664567612868
271.5,81.5793815929504,81.70305194660831,-170.0793815929504,170.0793815929504,-170.20305194660833,170.20305194660833,0.12367035365791065,0.12367035365791065,4.440892098500626e-16,1,1,CbC,90.00000000000001,80.2030519466083,0.0,1.3398219767187334,-0.00778570279181007,0.7228272714526353,0.7228272714526353,0.7306129742444454,1.3398219767187334,1.1606129742444453
272.0,81.5793815929504,81.71562785999089,-169.57938159295037,169.57938159295037,-169.7156278599909,169.7156278599909,0.13624626704048542,0.13624626704048542,2.216109240560371e-16,1,1,CbC,90.00000000000001,79.71562785999085,0.0,1.3336927744337945,-0.008592191913703922,0.7218597079198626,0.7218597079198626,0.7304518998335666,1.3336927744337945,1.1604518998335667
272.5,81.5793815929504,81.72879087843668,-169.07938159295043,169.07938159295043,-169.2287908784367,169.2287908784367,0.14940928548629034,0.14940928548629034,2.220446049250313e-16,1,1,CbC,90.00000000000001,79.2287908784367,0.0,1.3275810505709185,-0.00943846078836419,0.7208448072010479,0.7208448072010479,0.7302832679894121,1.3275810505709185,1.1602832679894122
273.0,81.5793815929504,81.74253790574274,-168.5793815929504,168.5793815929504,-168.74253790574272,168.74253790574272,0.16315631279233825,0.16315631279233825,0.0,1,1,CbC,90.00000000000001,78.74253790574272,0.0,1.3214872336024635,-0.010324493436209557,0.7197826198061659,0.7197826198061659,0.7301071132423754,1.3214872336024635,1.1601071132423755
273.5,81.5793815929504,81.75686582588489,-168.07938159295043,168.07938159295043,-168.25686582588492,168.25686582588492,0.17748423293448878,0.17748423293448878,2.220446049250313e-16,1,1,CbC,90.00000000000003,78.2568658258849,0.0,1.315411750559553,-0.011250270030533891,0.7186732001583289,0.7186732001583289,0.7299234701888628,1.315411750559553,1.1599234701888628
274.0,81.5793815929504,81.77177150364685,-167.5793815929504,167.5793815929504,-167.77177150364687,167.77177150364687,0.19238991069644762,0.19238991069644762,2.220446049250313e-16,1,1,CbC,90.00000000000001,77.77177150364685,0.0,1.3093550270121752,-0.012215766893409148,0.7175166065944074,0.7175166065944074,0.7297323734878166,1.3093550270121752,1.1597323734878167
274.5,81.5793815929504,81.78725178523872,-167.0793815929504,167.0793815929504,-167.2872517852387,167.2872517852387,0.2078701922883208,0.2078701922883208,2.220446049250313e-16,1,1,CbC,90.00000000000001,77.28725178523868,0.0,1.3033174870492235,-0.01322095649218991,0.7163129013651967,0.7163129013651967,0.7295338578573866,1.3033174870492235,1.1595338578573866
275.0,81.5793815929504,81.80330349890467,-166.57938159295043,166.57938159295043,-166.80330349890468,166.80330349890468,0.22392190595426592,0.22392190595426592,2.220446049250313e-16,1,1,CbC,89.99999999999999,76.8033034989047,0.0,1.297299553258452,-0.0142658074366208,0.7150621506351232,0.7150621506351232,0.729327958071744,1.297299553258452,1.159327958071744
275.5,81.5793815929504,81.81992345552037,-166.0793815929504,166.0793815929504,-166.31992345552038,166.31992345552038,0.24054186256996596,0.24054186256996596,2.220446049250313e-16,1,1,CbC,90.00000000000001,76.31992345552034,0.0,1.2913016467063727,-0.015350284476537409,0.7137644244814954,0.7137644244814954,0.7291147089580328,1.2913016467063727,1.1591147089580327
276.0,81.5793815929504,81.83710844917961,-165.57938159295043,165.57938159295043,-165.83710844917965,165.83710844917965,0.2577268562292123,0.2577268562292123,4.440892098500626e-16,1,1,CbC,90.00000000000001,75.83710844917962,0.0,1.2853241869180865,-0.016474348500153706,0.7124197968933084,0.7124197968933084,0.7288941453934621,1.2853241869180865,1.158894145393462
276.5,81.5793815929504,81.85485525777099,-165.0793815929504,165.0793815929504,-165.35485525777102,165.35485525777102,0.27547366482059055,0.27547366482059055,2.211772431870429e-16,1,1,CbC,90.00000000000001,75.35485525777099,0.0,1.2793675918570417,-0.01763795653293809,0.7110283457695886,0.7110283457695886,0.7286663023025267,1.2793675918570417,1.1586663023025268
277.0,81.5793815929504,81.87316064354377,-164.5793815929504,164.5793815929504,-164.87316064354377,164.87316064354377,0.2937790505933641,0.2937790505933641,2.229119666630197e-16,1,1,CbC,90.00000000000003,74.87316064354373,0.0,1.2734322779047293,-0.018841061737067896,0.709590152917296,0.709590152917296,0.7284312146543639,1.2734322779047293,1.1584312146543638
277.5,81.5793815929504,81.8920213536637,-164.07938159295043,164.07938159295043,-164.39202135366372,164.39202135366372,0.3126397607132965,0.3126397607132965,0.0,1,1,CbC,90.00000000000001,74.39202135366371,-1.3728181086411434e-17,1.267518659840311,-0.020083613411458763,0.7081053040487755,0.7081053040487755,0.7281889174602343,1.267518659840311,1.1581889174602342
278.0,81.5793815929504,81.9114341207587,-163.5793815929504,163.5793815929504,-163.9114341207587,163.9114341207587,0.33205252780829303,0.33205252780829303,4.440892098500626e-16,1,1,CbC,90.00000000000003,73.91143412075866,0.0,1.2616271508201828,-0.021365556992366638,0.7065738887787631,0.7065738887787631,0.7279394457711298,1.2616271508201828,1.1579394457711298
278.5,81.5793815929504,81.93139566345414,-163.07938159295037,163.07938159295037,-163.4313956634541,163.4313956634541,0.3520140705037403,0.3520140705037403,-8.673617379884035e-19,1,1,CbC,90.00000000000001,73.43139566345411,0.0,1.255758162357477,-0.022686834054549628,0.7049960006209537,0.7049960006209537,0.7276828346755033,1.255758162357477,1.1576828346755033
279.0,81.5793815929504,81.95190268689835,-162.5793815929504,162.5793815929504,-162.95190268689836,162.95190268689836,0.3725210939479455,0.3725210939479455,2.229119666630197e-16,1,1,CbC,90.00000000000001,72.95190268689835,0.0,1.249912104301497,-0.024047382312999334,0.7033717369841186,0.7033717369841186,0.7274191192971179,1.249912104301497,1.157419119297118
279.5,81.5793815929504,81.9729518832779,-162.0793815929504,162.0793815929504,-162.47295188327791,162.47295188327791,0.39357029032750224,0.39357029032750224,2.220446049250313e-16,1,1,CbC,90.00000000000001,72.47295188327786,0.0,1.2440893848170944,-0.0254471356252198,0.7017011991677926,0.7017011991677926,0.7271483347930124,1.2440893848170944,1.1571483347930125
280.0,81.5793815929504,81.99453993232314,-161.57938159295043,161.57938159295043,-161.99453993232316,161.99453993232316,0.41515833937274244,0.41515833937274244,2.229119666630197e-16,1,1,CbC,90.00000000000001,71.99453993232314,0.0,1.2382904103639853,-0.02688602399406001,0.699984492357523,0.699984492357523,0.7268705163515831,1.2382904103639853,1.1568705163515831
280.5,81.5793815929504,82.0166635018038,-161.0793815929504,161.0793815929504,-161.5166635018038,161.5166635018038,0.43728190885340823,0.43728190885340823,0.0,1,1,CbC,89.99999999999999,71.5166635018038,0.0,1.2325155856760066,-0.028363973571094856,0.6982217256196771,0.6982217256196771,0.726585699190772,1.2325155856760066,1.156585699190772
281.0,81.5793815929504,82.03931924801503,-160.57938159295037,160.57938159295037,-161.039319248015,161.039319248015,0.45993765506462714,0.45993765506462714,0.0,1,1,CbC,90.00000000000003,71.03931924801499,0.0,1.2267653137403207,-0.02988199998821223,0.6964130118958275,0.6964130118958275,0.7262950118840398,1.2267653137403207,1.1562950118840398
281.5,81.5793815929504,82.06250381625333,-160.07938159295043,160.07938159295043,-160.56250381625335,160.56250381625335,0.483122223302927,0.483122223302927,0.0,1,1,CbC,90.00000000000001,70.56250381625333,0.0,1.221039995776554,-0.031442535976108466,0.6945584679967002,0.6945584679967002,0.7260010039728086,1.221039995776554,1.1560010039728086
282.0,81.5793815929504,82.08621384128362,-159.5793815929504,159.5793815929504,-160.08621384128364,160.08621384128364,0.5068322483332174,0.5068322483332174,4.440892098500626e-16,1,1,CbC,90.00000000000003,70.08621384128358,0.0,1.2153400312158962,-0.033041995102261565,0.6926582145956983,0.6926582145956983,0.7257002096979599,1.2153400312158962,1.1557002096979598
282.5,81.5793815929504,82.11044594779617,-159.07938159295043,159.07938159295043,-159.61044594779622,159.61044594779622,0.5310643548457723,0.5310643548457723,2.220446049250313e-16,1,1,CbC,90.00000000000001,69.61044594779618,0.0,1.2096658176801414,-0.0346802874723726,0.6907123762220019,0.6907123762220019,0.7253926636943745,1.2096658176801414,1.1553926636943745
283.0,81.5793815929504,82.13519675085455,-158.5793815929504,158.5793815929504,-159.13519675085453,159.13519675085453,0.5558151579041534,0.5558151579041534,-2.220446049250313e-16,1,1,CbC,90.00000000000001,69.13519675085455,0.0,1.2040177509606727,-0.03635731936371017,0.6887210812532393,0.6887210812532393,0.7250784006169495,1.2040177509606727,1.1550784006169494
283.5,81.5793815929504,82.16046285633404,-158.0793815929504,158.0793815929504,-158.66046285633402,158.66046285633402,0.5810812633836305,0.5810812633836305,0.0,1,1,CbC,90.00000000000001,68.66046285633401,0.0,1.1983962249974165,-0.038072993231740564,0.6866844619077467,0.6866844619077467,0.7247574551394872,1.1983962249974165,1.1547574551394872
284.0,81.5793815929504,82.18624086135092,-157.57938159295043,157.57938159295043,-158.18624086135094,158.18624086135094,0.6068592684005315,0.6068592684005315,0.0,1,1,CbC,90.00000000000001,68.18624086135091,0.0,1.1928016318577377,-0.03982720771727014,0.6846026542364032,0.6846026542364032,0.7244298619536733,1.1928016318577377,1.1544298619536733
284.5,81.5793815929504,82.21252735468282,-157.0793815929504,157.0793815929504,-157.71252735468278,157.71252735468278,0.6331457617324187,0.6331457617324187,-4.440892098500626e-16,1,1,CbC,90.00000000000001,67.71252735468279,0.0,1.1872343617152932,-0.04161985765409209,0.682475798114054,0.682475798114054,0.724095655768146,1.1872343617152932,1.154095655768146
285.0,81.5793815929504,82.23931891717965,-156.57938159295043,156.57938159295043,-157.23931891717967,157.23931891717967,0.6599373242292453,0.6599373242292453,0.0,1,1,CbC,90.00000000000001,67.23931891717963,0.0,1.1816948028288565,-0.04345083407713113,0.6803040372305194,0.6803040372305194,0.7237548713076505,1.1816948028288565,1.1537548713076504
285.5,81.5793815929504,82.26661212216604,-156.0793815929504,156.0793815929504,-156.76661212216607,156.76661212216607,0.687230529215645,0.687230529215645,1.734723475976807e-18,1,1,CbC,90.00000000000001,66.76661212216604,-2.745636217282287e-17,1.176183341521091,-0.04532002423108317,0.6780875190811956,0.6780875190811956,0.7234075433122787,1.176183341521091,1.1534075433122788
286.0,81.5793815929504,82.29440353583466,-155.5793815929504,155.5793815929504,-156.29440353583468,156.29440353583468,0.7150219428842649,0.7150219428842649,2.220446049250313e-16,1,1,CbC,89.99999999999999,66.29440353583466,0.0,1.1707003621572951,-0.04722731157954576,0.6758263949572456,0.6758263949572456,0.7230537065367914,1.1707003621572951,1.1530537065367914
286.5,81.5793815929504,82.32268971763106,-155.07938159295043,155.07938159295043,-155.8226897176311,155.8226897176311,0.7433081246806632,0.7433081246806632,2.220446049250313e-16,1,1,CbC,90.00000000000003,65.82268971763105,0.0,1.1652462471241165,-0.04917257581462758,0.6735208199353899,0.6735208199353899,0.7226933957500175,1.1652462471241165,1.1526933957500174
287.0,81.5793815929504,82.35146722062947,-154.5793815929504,154.5793815929504,-155.35146722062947,155.35146722062947,0.7720856276790725,0.7720856276790725,2.237793284010081e-16,1,1,CbC,90.00000000000001,65.35146722062944,5.491272434564574e-17,1.1598213768082253,-0.05115569286704558,0.6711709528672877,0.6711709528672877,0.7223266457343333,1.1598213768082253,1.1523266457343333
287.5,81.5793815929504,82.38073259190068,-154.07938159295037,154.07938159295037,-154.88073259190065,154.88073259190065,0.8013509989502895,0.8013509989502895,-4.458239333260394e-16,1,1,CbC,90.00000000000001,64.88073259190067,-2.745636217282287e-17,1.1544261295749756,-0.053176534916688785,0.6687769563685277,0.6687769563685277,0.7219534912852166,1.1544261295749756,1.1519534912852165
288.0,81.5793815929504,82.41048237287096,-153.5793815929504,153.5793815929504,-154.410482372871,154.410482372871,0.8311007799205663,0.8311007799205663,6.661338147750939e-16,1,1,CbC,90.00000000000001,64.41048237287096,-5.491272434564574e-17,1.149060881747031,-0.05523497040365773,0.6663389968072138,0.6663389968072138,0.7215739672108715,1.149060881747031,1.1515739672108716
288.5,81.5793815929504,82.4407130996729,-153.0793815929504,153.0793815929504,-153.9407130996729,153.9407130996729,0.8613315067225046,0.8613315067225046,0.0,1,1,CbC,90.00000000000001,63.940713099672884,1.6257996919510486e-17,1.143726007582969,-0.057330864039765624,0.663857244292163,0.663857244292163,0.7211881083319286,1.143726007582969,1.1511881083319286
289.0,81.5793815929504,82.47142130348799,-152.57938159295043,152.57938159295043,-153.471421303488,153.471421303488,0.8920397105375869,0.8920397105375869,1.734723475976807e-18,1,1,CbC,89.99999999999999,63.47142130348801,0.0,1.138421879255875,-0.059464076820499215,0.6613318726607099,0.6613318726607099,0.7207959494812092,1.138421879255875,1.1507959494812092
289.5,81.5793815929504,82.50260351088112,-152.07938159295037,152.07938159295037,-153.00260351088113,153.00260351088113,0.9232219179307212,0.9232219179307212,6.661338147750939e-16,1,1,CbC,90.00000000000001,63.0026035108811,0.0,1.133148866831911,-0.06163446603743843,0.6587630594661206,0.6587630594661206,0.720397525503559,1.133148866831911,1.150397525503559
290.0,81.5793815929504,82.5342562441269,-151.57938159295037,151.57938159295037,-152.5342562441269,152.5342562441269,0.9548746511764881,0.9548746511764881,4.440892098500626e-16,1,1,CbC,90.00000000000001,62.53425624412686,-1.6257996919510486e-17,1.1279073382488753,-0.0638418852911207,0.6561509859646261,0.6561509859646261,0.7199928712557467,1.1279073382488753,1.1499928712557468
290.5,81.5793815929504,82.56637602152824,-151.07938159295043,151.07938159295043,-152.0663760215283,152.0663760215283,0.9869944285778466,0.9869944285778466,4.440892098500626e-16,1,1,CbC,90.00000000000003,62.06637602152825,0.0,1.1226976592947555,-0.0660861845043559,0.653495837102068,0.653495837102068,0.7195820216064239,1.1226976592947555,1.1495820216064239
291.0,81.5793815929504,82.5989593577271,-150.5793815929504,150.5793815929504,-151.5989593577271,151.5989593577271,1.0195777647766953,1.0195777647766953,2.220446049250313e-16,1,1,CbC,90.00000000000001,61.598959357727075,0.0,1.1175201935862642,-0.06836720993598043,0.650797801500166,0.650797801500166,0.7191650114361464,1.1175201935862642,1.1491650114361465
291.5,81.5793815929504,82.63200276400734,-150.07938159295043,150.07938159295043,-151.13200276400735,151.13200276400735,1.052621171056941,1.052621171056941,-4.40619762898109e-16,1,1,CbC,90.00000000000001,61.13200276400735,0.0,1.11237530254739,-0.07068480419504629,0.6480570714424092,0.6480570714424092,0.7187418756374555,1.11237530254739,1.1487418756374554
292.0,81.5793815929504,82.66550274859019,-149.5793815929504,149.5793815929504,-150.6655027485902,150.6655027485902,1.086121155639783,1.086121155639783,2.220446049250313e-16,1,1,CbC,90.00000000000001,60.66550274859015,0.0,1.1072633453879248,-0.07303880625544316,0.645273842859572,0.645273842859572,0.7183126491150151,1.1072633453879248,1.148312649115015
292.5,81.5793815929504,82.69945581692203,-149.07938159295037,149.07938159295037,-150.19945581692198,150.19945581692198,1.1200742239716268,1.1200742239716268,0.0,1,1,CbC,90.00000000000001,60.199455816922,-5.491272434564574e-17,1.1021846790820142,-0.07542905147094474,0.6424483153148597,0.6424483153148597,0.7178773667858044,1.1021846790820142,1.1478773667858044
293.0,81.5793815929504,82.73385847195489,-148.57938159295043,148.57938159295043,-149.73385847195493,149.73385847195493,1.1544768790044966,1.1544768790044966,4.440892098500626e-16,1,1,CbC,90.00000000000003,59.733858471954875,0.0,1.0971396583467015,-0.07785537159068077,0.6395806919886826,0.6395806919886826,0.7174360635793634,1.0971396583467015,1.1474360635793635
293.5,81.5793815929504,82.76870721441955,-148.0793815929504,148.0793815929504,-149.26870721441958,149.26870721441958,1.189325621469156,1.189325621469156,2.220446049250313e-16,1,1,CbC,90.00000000000001,59.26870721441954,0.0,1.0921286356204842,-0.0803175947750233,0.6366711796630681,0.6366711796630681,0.7169887744380914,1.0921286356204842,1.1469887744380913
294.0,81.5793815929504,82.8039985430915,-147.5793815929504,147.5793815929504,-148.80399854309152,148.80399854309152,1.2246169501411028,1.2246169501411028,4.440892098500626e-16,1,1,CbC,90.00000000000001,58.80399854309152,0.0,1.0871519610418876,-0.08281554561188634,0.6337199887057079,0.6337199887057079,0.7165355343175942,1.0871519610418876,1.1465355343175943
294.5,81.5793815929504,82.83972895504972,-147.0793815929504,147.0793815929504,-148.3397289550497,148.3397289550497,1.2603473620993273,1.2603473620993273,-4.440892098500626e-16,1,1,CbC,89.99999999999999,58.33972895504975,0.0,1.082209982428046,-0.08534904513343473,0.6307273330536459,0.6307273330536459,0.7160763781870807,1.082209982428046,1.1460763781870806
295.0,81.5793815929504,82.87589494592864,-146.5793815929504,146.5793815929504,-147.87589494592862,147.87589494592862,1.2965133529782369,1.2965133529782369,3.469446951953614e-18,1,1,CbC,90.00000000000001,57.875894945928614,0.0,1.0773030452533139,-0.08791791083319482,0.6276934301966097,0.6276934301966097,0.7156113410298045,1.0773030452533139,1.1456113410298046
295.5,81.5793815929504,82.91249301016278,-146.07938159295043,146.07938159295043,-147.4124930101628,147.4124930101628,1.3331114172123821,1.3331114172123821,-2.220446049250313e-16,1,1,CbC,89.99999999999999,57.41249301016281,0.0,1.072431492627889,-0.09052195668356418,0.6246185011599876,0.6246185011599876,0.7151404578435518,1.072431492627889,1.1451404578435518
296.0,81.5793815929504,82.94951964122525,-145.5793815929504,145.5793815929504,-146.94951964122524,146.94951964122524,1.3701380482748557,1.3701380482748557,-2.220446049250313e-16,1,1,CbC,90.00000000000001,56.94951964122523,0.0,1.067595665276468,-0.0931623114414362,0.6215027704874518,0.6215027704874518,0.714665081928888,1.067595665276468,1.144665081928888
296.5,81.5793815929504,82.98697133185883,-145.07938159295037,145.07938159295037,-146.48697133185883,146.48697133185883,1.4075897389084326,1.4075897389084326,2.220446049250313e-16,1,1,CbC,90.00000000000001,56.48697133185879,0.0,1.0627959015169282,-0.09584373925492572,0.618346466223241,0.618346466223241,0.7141902054781667,1.0627959015169282,1.1441902054781667
297.0,81.5793815929504,83.02484457430096,-144.5793815929504,144.5793815929504,-146.02484457430094,146.02484457430094,1.445462981350561,1.445462981350561,-4.440892098500626e-16,1,1,CbC,90.00000000000001,56.02484457430095,5.491272434564574e-17,1.058032537239051,-0.09855985366079749,0.6151498198940887,0.6151498198940887,0.7137096735548861,1.058032537239051,1.1437096735548862
297.5,81.5793815929504,83.06313586050204,-144.0793815929504,144.0793815929504,-145.56313586050206,145.56313586050206,1.48375426755165,1.48375426755165,2.255140518769849e-16,1,1,CbC,90.00000000000001,55.56313586050202,0.0,1.0533059058832654,-0.10131045401502958,0.6119130664908149,0.6119130664908149,0.7132235205058445,1.0533059058832654,1.1432235205058445
298.0,81.5793815929504,83.10184168233731,-143.57938159295043,143.57938159295043,-145.10184168233732,145.10184168233732,1.5224600893869082,1.5224600893869082,0.0,1,1,CbC,90.00000000000001,55.101841682337316,0.0,1.048616338419452,-0.10409533624561179,0.6086364444495788,0.6086364444495788,0.7127317806951905,1.048616338419452,1.1427317806951904
298.5,81.5793815929504,83.14095853181243,-143.0793815929504,143.0793815929504,-144.64095853181246,144.64095853181246,1.5615769388620357,1.5615769388620357,4.440892098500626e-16,1,1,CbC,90.00000000000001,54.64095853181243,0.0,1.0439641633257657,-0.10691429287239437,0.6053201956327915,0.6053201956327915,0.7122344885051859,1.0439641633257657,1.1422344885051858
299.0,81.5793815929504,83.1804829012629,-142.57938159295037,142.57938159295037,-144.1804829012629,144.1804829012629,1.601101308312505,1.601101308312505,2.220446049250313e-16,1,1,CbC,89.99999999999999,54.1804829012629,-5.491272434564574e-17,1.0393497065675332,-0.10976711302730344,0.6019645653096989,0.6019645653096989,0.7117316783370023,1.0393497065675332,1.1417316783370024
299.5,81.5793815929504,83.22041128354739,-142.07938159295043,142.07938159295043,-143.72041128354743,143.72041128354743,1.6410296905969903,1.6410296905969903,4.440892098500626e-16,1,1,CbC,90.00000000000001,53.72041128354738,0.0,1.03477329157618,-0.11265358247491941,0.5985698021366338,0.5985698021366338,0.7112233846115532,1.03477329157618,1.1412233846115531
300.0,81.5793815929504,83.26074017223482,-141.5793815929504,141.5793815929504,-143.26074017223482,143.26074017223482,1.681358579284422,1.681358579284422,0.0,1,1,CbC,90.00000000000001,53.260740172234804,-5.491272434564574e-17,1.0302352392282146,-0.1155734836334126,0.5951361581369374,0.5951361581369374,0.71070964177035,1.0302352392282146,1.14070964177035
300.5,81.5793815929504,83.30146606178589,-141.0793815929504,141.0793815929504,-142.80146606178593,142.80146606178593,1.7220844688354933,1.7220844688354933,6.661338147750939e-16,1,1,CbC,90.00000000000001,52.8014660617859,5.491272434564574e-17,1.0257358678242812,-0.11852659559583333,0.5916638886805621,0.5916638886805621,0.7101904842763954,1.0257358678242812,1.1401904842763955
301.0,81.5793815929504,83.34258544772851,-140.5793815929504,140.5793815929504,-142.34258544772854,142.34258544772854,1.7632038547781146,1.7632038547781146,2.220446049250313e-16,1,1,CbC,90.00000000000001,52.34258544772851,0.0,1.02127549306826,-0.1215126941517507,0.5881532524633477,0.5881532524633477,0.7096659466150984,1.02127549306826,1.1396659466150985
301.5,81.5793815929504,83.38409482682756,-140.0793815929504,140.0793815929504,-141.88409482682755,141.88409482682755,1.8047132338771648,1.8047132338771648,2.220446049250313e-16,1,1,CbC,90.00000000000001,51.884094826827535,0.0,1.0168544280464407,-0.12453155180923818,0.5846045114859832,0.5846045114859832,0.7091360632952214,1.0168544280464407,1.1391360632952214
302.0,81.5793815929504,83.42599069724906,-139.5793815929504,139.5793815929504,-141.42599069724906,141.42599069724906,1.846609104298658,1.846609104298658,2.220446049250313e-16,1,1,CbC,90.00000000000001,51.42599069724905,5.491272434564574e-17,1.01247298320676,-0.12758293781719773,0.5810179310326518,0.5810179310326518,0.7086008688498495,1.01247298320676,1.1386008688498495
302.5,81.5793815929504,83.4682695587187,-139.0793815929504,139.0793815929504,-140.96826955871867,140.96826955871867,1.8888879657683022,1.8888879657683022,-2.1510571102112408e-16,1,1,CbC,90.00000000000003,50.96826955871866,0.0,1.0081314663381087,-0.1306666181880258,0.5773937796493618,0.5773937796493618,0.7080603978373876,1.0081314663381087,1.1380603978373875
303.0,81.5793815929504,83.51092791267503,-138.57938159295043,138.57938159295043,-140.5109279126751,140.5109279126751,1.9315463197246368,1.9315463197246368,4.440892098500626e-16,1,1,CbC,90.00000000000003,50.51092791267504,5.491272434564574e-17,1.0038301825497198,-0.13378235572060457,0.5737323291219733,0.5737323291219733,0.7075146848425778,1.0038301825497198,1.137514684842578
303.5,81.5793815929504,83.55396226241719,-138.07938159295037,138.07938159295037,-140.0539622624172,140.0539622624172,1.974580669466785,1.974580669466785,4.440892098500626e-16,1,1,CbC,89.99999999999999,50.05396226241719,0.0,0.9995694342506294,-0.13692991002363034,0.5700338544539113,0.5700338544539113,0.7069637644775416,0.9995694342506294,1.1369637644775417
304.0,81.5793815929504,83.59736911324747,-137.57938159295037,137.57938159295037,-139.59736911324742,139.59736911324742,2.0179875202970616,2.0179875202970616,2.220446049250313e-16,1,1,CbC,90.00000000000001,49.59736911324743,0.0,0.995349521129225,-0.14010903753926024,0.5662986338435845,0.5662986338435845,0.7064076713828447,0.995349521129225,1.1364076713828446
304.5,81.5793815929504,83.64114497260837,-137.0793815929504,137.0793815929504,-139.1411449726084,139.1411449726084,2.061763379657976,2.061763379657976,4.440892098500626e-16,1,1,CbC,89.99999999999999,49.141144972608394,0.0,0.9911707401328704,-0.14331949156708138,0.5625269486614966,0.5625269486614966,0.7058464402285779,0.9911707401328704,1.135846440228578
305.0,81.5793815929504,83.68528635021521,-136.57938159295037,136.57938159295037,-138.68528635021525,138.68528635021525,2.105904757264812,2.105904757264812,8.881784197001252e-16,1,1,CbC,90.00000000000003,48.68528635021518,0.0,0.987033385447628,-0.14656102228840007,0.5587190834270621,0.5587190834270621,0.7052801057154622,0.987033385447628,1.1352801057154622
305.5,81.5793815929504,83.72978975818285,-136.07938159295037,136.07938159295037,-138.22978975818282,138.22978975818282,2.1504081652324527,2.1504081652324527,-2.220446049250313e-16,1,1,CbC,90.00000000000001,48.22978975818282,0.0,0.9829377484780704,-0.1498333767908352,0.5548753257851328,0.5548753257851328,0.704708702575968,0.9829377484780704,1.134708702575968
306.0,81.5793815929504,83.77465171114831,-135.5793815929504,135.5793815929504,-137.77465171114832,137.77465171114832,2.1952701181979126,2.1952701181979126,2.220446049250313e-16,1,1,CbC,90.00000000000003,47.77465171114831,-5.491272434564574e-17,0.9788841178271868,-0.15313629909322998,0.5509959664822263,0.5509959664822263,0.7041322655754563,0.9788841178271868,1.1341322655754562
306.5,81.5793815929504,83.81986872638801,-135.0793815929504,135.0793815929504,-137.319868726388,137.319868726388,2.240487133437607,2.240487133437607,0.0,1,1,CbC,89.99999999999999,47.31986872638801,5.491272434564574e-17,0.9748727792763867,-0.15646953017086104,0.5470812993424703,0.5470812993424703,0.7035508295133314,0.9748727792763867,1.1335508295133314
307.0,81.5793815929504,83.86543732393056,-134.57938159295043,134.57938159295043,-136.8654373239306,136.8654373239306,2.2860557309801615,2.2860557309801615,2.220446049250313e-16,1,1,CbC,90.00000000000001,46.86543732393056,0.0,0.9709040157656177,-0.15983551047171227,0.5431316212432634,0.5431316212432634,0.7029671317149757,0.9709040157656177,1.1329671317149757
307.5,81.5793815929504,83.91135402666457,-134.0793815929504,134.0793815929504,-136.4113540266646,136.4113540266646,2.33197243371417,2.33197243371417,4.440892098500626e-16,1,1,CbC,90.00000000000001,46.411354026664554,0.0,0.9669781073735683,-0.16323788009114357,0.5391472320906489,0.5391472320906489,0.7023851121817924,0.9669781073735683,1.1323851121817925
308.0,81.5793815929504,83.95761536044225,-133.57938159295037,133.57938159295037,-135.95761536044225,135.95761536044225,2.378233767491854,2.378233767491854,4.440892098500626e-16,1,1,CbC,90.00000000000001,45.957615360442226,0.0,0.963095331298003,-0.16666983327672674,0.535128434794415,0.535128434794415,0.7017982680711417,0.963095331298003,1.1317982680711416
308.5,81.5793815929504,84.00421785417818,-133.0793815929504,133.0793815929504,-135.5042178541782,135.5042178541782,2.4248362612277745,2.4248362612277745,4.440892098500626e-16,1,1,CbC,90.00000000000001,45.50421785417817,0.0,0.9592559618361906,-0.17013109837738596,0.531075535242916,0.531075535242916,0.7012066336203019,0.9592559618361906,1.131206633620302
309.0,81.5793815929504,84.05115803994383,-132.5793815929504,132.5793815929504,-135.05115803994386,135.05115803994386,2.4717764469934367,2.4717764469934367,2.1510571102112408e-16,1,1,CbC,90.00000000000001,45.051158039943815,0.0,0.9554602703654652,-0.1736214008293355,0.526988842277621,0.526988842277621,0.7006102431069565,0.9554602703654652,1.1306102431069565
309.5,81.5793815929504,84.09843245305771,-132.0793815929504,132.0793815929504,-134.59843245305777,134.59843245305777,2.5190508601073063,2.5190508601073063,8.881784197001252e-16,1,1,CbC,90.00000000000001,44.59843245305771,0.0,0.9517085253238942,-0.1771404631830556,0.5228686676673949,0.5228686676673949,0.7000091308504506,0.9517085253238942,1.1300091308504505
310.0,81.5793815929504,84.14603763217112,-131.5793815929504,131.5793815929504,-134.14603763217113,134.14603763217113,2.566656039220719,2.566656039220719,0.0,1,1,CbC,89.99999999999999,44.14603763217113,0.0,0.9480009921910724,-0.18068800513054484,0.5187153260825091,0.5187153260825091,0.699403331213054,0.9480009921910724,1.129403331213054
310.5,81.5793815929504,84.19397011935,-131.0793815929504,131.0793815929504,-133.69397011935,133.69397011935,2.6145885263996007,2.6145885263996007,4.371503159461554e-16,1,1,CbC,89.99999999999999,43.69397011934999,0.0,0.9443379334690511,-0.1842637435328416,0.5145291350683926,0.5145291350683926,0.6987928786012342,0.9443379334690511,1.1287928786012342
311.0,81.5793815929504,84.24222646015231,-130.57938159295043,130.57938159295043,-133.24222646015232,133.24222646015232,2.6628448672019087,2.6628448672019087,0.0,1,1,CbC,90.00000000000001,43.24222646015231,0.0,0.9407196086633808,-0.18786739244781953,0.5103104150191196,0.5103104150191196,0.6981778074669391,0.9407196086633808,1.128177807466939
311.5,81.5793815929504,84.29080320370157,-130.07938159295037,130.07938159295037,-132.79080320370159,132.79080320370159,2.71142161075117,2.71142161075117,6.661338147750939e-16,1,1,CbC,89.99999999999999,42.790803203701586,0.0,0.9371462742642976,-0.19149866315824537,0.5060594891506395,0.5060594891506395,0.6975581523088848,0.9371462742642976,1.127558152308885
312.0,81.5793815929504,84.33969690275661,-129.57938159295043,129.57938159295043,-132.33969690275666,132.33969690275666,2.760315309806222,2.760315309806222,2.1510571102112408e-16,1,1,CbC,90.00000000000001,42.33969690275663,-5.491272434564574e-17,0.9336181837280452,-0.19515726420009805,0.5017766834737548,0.5017766834737548,0.6969339476738529,0.9336181837280452,1.126933947673853
312.5,81.5793815929504,84.38890411377697,-129.0793815929504,129.0793815929504,-131.888904113777,131.888904113777,2.8095225208265755,2.8095225208265755,2.220446049250313e-16,1,1,CbC,90.00000000000003,41.88890411377695,0.0,0.9301355874583297,-0.19884290139114988,0.49746232676684493,0.49746232676684493,0.6963052281579948,0.9301355874583297,1.1263052281579948
313.0,81.5793815929504,84.43842139698491,-128.57938159295037,128.57938159295037,-131.4384213969849,131.4384213969849,2.859039804034508,2.859039804034508,2.220446049250313e-16,1,1,CbC,90.00000000000003,41.43842139698487,0.0,0.9266987327879204,-0.20255527785979513,0.4931167505483431,0.4931167505483431,0.6956720284081382,0.9266987327879204,1.1256720284081383
313.5,81.5793815929504,84.4882453164235,-128.07938159295043,128.07938159295043,-130.98824531642353,130.98824531642353,2.908863723473107,2.908863723473107,2.220446049250313e-16,1,1,CbC,90.00000000000001,40.9882453164235,0.0,0.9233078639603981,-0.20629409407413557,0.4887402890489677,0.4887402890489677,0.6950343831231033,0.9233078639603981,1.1250343831231033
314.0,81.5793815929504,84.53837244001116,-127.5793815929504,127.5793815929504,-130.5383724400112,130.5383724400112,2.9589908470607624,2.9589908470607624,4.510281037539698e-16,1,1,CbC,90.00000000000003,40.53837244001114,0.0,0.9199632221120485,-0.2100590478713104,0.4843332791837102,0.4843332791837102,0.6943923270550206,0.9199632221120485,1.1243923270550207
314.5,81.5793815929504,84.58879933959228,-127.07938159295038,127.07938159295038,-130.0887993395923,130.0887993395923,3.009417746641879,3.009417746641879,4.440892098500626e-16,1,1,CbC,90.00000000000001,40.08879933959225,0.0,0.9166650452539039,-0.2138498344870684,0.4798960605235846,0.4798960605235846,0.693745895010653,0.9166650452539039,1.123745895010653
315.0,81.5793815929504,84.63952259098478,-126.57938159295041,126.57938159295041,-129.63952259098483,129.63952259098483,3.0601409980343774,3.0601409980343774,4.440892098500626e-16,1,1,CbC,90.00000000000001,39.639522590984775,-1.0982544869129148e-16,0.9134135682539541,-0.21766614658558184,0.4754289752671427,0.4754289752671427,0.6930951218527245,0.9134135682539543,1.1230951218527245
315.5,81.5793815929504,84.69053877402382,-126.0793815929504,126.0793815929504,-129.19053877402382,129.19053877402382,3.111157181073423,3.111157181073423,2.220446049250313e-16,1,1,CbC,90.00000000000001,39.19053877402379,0.0,0.9102090228194917,-0.22150767428949633,0.4709323682117502,0.4709323682117502,0.6924400425012466,0.9102090228194917,1.1224400425012466
316.0,81.5793815929504,84.74184447260232,-125.57938159295043,125.57938159295043,-128.74184447260234,128.74184447260234,3.1624628796519207,3.1624628796519207,-2.220446049250313e-16,1,1,CbC,90.00000000000001,38.74184447260233,0.0,0.907051637479642,-0.2253741052102105,0.4664065867246421,0.4664065867246421,0.6917806919348526,0.907051637479642,1.1217806919348525
316.5,81.5793815929504,84.7934362747081,-125.0793815929504,125.0793815929504,-128.2934362747081,128.2934362747081,3.214054681757701,3.214054681757701,-6.938893903907228e-18,1,1,CbC,90.00000000000001,38.29343627470808,0.0,0.9039416375680362,-0.22927166078122488,0.46185198071373923,0.46185198071373923,0.6911236414949641,0.9039416375680362,1.1211236414949641
317.0,81.5793815929504,84.84531077245772,-124.57938159295036,124.57938159295036,-127.8453107724577,127.8453107724577,3.2659291795073226,3.2659291795073226,2.220446049250313e-16,1,1,CbC,90.00000000000001,37.84531077245769,0.0,0.9008792452056699,-0.23319746919392087,0.4572689025982529,0.4572689025982529,0.6904663717921737,0.9008792452056699,1.1204663717921737
317.5,81.5793815929504,84.8974645621272,-124.07938159295041,124.07938159295041,-127.39746456212723,127.39746456212723,3.318082969176799,3.318082969176799,2.220446049250313e-16,1,1,CbC,90.00000000000003,37.39746456212718,0.0,0.8978646792839171,-0.23714728551172687,0.4526577072790598,0.4526577072790598,0.6898049927907867,0.8978646792839171,1.1198049927907867
318.0,81.5793815929504,84.94989424417952,-123.5793815929504,123.5793815929504,-126.94989424417953,126.94989424417953,3.3705126512291135,3.3705126512291135,4.440892098500626e-16,1,1,CbC,90.00000000000001,36.9498942441795,0.0,0.8948981554477166,-0.2411207869100563,0.44801875210886144,0.44801875210886144,0.6891395390189178,0.8948981554477166,1.1191395390189178
318.5,81.5793815929504,85.00259642328918,-123.07938159295043,123.07938159295043,-126.50259642328922,126.50259642328922,3.4232148303387744,3.4232148303387744,2.220446049250313e-16,1,1,CbC,90.00000000000001,36.50259642328919,0.0,0.8919798860789527,-0.2451176482084273,0.44335239686213224,0.44335239686213224,0.6884700450705595,0.8919798860789527,1.1184700450705596
319.0,81.5793815929504,85.05556770836358,-122.57938159295041,122.57938159295041,-126.0555677083636,126.0555677083636,3.47618611541319,3.47618611541319,0.0,1,1,CbC,90.00000000000001,36.05556770836357,0.0,0.8891100802799834,-0.24913754190207602,0.43865900370484834,0.43865900370484834,0.6877965456069244,0.8891100802799834,1.1177965456069243
319.5,81.5793815929504,85.10880471256162,-122.07938159295036,122.07938159295036,-125.60880471256162,125.60880471256162,3.529423119611227,3.529423119611227,6.661338147750939e-16,1,1,CbC,90.00000000000001,35.60880471256159,0.0,0.886288943857378,-0.25318013819376933,0.4339389371640176,0.4339389371640176,0.6871190753577869,0.886288943857378,1.1171190753577869
320.0,81.5793815929504,85.1623040533093,-121.57938159295041,121.57938159295041,-125.16230405330933,125.16230405330933,3.5829224603589,3.5829224603589,2.220446049250313e-16,1,1,CbC,90.00000000000001,35.1623040533093,0.0,0.8835166793058224,-0.2572451050258285,0.4291925640969952,0.4291925640969952,0.6864376691228237,0.8835166793058224,1.1164376691228237
320.5,81.5793815929504,85.21606235231252,-121.0793815929504,121.0793815929504,-124.71606235231252,124.71606235231252,3.6366807593621164,3.6366807593621164,0.0,1,1,CbC,90.00000000000001,34.71606235231249,0.0,0.8807934857922117,-0.2613321081123523,0.4244202536605986,0.4244202536605986,0.6857523617729508,0.8807934857922117,1.1157523617729508
321.0,81.5793815929504,85.27007623556715,-120.57938159295043,120.57938159295043,-124.27007623556717,124.27007623556717,3.6906946426167435,3.6906946426167435,0.0,1,1,CbC,90.00000000000001,34.27007623556716,0.0,0.878119559139943,-0.2654408109716327,0.4196223772800286,0.4196223772800286,0.6850631882516613,0.878119559139943,1.1150631882516613
321.5,81.5793815929504,85.32434233336639,-120.07938159295041,120.07938159295041,-123.82434233336637,123.82434233336637,3.7449607404159835,3.7449607404159835,-2.220446049250313e-16,1,1,CbC,90.00000000000001,33.824342333366374,0.0,0.8754950918133839,-0.2695708749587705,0.4147993086175845,0.4147993086175845,0.684370183576355,0.8754950918133839,1.114370183576355
322.0,81.5793815929504,85.37885728030541,-119.57938159295038,119.57938159295038,-123.37885728030541,123.37885728030541,3.799475687355006,3.799475687355006,2.220446049250313e-16,1,1,CbC,90.00000000000001,33.378857280305375,0.0,0.8729202729025505,-0.27372195929847726,0.40995142354119496,0.40995142354119496,0.6836733828396722,0.8729202729025505,1.113673382839672
322.5,81.5793815929504,85.43361771528343,-119.07938159295043,119.07938159295043,-122.93361771528348,122.93361771528348,3.854236122333035,3.854236122333035,4.440892098500626e-16,1,1,CbC,90.00000000000001,32.93361771528344,0.0,0.8703952881079705,-0.2778937211180653,0.40507910009275216,0.40507910009275216,0.6829728212108175,0.8703952881079705,1.1129728212108174
323.0,81.5793815929504,85.48862028150336,-118.5793815929504,118.5793815929504,-122.48862028150334,122.48862028150334,3.909238688552953,3.909238688552953,-2.220446049250313e-16,1,1,CbC,90.00000000000001,32.48862028150334,0.0,0.8679203197257557,-0.2820858154806241,0.40018271845625947,0.40018271845625947,0.6822685339368836,0.8679203197257557,1.1122685339368836
323.5,81.5793815929504,85.54386162646867,-118.07938159295038,118.07938159295038,-122.04386162646863,122.04386162646863,3.9644800335182757,3.9644800335182757,-4.440892098500626e-16,1,1,CbC,90.00000000000001,32.04386162646864,0.0,0.8654955466328685,-0.28629789541837186,0.39526266092579876,0.39526266092579876,0.6815605563441707,0.8654955466328685,1.1115605563441706
324.0,81.5793815929504,85.59933840197822,-117.57938159295041,117.57938159295041,-121.59933840197822,121.59933840197822,4.019956809027818,4.019956809027818,-2.220446049250313e-16,1,1,CbC,90.00000000000001,31.599338401978216,0.0,0.8631211442725986,-0.2905296119661881,0.3903193118733122,0.3903193118733122,0.6808489238395004,0.8631211442725986,1.1108489238395003
324.5,81.5793815929504,85.65504726411837,-117.0793815929504,117.0793815929504,-121.15504726411835,121.15504726411835,4.075665671167961,4.075665671167961,0.0,1,1,CbC,90.00000000000003,31.15504726411832,-1.6257996919510486e-17,0.8607972846402434,-0.2947806141953194,0.3853530577162055,0.3853530577162055,0.680133671911525,0.8607972846402434,1.110133671911525
325.0,81.5793815929504,85.71098487325285,-116.5793815929504,116.5793815929504,-120.71098487325291,120.71098487325291,4.13160328030245,4.13160328030245,1.1102230246251565e-15,1,1,CbC,90.00000000000001,30.710984873252855,0.0,0.8585241362690028,-0.2990588004388423,0.3803642868847818,0.3803642868847818,0.6794230873236241,0.8585241362690028,1.1094230873236242
325.5,81.5793815929504,85.76714789401059,-116.07938159295038,116.07938159295038,-120.26714789401063,120.26714789401063,4.187766301060189,4.187766301060189,1.1102230246251565e-15,1,1,CbC,90.00000000000001,30.26714789401058,0.0,0.8563018642160768,-0.3033587012178335,0.37535338978949506,0.37535338978949506,0.6787120910073285,0.8563018642160768,1.1087120910073285
326.0,81.5793815929504,85.82353299527088,-115.57938159295036,115.57938159295036,-119.82353299527088,119.82353299527088,4.244151402320477,4.244151402320477,6.800116025829084e-16,1,1,CbC,89.99999999999999,29.823532995270863,1.6257996919510486e-17,0.8541306300489869,-0.3076768684598824,0.37032075878804116,0.37032075878804116,0.6779976272479236,0.8541306300489869,1.1079976272479235
326.5,81.5793815929504,85.8801368501468,-115.07938159295041,115.07938159295041,-119.38013685014683,119.38013685014683,4.300755257196402,4.300755257196402,2.220446049250313e-16,1,1,CbC,90.00000000000001,29.380136850146798,0.0,0.8520105918321111,-0.31201294303618543,0.3652667881522818,0.3652667881522818,0.6772797311884673,0.8520105918321111,1.1072797311884672
327.0,81.5793815929504,85.9369561359661,-114.57938159295038,114.57938159295038,-118.9369561359661,118.9369561359661,4.357574543015701,4.357574543015701,2.3592239273284576e-16,1,1,CbC,89.99999999999999,28.936956135966103,8.128998459755243e-18,0.8499419041134336,-0.316366564025922,0.3601918740349993,0.3601918740349993,0.6765584380609213,0.8499419041134336,1.1065584380609212
327.5,81.5793815929504,85.99398753425048,-114.07938159295041,114.07938159295041,-118.4939875342505,118.4939875342505,4.414605941300076,4.414605941300076,1.3877787807814457e-17,1,1,CbC,90.00000000000003,28.493987534250472,-1.0982544869129148e-16,0.8479247179115197,-0.320737368750929,0.3550964144365019,0.3550964144365019,0.6758337831874309,0.8479247179115198,1.105833783187431
328.0,81.5793815929504,86.05122773069222,-113.5793815929504,113.5793815929504,-118.05122773069223,118.05122773069223,4.471846137741819,4.471846137741819,4.440892098500626e-16,1,1,CbC,90.00000000000001,28.05122773069221,-1.0169645023153623e-16,0.8459591807027145,-0.32512499281053003,0.34998080917106267,0.34998080917106267,0.6751058019815928,0.8459591807027146,1.1051058019815927
328.5,81.5793815929504,86.10867341512946,-113.07938159295037,113.07938159295037,-117.60867341512946,117.60867341512946,4.529291822179066,4.529291822179066,4.440892098500626e-16,1,1,CbC,89.99999999999999,27.608673415129456,-8.128998459755243e-18,0.8440454364085661,-0.3295290701165098,0.3448454598332106,0.3448454598332106,0.6743745299497204,0.8440454364085661,1.1043745299497203
329.0,81.5793815929504,86.16632128151917,-112.5793815929504,112.5793815929504,-117.16632128151919,117.16632128151919,4.586939688568782,4.586939688568782,0.0,1,1,CbC,89.99999999999999,27.166321281519213,0.0,0.8421836253834728,-0.3339492329282307,0.3396907697638693,0.3396907697638693,0.6736400026921,0.8421836253834728,1.1036400026921
329.5,81.5793815929504,86.22416802790822,-112.07938159295038,112.07938159295038,-116.72416802790826,116.72416802790826,4.644786434957822,4.644786434957822,8.881784197001252e-16,1,1,CbC,90.00000000000001,26.7241680279082,-1.6257996919510486e-17,0.8403738844025663,-0.3383851118878953,0.3345171440163446,0.3383851118878953,0.6729022559042399,0.8403738844025663,1.1029022559042398
330.0,81.5793815929504,86.28221035640262,-111.57938159295041,111.57938159295041,-116.28221035640263,116.28221035640263,4.7028287634522155,4.7028287634522155,0.0,1,1,CbC,90.00000000000003,26.28221035640262,0.0,0.8386163466498229,-0.34283633605593716,0.32932498932217447,0.34283633605593716,0.6721613253781116,0.8386163466498229,1.1021613253781115
330.5,81.5793815929504,86.34044497313513,-111.0793815929504,111.0793815929504,-115.84044497313512,115.84044497313512,4.76106338018473,4.76106338018473,0.0,1,1,CbC,90.00000000000001,25.84044497313512,8.128998459755243e-18,0.8369111417064042,-0.347302532946557,0.32411471405682973,0.347302532946557,0.6714172470033868,0.8369111417064042,1.1014172470033867
331.0,81.5793815929504,86.398868588231,-110.57938159295037,110.57938159295037,-115.39886858823097,115.39886858823097,4.819486995280591,4.819486995280591,0.0,1,1,CbC,90.00000000000003,25.39886858823095,-1.0169645023153623e-16,0.8352583955392497,-0.35178332856337835,0.3188867282052836,0.35178332856337835,0.6706700567686619,0.8352583955392499,1.1006700567686618
331.5,81.5793815929504,86.45747791577169,-110.07938159295041,110.07938159295041,-114.95747791577173,114.95747791577173,4.878096322821293,4.878096322821293,6.661338147750939e-16,1,1,CbC,90.00000000000001,24.957477915771694,-1.6257996919510486e-17,0.8336582304898837,-0.3562783474352394,0.3136414433274383,0.3562783474352394,0.6699197907626777,0.8336582304898837,1.0999197907626777
332.0,81.5793815929504,86.51626967375756,-109.57938159295038,109.57938159295038,-114.51626967375755,114.51626967375755,4.936888080807165,4.936888080807165,0.0,1,1,CbC,90.00000000000001,24.51626967375754,-8.128998459755243e-18,0.8321107652634815,-0.3607872126521056,0.3083792725234244,0.3607872126521056,0.66916648517553,0.8321107652634815,1.09916648517553
332.5,81.5793815929504,86.57524058406814,-109.07938159295037,109.07938159295037,-114.07524058406815,114.07524058406815,4.995858991117748,4.995858991117748,6.661338147750939e-16,1,1,CbC,89.99999999999999,24.07524058406814,8.128998459755243e-18,0.8306161149181657,-0.36530954590110254,0.30310063039877,0.36530954590110254,0.6684101762998725,0.8306161149181657,1.0984101762998726
333.0,81.5793815929504,86.63438737242153,-108.5793815929504,108.5793815929504,-113.63438737242157,113.63438737242157,5.055005779471129,5.055005779471129,6.661338147750939e-16,1,1,CbC,90.00000000000003,23.634387372421507,-1.6257996919510486e-17,0.8291743908545504,-0.36985612052476347,0.2978059330294418,0.36985612052476347,0.6676620535542053,0.8291743908545504,1.0976620535542052
333.5,81.5793815929504,86.69370676833152,-108.07938159295038,108.07938159295038,-113.19370676833152,113.19370676833152,5.1143251753811185,5.1143251753811185,4.440892098500626e-16,1,1,CbC,90.00000000000001,23.19370676833149,8.128998459755243e-18,0.8277857008055316,-0.3744162771120036,0.2924955979267631,0.3744162771120036,0.6669118750387667,0.8277857008055316,1.0969118750387667
334.0,81.5793815929504,86.75319550506391,-107.57938159295041,107.57938159295041,-112.75319550506396,112.75319550506396,5.1738139121135145,5.1738139121135145,4.440892098500626e-16,1,1,CbC,90.00000000000001,22.753195505063925,8.128998459755243e-18,0.8264501488263218,-0.3789887930485133,0.28717004400221463,0.3789887930485133,0.6661588370507279,0.8264501488263218,1.0961588370507278
334.5,81.5793815929504,86.81285031959081,-107.07938159295038,107.07938159295038,-112.31285031959081,112.31285031959081,5.233468726640403,5.233468726640403,2.220446049250313e-16,1,1,CbC,90.00000000000001,22.312850319590783,-8.128998459755243e-18,0.8251678352847285,-0.3835732840978392,0.2818296915321118,0.3835732840978392,0.665402975629951,0.8251678352847285,1.095402975629951
335.0,81.5793815929504,86.87266795254362,-106.57938159295037,106.57938159295037,-111.87266795254362,111.87266795254362,5.293286359593225,5.293286359593225,4.440892098500626e-16,1,1,CbC,90.00000000000001,21.87266795254359,8.128998459755243e-18,0.8239388568516984,-0.38816936480309605,0.27647496212217604,0.38816936480309605,0.6646443269252721,0.8239388568516984,1.0946443269252721
335.5,81.5793815929504,86.93264514816485,-106.0793815929504,106.0793815929504,-111.4326451481649,111.4326451481649,5.353263555214456,5.353263555214456,6.661338147750939e-16,1,1,CbC,90.00000000000003,21.432645148164838,1.6257996919510486e-17,0.8227633064920954,-0.3927766485236604,0.2711062786719885,0.3927766485236604,0.6638829271956489,0.8227633064920954,1.093882927195649
336.0,81.5793815929504,86.99277865425816,-105.57938159295038,105.57938159295038,-110.99277865425813,110.99277865425813,5.413397061307766,5.413397061307766,-2.220446049250313e-16,1,1,CbC,90.00000000000001,20.992778654258146,8.128998459755243e-18,0.8216412734557391,-0.3973947474719599,0.2657240653393365,0.3973947474719599,0.6631188128112964,0.8216412734557391,1.0931188128112963
336.5,81.5793815929504,87.0530652221374,-105.07938159295041,105.07938159295041,-110.55306522213746,110.55306522213746,5.473683629187008,5.473683629187008,6.661338147750939e-16,1,1,CbC,90.00000000000001,20.553065222137416,-8.128998459755243e-18,0.8205728432687079,-0.40202327275035743,0.26032874750445956,0.40202327275035743,0.662352020254817,0.8205728432687079,1.092352020254817
337.0,81.5793815929504,87.11350160657419,-104.5793815929504,104.5793815929504,-110.11350160657418,110.11350160657418,5.5341200136237845,5.5341200136237845,0.0,1,1,CbC,90.00000000000001,20.113501606574175,1.6257996919510486e-17,0.8195580977248814,-0.4066618343881303,0.254920751734186,0.4066618343881303,0.6615825861223164,0.8195580977248814,1.0915825861223163
337.5,81.5793815929504,87.1740845657442,-104.07938159295037,104.07938159295037,-109.67408456574417,109.67408456574417,5.594702972793794,5.594702972793794,0.0,1,1,CbC,90.00000000000001,19.674084565744163,8.128998459755243e-18,0.8185971148777528,-0.4113100413785346,0.24950050574597923,0.4113100413785346,0.6608105471245138,0.8185971148777528,1.0908105471245138
338.0,81.5793815929504,87.23481086117232,-103.5793815929504,103.5793815929504,-109.23481086117235,109.23481086117235,5.655429268221924,5.655429268221924,4.3021142204224816e-16,1,1,CbC,90.00000000000001,19.23481086117232,8.128998459755243e-18,0.8176899690324972,-0.4159675017159611,0.24406843837188064,0.4159675017159611,0.6600359400878417,0.8176899690324972,1.0900359400878417
338.5,81.5793815929504,87.29567725767657,-103.07938159295038,103.07938159295038,-108.79567725767657,108.79567725767657,5.716295664726178,5.716295664726178,2.0816681711721685e-16,1,1,CbC,89.99999999999999,18.79567725767658,-8.128998459755243e-18,0.8168367307383024,-0.42063382243317116,0.23862497952236175,0.42063382243317116,0.6592588019555329,0.8168367307383024,1.089258801955533
339.0,81.5793815929504,87.35668052331087,-102.57938159295041,102.57938159295041,-108.3566805233109,108.3566805233109,5.777298930360474,5.777298930360474,2.220446049250313e-16,1,1,CbC,90.00000000000001,18.356680523310885,-8.128998459755243e-18,0.8160374667809576,-0.425308609638611,0.23317056015009097,0.425308609638611,0.658479169788702,0.8160374667809576,1.088479169788702
339.5,81.5793815929504,87.4178174293065,-102.0793815929504,102.0793815929504,-107.9178174293065,107.9178174293065,5.83843583635609,5.83843583635609,2.220446049250313e-16,1,1,CbC,90.00000000000001,17.917817429306485,8.128998459755243e-18,0.815292240175709,-0.4299914685538081,0.2277056122136048,0.4299914685538081,0.657697080767413,0.815292240175709,1.087697080767413
340.0,81.5793815929504,87.47908475001276,-101.57938159295037,101.57938159295037,-107.47908475001275,107.47908475001275,5.899703157062366,5.899703157062366,-1.3877787807814457e-17,1,1,CbC,90.00000000000001,17.47908475001274,8.128998459755243e-18,0.8146011101603863,-0.43468200355083364,0.22223056864090604,0.43468200355083364,0.6569125721917397,0.8146011101603863,1.0869125721917396
340.5,81.5793815929504,87.54047926283639,-101.07938159295041,101.07938159295041,-107.04047926283641,107.04047926283641,5.961097669885982,5.961097669885982,4.440892098500626e-16,1,1,CbC,90.00000000000001,17.040479262836385,-9.763195100165861e-17,0.8139641321887774,-0.43939036312834306,0.2167458632929712,0.43939036312834306,0.6561362264213143,0.8139641321887775,1.0861362264213144
341.0,81.5793815929504,87.60199774817993,-100.57938159295038,100.57938159295038,-106.60199774817993,106.60199774817993,6.022616155229524,6.022616155229524,2.220446049250313e-16,1,1,CbC,90.00000000000001,16.6019977481799,-1.2193497689632864e-17,0.8133813579242946,-0.4441075337277716,0.2112519309271856,0.4441075337277716,0.6553594646549572,0.8133813579242946,1.0853594646549571
341.5,81.5793815929504,87.66363698937914,-100.07938159295037,100.07938159295037,-106.16363698937911,106.16363698937911,6.0842553964287465,6.0842553964287465,0.0,1,1,CbC,90.00000000000001,16.16363698937911,1.2193497689632864e-17,0.8128528352338866,-0.44883121326215136,0.2057492071607043,0.44883121326215136,0.6545804204228557,0.8128528352338866,1.0845804204228557
342.0,81.5793815929504,87.72539377263945,-99.5793815929504,99.5793815929504,-105.72539377263945,105.72539377263945,6.146012179689056,6.146012179689056,-1.3877787807814457e-17,1,1,CbC,90.00000000000001,15.72539377263945,-1.2193497689632864e-17,0.8123786081822373,-0.45356100241548136,0.20023812843373887,0.45356100241548136,0.6537991308492203,0.8123786081822373,1.0837991308492203
342.5,81.5793815929504,87.78726488697139,-99.07938159295038,99.07938159295038,-105.28726488697141,105.28726488697141,6.207883294020992,6.207883294020992,6.661338147750939e-16,1,1,CbC,90.00000000000001,15.287264886971366,1.2193497689632864e-17,0.8119587170262252,-0.45829650121104926,0.1947191319727746,0.45829650121104926,0.6530156331838238,0.8119587170262252,1.0830156331838239
343.0,81.5793815929504,87.84924712412521,-98.57938159295041,98.57938159295041,-104.84924712412524,104.84924712412524,6.269865531174812,6.269865531174812,4.440892098500626e-16,1,1,CbC,90.00000000000003,14.849247124125206,8.128998459755243e-18,0.8115931982096595,-0.4630373090492645,0.18919265575372937,0.4630373090492645,0.6522299648029939,0.8115931982096595,1.0822299648029938
343.5,81.5793815929504,87.9113372785245,-98.07938159295038,98.07938159295038,-104.41133727852453,104.41133727852453,6.331955685574104,6.331955685574104,6.661338147750939e-16,1,1,CbC,90.00000000000003,14.411337278524476,1.2193497689632864e-17,0.8112820843582865,-0.4677830247455528,0.1836591384650376,0.4677830247455528,0.6514421632105903,0.8112820843582865,1.0814421632105904
344.0,81.5793815929504,87.97353214719908,-97.57938159295037,97.57938159295037,-103.97353214719905,103.97353214719905,6.394150554248682,6.394150554248682,0.0,1,1,CbC,90.00000000000001,13.97353214719905,-9.763195100165861e-17,0.8110254042750695,-0.4725332465682884,0.17811901947068834,0.4725332465682884,0.6506522660389767,0.8110254042750696,1.0806522660389768
344.5,81.5793815929504,88.03582852971697,-97.0793815929504,97.0793815929504,-103.53582852971698,103.53582852971698,6.456446936766567,6.456446936766567,2.220446049250313e-16,1,1,CbC,90.00000000000001,13.535828529716962,-8.128998459755243e-18,0.8108231829357512,-0.4772875722767798,0.17257273877319715,0.4772875722767798,0.649860311049977,0.8108231829357512,1.079860311049977
345.0,81.5793815929504,88.09822322811556,-96.57938159295038,96.57938159295038,-103.09822322811557,103.09822322811557,6.518841635165165,6.518841635165165,4.440892098500626e-16,1,1,CbC,90.00000000000001,13.098223228115543,1.2193497689632864e-17,0.8106754414846769,-0.48204559915929684,0.16702073697652664,0.48204559915929684,0.6490663361358235,0.8106754414846769,1.0790663361358235
345.5,81.5793815929504,88.1607130468321,-96.07938159295041,96.07938159295041,-102.6607130468321,102.6607130468321,6.581331453881698,6.581331453881698,-2.220446049250313e-16,1,1,CbC,90.00000000000001,12.660713046832107,-0.0007072691737259753,0.8105821972309107,-0.4868069240711311,0.16146345524896152,0.4868069240711311,0.6482703793200926,0.8112894664046367,1.0782703793200925
346.0,81.5793815929504,88.22329479263331,-95.5793815929504,95.5793815929504,-102.22329479263333,102.22329479263333,6.643913199682915,6.643913199682915,2.3592239273284576e-16,1,1,CbC,90.00000000000001,12.223294792633302,-0.0014483324487535468,0.8105434636446155,-0.4915711434727027,0.15590133528592692,0.4915711434727027,0.6474724787586297,0.811991796093369,1.0774724787586296
346.5,81.5793815929504,88.2859652745444,-95.07938159295037,95.07938159295037,-101.7859652745444,101.7859652745444,6.706583681594003,6.706583681594003,4.440892098500626e-16,1,1,CbC,90.00000000000001,11.78596527454437,-0.002134900488585544,0.8105592503537218,-0.4963378534676909,0.1503348192727738,0.4963378534676909,0.6466726727404647,0.8126941508423073,1.0766726727404647
347.0,81.5793815929504,88.34872130377735,-94.5793815929504,94.5793815929504,-101.34872130377735,101.34872130377735,6.769339710826955,6.769339710826955,-2.220446049250313e-16,1,1,CbC,90.00000000000001,11.348721303777355,-0.002766926879110625,0.8106295631408684,-0.5011066498411988,0.14476434984751316,0.5011066498411988,0.645870999688712,0.813396490019979,1.075870999688712
347.5,81.5793815929504,88.41155969365848,-94.07938159295038,94.07938159295038,-100.91155969365849,100.91155969365849,6.832178100708072,6.832178100708072,6.661338147750939e-16,1,1,CbC,90.00000000000001,10.911559693658452,-0.0033443692647707056,0.8107544039406243,-0.505879965997388,0.13919037006351428,0.505879965997388,0.6450703360609024,0.8140987732053949,1.0750703360609024
348.0,81.5793815929504,88.47447725955544,-93.57938159295041,93.57938159295041,-100.47447725955548,100.47447725955548,6.895095666605049,6.895095666605049,4.440892098500626e-16,1,1,CbC,90.00000000000001,10.474477259555458,-0.0038671893511615205,0.8109337708369955,-0.5106644786203745,0.13361332335217416,0.5106644786203745,0.6442778019725486,0.814800960188157,1.0742778019725485
348.5,81.5793815929504,88.53747081880367,-93.0793815929504,93.0793815929504,-100.0374708188037,100.0374708188037,6.958089225853275,6.958089225853275,4.440892098500626e-16,1,1,CbC,90.00000000000001,10.037470818803667,-0.004335352907331266,0.8111676580612075,-0.5154498788374121,0.12803365348554366,0.5154498788374121,0.6434835323229557,0.8155030109685387,1.0734835323229557
349.0,81.5793815929504,88.60053719063201,-92.57938159295037,92.57938159295037,-99.600537190632,99.600537190632,7.021155597681613,7.021155597681613,2.220446049250313e-16,1,1,CbC,90.00000000000001,9.600537190631984,-0.00474882976777301,0.8114560559897697,-0.5202357608809794,0.122451804538934,0.5202357608809794,0.6426875654199135,0.8162048857575427,1.0726875654199135
349.5,81.5793815929504,88.66367319608808,-92.07938159295041,92.07938159295041,-99.16367319608811,99.16367319608811,7.084291603137681,7.084291603137681,4.440892098500626e-16,1,1,CbC,90.00000000000001,9.163673196088086,-0.005107593834110318,0.8117989511428255,-0.525021718856415,0.11686822085349251,0.525021718856415,0.6418899397099075,0.8169065449769358,1.0718899397099075
350.0,81.5793815929504,88.72687565796289,-91.57938159295038,91.57938159295038,-98.72687565796289,98.72687565796289,7.147494065012499,7.147494065012499,0.0,1,1,CbC,90.00000000000001,8.726875657962882,-0.00541162307647907,0.8121963261827855,-0.5298073467801936,0.11128334699875236,0.5298073467801936,0.641090693778946,0.8176079492592645,1.071090693778946
350.5,81.5793815929504,88.79014140071506,-91.07938159295037,91.07938159295037,-98.29014140071506,98.29014140071506,7.210759807764654,7.210759807764654,6.661338147750939e-16,1,1,CbC,90.00000000000001,8.290141400715015,-0.0056608995346016785,0.8126481599132361,-0.5345922386182035,0.10569762773516911,0.5345922386182035,0.6402898663533726,0.8183090594478378,1.0702898663533726
351.0,81.5793815929504,88.85346725039443,-90.5793815929504,90.5793815929504,-97.85346725039446,97.85346725039446,7.2740856574440365,7.2740856574440365,4.440892098500626e-16,1,1,CbC,90.00000000000001,7.85346725039443,-0.005855409318555584,0.8131544272781435,-0.5393759883240352,0.10011150797663516,0.5393759883240352,0.6394874963006704,0.819009836596699,1.0694874963006704
351.5,81.5793815929504,88.9168500345655,-90.07938159295038,90.07938159295038,-97.41685003456547,97.41685003456547,7.337468441615096,7.337468441615096,0.0,1,1,CbC,90.00000000000001,7.416850034565472,-0.005995142609236221,0.8137150993613327,-0.5441581898772719,0.09452543275297737,0.5441581898772719,0.6386836226302492,0.8197102419705689,1.0686836226302492
352.0,81.5793815929504,88.98028658222994,-89.57938159295041,89.57938159295041,-96.98028658222995,96.98028658222995,7.400904989279534,7.400904989279534,0.0,1,1,CbC,90.00000000000001,6.980286582229941,-0.0060800936585114485,0.8143301433862535,-0.5489384373217759,0.08893984717245138,0.5489384373217759,0.6378782844942273,0.820410237044765,1.0678782844942274
352.5,81.5793815929504,89.04377372374924,-89.07938159295038,89.07938159295038,-96.54377372374925,96.54377372374925,7.464392130798842,7.464392130798842,4.440892098500626e-16,1,1,CbC,90.00000000000001,6.5437737237492275,-0.0061102607890712885,0.8149995227160354,-0.5537163248039749,0.08335519638421886,0.5537163248039749,0.6370715211881938,0.8211097835051067,1.0670715211881938
353.0,81.5793815929504,89.1073082907666,-88.57938159295037,88.57938159295037,-96.1073082907666,96.1073082907666,7.5279266978161985,7.5279266978161985,4.440892098500626e-16,1,1,CbC,90.00000000000001,6.107308290766563,-0.006085646393970113,0.8157231968538218,-0.5584914466111385,0.07777192554082667,0.5584914466111385,0.6362633721519652,0.8218088432477919,1.0662633721519652
353.5,81.5793815929504,89.17088711612851,-88.0793815929504,88.0793815929504,-95.6708871161285,95.6708871161285,7.591505523178111,7.591505523178111,-2.220446049250313e-16,1,1,CbC,90.00000000000003,5.670887116128494,-0.0060062569358613925,0.8165011214433928,-0.5632633972096471,0.07219047976067826,0.5632633972096471,0.6354538769703254,0.8225073783792543,1.0654538769703255
354.0,81.5793815929504,89.23450703380618,-87.57938159295038,87.57938159295038,-95.23450703380617,95.23450703380617,7.6551254408557865,7.6551254408557865,0.0,1,1,CbC,90.00000000000001,5.234507033806163,-0.0058721029459272165,0.8173332482700738,-0.5680317712832472,0.06661130409050829,0.5680317712832472,0.6346430753737555,0.823205351216001,1.0646430753737555
354.5,81.5793815929504,89.29816487881646,-87.07938159295041,87.07938159295041,-94.79816487881651,94.79816487881651,7.718783285866067,7.718783285866067,4.440892098500626e-16,1,1,CbC,90.00000000000003,4.798164878816462,-0.005683199022499042,0.8182195252619296,-0.5727961637712888,0.061034843467861054,0.5727961637712888,0.6338310072391499,0.8239027242844287,1.06383100723915
355.0,81.5793815929504,89.3618574871425,-86.5793815929504,86.5793815929504,-94.36185748714249,94.36185748714249,7.782475894192099,7.782475894192099,0.0,1,1,CbC,90.00000000000003,4.361857487142474,-0.00543956382937401,0.8191598964912415,-0.5775673629514876,0.05546154268357293,0.5775673629514876,0.6330289056350605,0.8245994603206156,1.0630289056350606
355.5,81.5793815929504,89.42558169565416,-86.07938159295037,86.07938159295037,-93.92558169565416,93.92558169565416,7.846200102703757,7.846200102703757,4.440892098500626e-16,1,1,CbC,89.99999999999999,3.92558169565415,-0.005141220093822121,0.8201543021762808,-0.5823354990650893,0.04989184634426972,0.5823354990650893,0.632227345409359,0.8252955222701029,1.062227345409359
356.0,81.5793815929504,89.48933434202834,-85.5793815929504,85.5793815929504,-93.48933434202836,93.48933434202836,7.909952749077946,7.909952749077946,2.220446049250313e-16,1,1,CbC,90.00000000000001,3.4893343420283456,-0.004788194604288453,0.8212026786833518,-0.587098446063123,0.04432619883486979,0.587098446063123,0.6314246448979928,0.8259908732876403,1.0614246448979927
356.5,81.5793815929504,89.55311226466867,-85.07938159295038,85.07938159295038,-93.05311226466868,93.05311226466868,7.973730671718267,7.973730671718267,4.440892098500626e-16,1,1,CbC,90.00000000000001,3.053112264668647,-0.004380518207788601,0.8223049585291367,-0.5918557996322208,0.03876504428110602,0.5918557996322208,0.6306208439133268,0.8266854767369253,1.060620843913327
357.0,81.5793815929504,89.61691230262542,-84.57938159295041,84.57938159295041,-92.61691230262545,92.61691230262545,8.037530709675028,8.037530709675028,2.220446049250313e-16,1,1,CbC,90.00000000000001,2.6169123026254395,-0.003918225806996822,0.8234610703833212,-0.5966071559055642,0.033208826512069516,0.5966071559055642,0.6298159824176337,0.827379296190318,1.0598159824176336
357.5,81.5793815929504,89.6807312955151,-84.0793815929504,84.0793815929504,-92.1807312955151,92.1807312955151,8.101349702564702,8.101349702564702,2.7755575615628914e-17,1,1,CbC,90.00000000000001,2.1807312955150944,-0.0034013563570300534,0.8246709390715035,-0.6013521115009595,0.027657989022766533,0.6013521115009595,0.629010100523726,0.8280722954285336,1.059010100523726
358.0,81.5793815929504,89.74456608343971,-83.57938159295037,83.57938159295037,-91.74456608343968,91.74456608343968,8.165184490489308,8.165184490489308,0.0,1,1,CbC,90.00000000000001,1.7445660834396786,-0.0028299528619234997,0.8259344855783914,-0.6060902635588659,0.02211297493670851,0.6060902635588659,0.6282032384955744,0.8287644384403149,1.0582032384955744
358.5,81.5793815929504,89.80841350690613,-83.07938159295041,83.07938159295041,-91.30841350690616,91.30841350690616,8.22903191395574,8.22903191395574,2.220446049250313e-16,1,1,CbC,90.00000000000001,1.3084135069061424,-0.0022040623708025407,0.82725162705129,-0.6108212097803872,0.016574226968524345,0.6108212097803872,0.6273954367489116,0.8294556894220925,1.0573954367489116
359.0,81.5793815929504,89.87227040674533,-82.57938159295038,82.57938159295038,-90.87227040674534,90.87227040674534,8.292888813794926,8.292888813794926,4.440892098500626e-16,1,1,CbC,90.00000000000001,0.8722704067453092,-0.0015237359737480805,0.8286222768038712,-0.6155445484652231,0.011042187386601796,0.6155445484652231,0.6265867358518249,0.8301460127776193,1.0565867358518248
359.5,81.5793815929504,89.93613362403123,-82.07938159295037,82.07938159295037,-90.43613362403123,90.43613362403123,8.356752031080834,8.356752031080834,4.440892098500626e-16,1,1,CbC,89.99999999999999,0.436133624031222,-0.0007890287973573433,0.830046344320227,-0.6202598785495663,0.0055172979757679074,0.6202598785495663,0.6257771765253343,0.8308353731175843,1.0557771765253343
