theta0_degrees,theta_reference_degrees,theta_segment_degrees,delta_reference_degrees,delta_reference_abs_degrees,delta_segment_degrees,delta_segment_abs_degrees,segment_reference_error_degrees,segment_reference_error_abs_degrees,angle_decomposition_residual,tau0,family_plain,forward_arc_iota_degrees,backward_arc_iota_degrees,s_ref_min,s_ref_max,q_ref_min,q_ref_max,q_ref_abs_max,lateral_width_reference_path,longitudinal_width_reference_path,required_strip_width,required_strip_width_one_sided
0.0,98.07181000630752,90.00000000000001,-98.07181000630752,98.07181000630752,-90.00000000000001,90.00000000000001,-8.0718100063075,8.0718100063075,0.0,1,C,90.00000000000001,0.0,-0.007252607870394924,0.6221306057391078,-0.8277516567132346,8.877968359263918e-17,0.8277516567132346,0.8277516567132347,0.6293832136095028,1.2577516567132347,1.0427516567132347
0.5,98.07181000630752,89.91422048564053,-97.57181000630752,97.57181000630752,-89.41422048564053,89.41422048564053,-8.157589520666988,8.157589520666988,0.0,1,C,89.41422048564053,0.0,-0.0063709983329711065,0.6219149628194544,-0.8212667838673767,4.113501909864312e-16,0.8212667838673767,0.8212667838673772,0.6282859611524254,1.2512667838673772,1.0362667838673767
1.0,98.07181000630752,89.82845125003901,-97.07181000630752,97.07181000630752,-88.82845125003901,88.82845125003901,-8.243358756268508,8.243358756268508,0.0,1,C,88.82845125003901,0.0,-0.00556881955435459,0.6216444094748838,-0.8147729579544988,2.5076045045519397e-16,0.8147729579544988,0.814772957954499,0.6272132290292384,1.244772957954499,1.0297729579544987
1.5,98.07181000630752,89.74270256928301,-96.57181000630752,96.57181000630752,-88.24270256928303,88.24270256928303,-8.329107437024494,8.329107437024494,0.0,1,C,88.24270256928303,0.0,-0.004798787116806391,0.6213190159751748,-0.8082706815558689,-7.213656793916539e-17,0.8082706815558689,0.8082706815558688,0.6261178030919812,1.2382706815558688,1.023270681555869
2.0,98.07181000630752,89.65698471412094,-96.07181000630752,96.07181000630752,-87.65698471412094,87.65698471412094,-8.414825292186572,8.414825292186572,0.0,1,C,87.65698471412094,0.0,-0.004105761467397714,0.6209388566199023,-0.8017604585464781,4.0877388498860384e-16,0.8017604585464781,0.8017604585464786,0.6250446180873,1.2317604585464785,1.0167604585464782
2.5,98.07181000630752,89.57130794729648,-95.57181000630752,95.57181000630752,-87.07130794729648,87.07130794729648,-8.500502059011037,8.500502059011037,0.0,1,C,87.07130794729648,0.0,-0.003449719382289231,0.6205040097064013,-0.7952427940516896,9.618209058555385e-17,0.7952427940516896,0.7952427940516897,0.6239537290886905,1.2252427940516897,1.0102427940516896
3.0,98.07181000630752,89.4856825208882,-95.0718100063075,95.0718100063075,-86.48568252088819,86.48568252088819,-8.586127485419313,8.586127485419313,0.0,1,C,86.48568252088819,0.0,-0.0028635636085908816,0.6200145574975592,-0.788718194403318,-7.557164260293517e-17,0.788718194403318,0.7887181944033179,0.62287812110615,1.2187181944033179,1.003718194403318
3.5,98.07181000630752,89.4001186736555,-94.57181000630752,94.57181000630752,-85.9001186736555,85.9001186736555,-8.671691332652015,8.671691332652015,0.0,1,C,85.9001186736555,0.0,-0.00232361023163827,0.6194705861894635,-0.7821871670951493,2.4732537579142417e-16,0.7821871670951493,0.7821871670951496,0.6217941964211018,1.2121871670951496,0.9971871670951493
4.0,98.07181000630752,89.3146266283927,-94.0718100063075,94.0718100063075,-85.31462662839269,85.31462662839269,-8.757183377914814,8.757183377914814,0.0,1,C,85.31462662839269,0.0,-0.0018419134535459195,0.618872185878924,-0.7756502207379076,8.244179193047473e-17,0.7756502207379076,0.7756502207379077,0.6207140993324699,1.2056502207379076,0.9906502207379075
4.5,98.07181000630752,89.22921658929324,-93.57181000630752,93.57181000630752,-84.72921658929324,84.72921658929324,-8.842593417014262,8.842593417014262,0.0,1,C,84.72921658929324,0.0,-0.0014198319786594472,0.6182194505309022,-0.7691078650136804,4.2092790868583903e-16,0.7691078650136804,0.7691078650136809,0.6196392825095617,1.1991078650136808,0.9841078650136804
5.0,98.07181000630752,89.143898739325,-93.07181000630752,93.07181000630752,-84.143898739325,84.143898739325,-8.927911266982516,8.927911266982516,0.0,1,C,84.143898739325,0.0,-0.0010400560508298385,0.6175124779458633,-0.7625606106298114,8.244179193047473e-17,0.7625606106298114,0.7625606106298115,0.6185525339966931,1.1925606106298114,0.9775606106298114
5.5,98.07181000630752,89.05868323761855,-92.57181000630752,92.57181000630752,-83.55868323761855,83.55868323761855,-9.013126768688956,9.013126768688956,0.0,1,C,83.55868323761855,0.0,-0.0007373144208945221,0.6167513697270712,-0.7560089692722727,5.770925435133231e-16,0.7560089692722727,0.7560089692722732,0.6174886841479658,1.1860089692722733,0.9710089692722726
6.0,98.07181000630752,88.97358021687043,-92.07181000630752,92.07181000630752,-82.97358021687043,82.97358021687043,-9.098229789437083,9.098229789437083,0.0,1,C,82.97358021687043,0.0,-0.00046118401195715896,0.6159362312478683,-0.749453453558527,2.610656744465033e-16,0.749453453558527,0.7494534535585272,0.6163974152598255,1.1794534535585273,0.964453453558527
6.5,98.07181000630752,88.88859978076204,-91.57181000630752,91.57181000630752,-82.38859978076204,82.38859978076204,-9.18321022554547,9.18321022554547,0.0,1,C,82.38859978076204,0.0,-0.0002745454006022079,0.6150671716189363,-0.7428945769898899,1.117711889465588e-16,0.7428945769898899,0.74289457698989,0.6153417170195385,1.17289457698989,0.9578945769898899
7.0,98.07181000630752,88.80375200139656,-91.07181000630752,91.07181000630752,-81.80375200139656,81.80375200139656,-9.268058004910955,9.268058004910955,0.0,1,C,81.80375200139656,0.0,-0.00012138565526379333,0.6141443036555744,-0.7363328539034087,3.984686609972945e-16,0.7363328539034087,0.7363328539034092,0.6142656893108381,1.1663328539034092,0.9513328539034087
7.5,98.07181000630752,88.7190469167549,-90.5718100063075,90.5718100063075,-81.2190469167549,81.2190469167549,-9.352763089552601,9.352763089552601,0.0,1,C,81.2190469167549,0.0,-2.9571660304421274e-05,0.6131677438450246,-0.7297687994232663,2.6291447415242916e-16,0.7297687994232663,0.7297687994232666,0.613197315505329,1.1597687994232666,0.9447687994232663
8.0,98.07181000630752,88.63449452817244,-90.07181000630752,90.07181000630752,-80.63449452817244,80.63449452817244,-9.437315478135067,9.437315478135067,0.0,1,C,80.63449452817244,0.0,-1.1691823770753715e-17,0.6121376123138441,-0.7232029294117259,-8.244179193047473e-17,0.7232029294117259,0.7232029294117258,0.6121376123138441,1.1532029294117259,0.9382029294117259
8.5,98.07181000630752,88.55010479783785,-89.5718100063075,89.5718100063075,-80.05010479783785,80.05010479783785,-9.521705208469665,9.521705208469665,0.0,1,C,80.05010479783785,0.0,-5.341190768199002e-17,0.6110540327953633,-0.7166357604196285,4.140577593582995e-16,0.7166357604196285,0.716635760419629,0.6110540327953633,1.146635760419629,0.9316357604196285
9.0,98.07181000630752,88.4658876463157,-89.07181000630752,89.07181000630752,-79.4658876463157,79.4658876463157,-9.605922359991814,9.605922359991814,0.0,1,C,79.4658876463157,0.0,1.3640461065879333e-17,0.609917132597249,-0.7100678096364621,9.618209058555385e-17,0.7100678096364621,0.7100678096364622,0.609917132597249,1.1400678096364623,0.9250678096364621
9.5,98.07181000630752,88.38185295009394,-88.57181000630752,88.57181000630752,-78.88185295009394,78.88185295009394,-9.689957056213572,9.689957056213572,0.0,1,C,78.88185295009394,0.0,5.651048155864296e-17,0.6087270425691743,-0.7034995948400078,3.984686609972945e-16,0.7034995948400078,0.7034995948400082,0.6087270425691742,1.1334995948400082,0.9184995948400078
10.0,98.07181000630752,88.29801053915791,-88.07181000630752,88.07181000630752,-78.29801053915791,78.29801053915791,-9.773799467149592,9.773799467149592,0.0,1,C,78.29801053915791,0.0,-7.484691792837183e-17,0.6074838970706419,-0.6969316343455885,2.6291447415242916e-16,0.6969316343455885,0.6969316343455887,0.607483897070642,1.1269316343455886,0.9119316343455884
10.5,98.07181000630752,88.2143701945923,-87.57181000630752,87.57181000630752,-77.7143701945923,77.7143701945923,-9.85743981171521,9.85743981171521,0.0,1,C,77.7143701945923,0.0,-3.197689743560821e-17,0.6061878339389603,-0.6903644469549297,5.652010445641698e-16,0.6903644469549297,0.6903644469549303,0.6061878339389603,1.1203644469549303,0.9053644469549297
11.0,98.07181000630752,88.13094164621191,-87.07181000630752,87.07181000630752,-77.13094164621191,77.13094164621191,-9.940868360095596,9.940868360095596,0.0,1,C,77.13094164621191,0.0,-5.536054497711564e-17,0.6048389944573936,-0.6837985519046476,4.0031746070322037e-16,0.6837985519046476,0.683798551904648,0.6048389944573936,1.113798551904648,0.8987985519046475
11.5,98.07181000630752,88.04773457022344,-86.57181000630752,86.57181000630752,-76.54773457022344,76.54773457022344,-10.024075436084077,10.024075436084077,0.0,1,C,76.54773457022344,0.0,-9.433329087962803e-17,0.6034375233235172,-0.6772344688143856,1.2551148760163792e-16,0.6772344688143856,0.6772344688143858,0.6034375233235173,1.1072344688143858,0.8922344688143856
12.0,98.07181000630752,87.96475858691826,-86.0718100063075,86.0718100063075,-75.96475858691825,75.96475858691825,-10.10705141938925,10.10705141938925,0.0,1,C,75.96475858691825,0.0,-3.197689743560821e-17,0.6019835686177679,-0.6706727176346078,5.652010445641698e-16,0.6706727176346078,0.6706727176346083,0.6019835686177679,1.1006727176346083,0.8856727176346078
12.5,98.07181000630752,87.88202325839892,-85.57181000630752,85.57181000630752,-75.38202325839892,75.38202325839892,-10.189786747908599,10.189786747908599,0.0,1,C,75.38202325839892,0.0,-7.484691792837183e-17,0.6004772817722439,-0.6641138185940777,2.6291447415242916e-16,0.6641138185940777,0.6641138185940779,0.600477281772244,1.094113818594078,0.8791138185940777
13.0,98.07181000630752,87.79953808633925,-85.0718100063075,85.0718100063075,-74.79953808633924,74.79953808633924,-10.272271919968261,10.272271919968261,0.0,1,C,74.79953808633924,0.0,1.1691823770753715e-17,0.5989188175397325,-0.6575582921470261,8.244179193047473e-17,0.6575582921470261,0.6575582921470262,0.5989188175397325,1.0875582921470262,0.8725582921470261
13.5,98.07181000630752,87.71731250978009,-84.57181000630752,84.57181000630752,-74.21731250978009,74.21731250978009,-10.354497496527422,10.354497496527422,0.0,1,C,74.21731250978009,0.0,-5.536054497711564e-17,0.5973083339630041,-0.6510066589200361,4.0031746070322037e-16,0.6510066589200361,0.6510066589200365,0.5973083339630041,1.0810066589200364,0.866006658920036
14.0,98.07181000630752,87.63535590296122,-84.07181000630752,84.07181000630752,-73.63535590296124,73.63535590296124,-10.436454103346284,10.436454103346284,0.0,1,C,73.63535590296124,0.0,-9.823056546987926e-17,0.5956459923443844,-0.6444594396586576,9.803089029147968e-17,0.6444594396586576,0.6444594396586577,0.5956459923443845,1.0744594396586578,0.8594594396586576
14.5,98.07181000630752,87.55367757319132,-83.57181000630752,83.57181000630752,-73.05367757319132,73.05367757319132,-10.518132433116193,10.518132433116193,0.0,1,C,73.05367757319132,0.0,-3.897274590251238e-18,0.5939319572156101,-0.6379171551737705,-2.7480597310158243e-17,0.6379171551737705,0.6379171551737705,0.5939319572156101,1.0679171551737705,0.8529171551737704
15.0,98.07181000630752,87.47228675875581,-83.07181000630752,83.07181000630752,-72.47228675875583,72.47228675875583,-10.599523247551693,10.599523247551693,0.0,1,C,72.47228675875583,0.0,-7.484691792837183e-17,0.5921663963079887,-0.6313803262877149,2.6291447415242916e-16,0.6313803262877149,0.6313803262877151,0.5921663963079888,1.061380326287715,0.8463803262877149
15.5,98.07181000630752,87.39119262686494,-82.57181000630752,82.57181000630752,-71.89119262686494,71.89119262686494,-10.680617379442571,10.680617379442571,0.0,1,C,71.89119262686494,0.0,-9.823056546987926e-17,0.5903494805228758,-0.6248494737802052,9.803089029147968e-17,0.6248494737802052,0.6248494737802053,0.590349480522876,1.0548494737802052,0.8398494737802051
16.0,98.07181000630752,87.31040427164196,-82.07181000630752,82.07181000630752,-71.31040427164196,71.31040427164196,-10.761405734665551,10.761405734665551,0.0,1,C,71.31040427164196,0.0,-5.14632703868644e-17,0.5884813839024751,-0.6183251183340495,4.277980580133786e-16,0.6183251183340495,0.6183251183340499,0.5884813839024751,1.0483251183340498,0.8333251183340494
16.5,98.07181000630752,87.22993071215309,-81.5718100063075,81.5718100063075,-70.72993071215308,70.72993071215308,-10.841879294154426,10.841879294154426,0.0,1,C,70.72993071215308,0.0,-7.484691792837183e-17,0.5865622836009805,-0.6118077804806881,2.6291447415242916e-16,0.6118077804806881,0.6118077804806883,0.5865622836009806,1.0418077804806882,0.826807780480688
17.0,98.07181000630752,87.14978089047955,-81.07181000630752,81.07181000630752,-70.14978089047955,70.14978089047955,-10.922029115827968,10.922029115827968,0.0,1,C,70.14978089047955,0.0,-1.4189928667624117e-16,0.5845923598560652,-0.6052979805455755,5.807901429251748e-16,0.6052979805455755,0.605297980545576,0.5845923598560653,1.035297980545576,0.8202979805455755
17.5,98.07181000630752,87.06996366983304,-80.5718100063075,80.5718100063075,-69.56996366983304,69.56996366983304,-11.001846336474465,11.001846336474465,0.0,1,C,69.56996366983304,0.0,-5.925781956736687e-17,0.582571795960731,-0.5987962385934195,3.728368633930621e-16,0.5987962385934195,0.5987962385934198,0.5825717959607312,1.0287962385934197,0.8137962385934194
18.0,98.07181000630752,86.99048783271513,-80.07181000630752,80.07181000630752,-68.99048783271513,68.99048783271513,-11.081322173592381,11.081322173592381,0.0,1,C,68.99048783271513,0.0,1.1691823770753715e-17,0.5805007782355257,-0.5923030743732993,8.244179193047473e-17,0.5923030743732993,0.5923030743732994,0.5805007782355257,1.0223030743732995,0.8073030743732993
18.5,98.07181000630752,86.9113620791211,-79.57181000630752,79.57181000630752,-68.41136207912112,68.41136207912112,-11.1604479271864,11.1604479271864,0.0,1,C,68.41136207912112,0.0,-5.536054497711564e-17,0.578379496001134,-0.5858190072636801,4.0031746070322037e-16,0.5858190072636801,0.5858190072636805,0.578379496001134,1.0158190072636806,0.80081900726368
19.0,98.07181000630752,86.83259502478973,-79.07181000630752,79.07181000630752,-67.83259502478973,67.83259502478973,-11.239214981517785,11.239214981517785,0.0,1,C,67.83259502478973,0.0,3.5075471312261146e-17,0.5762081415513611,-0.5793445562173438,2.4732537579142417e-16,0.5793445562173438,0.579344556217344,0.5762081415513611,1.009344556217344,0.7943445562173438
19.5,98.07181000630752,86.75419519949854,-78.57181000630752,78.57181000630752,-67.25419519949855,67.25419519949855,-11.317614806808967,11.317614806808967,0.0,1,C,67.25419519949855,0.0,-1.1691823770753715e-17,0.5739869101264978,-0.5728802397062551,-8.244179193047473e-17,0.5728802397062551,0.572880239706255,0.5739869101264978,1.002880239706255,0.7878802397062551
20.0,98.07181000630752,86.67617104540636,-78.07181000630752,78.07181000630752,-66.67617104540636,66.67617104540636,-11.395638960901147,11.395638960901147,0.0,1,C,66.67617104540636,0.0,-5.536054497711564e-17,0.5717159998870902,-0.5664265756663784,4.0031746070322037e-16,0.5664265756663784,0.5664265756663789,0.5717159998870902,0.9964265756663788,0.7814265756663784
20.5,98.07181000630752,86.5985309154426,-77.57181000630752,77.57181000630752,-66.0985309154426,66.0985309154426,-11.473279090864924,11.473279090864924,0.0,1,C,66.0985309154426,0.0,7.794549180502477e-18,0.5693956118881115,-0.5599840814424709,5.4961194620316486e-17,0.5599840814424709,0.5599840814424709,0.5693956118881115,0.989984081442471,0.7749840814424709
21.0,98.07181000630752,86.52128307174465,-77.0718100063075,77.0718100063075,-65.52128307174465,65.52128307174465,-11.550526934562864,11.550526934562864,0.0,1,C,65.52128307174465,0.0,-1.5589098361004953e-17,0.5670259500535441,-0.553553273732863,-1.0992238924063297e-16,0.553553273732863,0.5535532737328629,0.5670259500535441,0.9835532737328629,0.768553273732863
21.5,98.07181000630752,86.44443568414347,-76.57181000630752,76.57181000630752,-64.94443568414347,64.94443568414347,-11.627374322164044,11.627374322164044,0.0,1,C,64.94443568414347,0.0,-7.874419251862307e-17,0.5646072211513671,-0.5471346685342507,2.354338768422709e-16,0.5471346685342507,0.547134668534251,0.5646072211513672,0.977134668534251,0.7621346685342507
22.0,98.07181000630752,86.36799682869763,-76.0718100063075,76.0718100063075,-64.36799682869763,64.36799682869763,-11.70381317760988,11.70381317760988,0.0,1,C,64.36799682869763,0.0,1.5589098361004953e-17,0.562139634768974,-0.5407287810865161,1.0992238924063297e-16,0.5407287810865161,0.5407287810865162,0.562139634768974,0.9707287810865162,0.7557287810865161
22.5,98.07181000630752,86.29197448627677,-75.57181000630752,75.57181000630752,-63.79197448627677,63.79197448627677,-11.779835520030742,11.779835520030742,0.0,1,C,63.79197448627677,0.0,-2.338364754150743e-17,0.5596234032889944,-0.5343361258175928,-1.6488358386094946e-16,0.5343361258175928,0.5343361258175927,0.5596234032889944,0.9643361258175926,0.7493361258175928
23.0,98.07181000630752,86.21637654119412,-75.07181000630752,75.07181000630752,-63.21637654119414,63.21637654119414,-11.855433465113384,11.855433465113384,0.0,1,C,63.21637654119412,0.0,-1.0212784006013049e-16,0.5570587418655486,-0.5279572162883972,7.055029298132144e-17,0.5279572162883972,0.5279572162883973,0.5570587418655487,0.9579572162883974,0.7429572162883972
23.5,98.07181000630752,86.141210779889,-74.57181000630752,74.57181000630752,-62.641210779888986,62.641210779888986,-11.93059922641852,11.93059922641852,0.0,1,C,62.641210779888986,0.0,-2.5961622509737665e-16,0.5544458684009187,-0.521592565137844,5.414180466658632e-16,0.521592565137844,0.5215925651378446,0.5544458684009189,0.9515925651378445,0.736592565137844
24.0,98.07181000630752,86.06648488965897,-74.0718100063075,74.0718100063075,-62.06648488965895,62.06648488965895,-12.005325116648551,12.005325116648551,0.0,1,C,62.066484889658966,0.0,-5.536054497711564e-17,0.5517850035226505,-0.5152426840279608,4.0031746070322037e-16,0.5152426840279608,0.5152426840279613,0.5517850035226505,0.9452426840279613,0.7302426840279608
24.5,98.07181000630752,85.99220645744249,-73.57181000630752,73.57181000630752,-61.492206457442485,61.492206457442485,-12.07960354886502,12.07960354886502,0.0,1,C,61.492206457442485,0.0,1.5589098361004953e-17,0.5490763705610693,-0.5089080835891218,1.0992238924063297e-16,0.5089080835891218,0.5089080835891219,0.5490763705610693,0.9389080835891219,0.7239080835891217
25.0,98.07181000630752,85.9183829686515,-73.07181000630752,73.07181000630752,-60.91838296865151,60.91838296865151,-12.153427037656009,12.153427037656009,0.0,1,C,60.91838296865151,0.0,-1.730774833982511e-16,0.5463201955272269,-0.502589273365417,3.609453644439088e-16,0.502589273365417,0.5025892733654174,0.5463201955272271,0.9325892733654173,0.717589273365417
25.5,98.07181000630752,85.84502180605463,-72.5718100063075,72.5718100063075,-60.34502180605463,60.34502180605463,-12.226788200252875,12.226788200252875,0.0,1,C,60.34502180605463,0.0,7.794549180502477e-18,0.543516707091273,-0.4962867617601767,5.4961194620316486e-17,0.4962867617601767,0.4962867617601768,0.543516707091273,0.9262867617601768,0.7112867617601767
26.0,98.07181000630752,85.77213024871084,-72.07181000630752,72.07181000630752,-59.77213024871084,59.77213024871084,-12.299679757596676,12.299679757596676,0.0,1,C,59.77213024871084,0.0,-9.433329087962803e-17,0.5406661365612371,-0.4900010559816632,1.2551148760163792e-16,0.4900010559816632,0.4900010559816633,0.5406661365612372,0.9200010559816634,0.7050010559816632
26.5,98.07181000630752,85.69971547095378,-71.5718100063075,71.5718100063075,-59.19971547095376,59.19971547095376,-12.372094535353742,12.372094535353742,0.0,1,C,59.19971547095376,0.0,-1.730774833982511e-16,0.5377687178622412,-0.4837326619889537,3.609453644439088e-16,0.4837326619889537,0.4837326619889541,0.5377687178622415,0.9137326619889541,0.6987326619889537
27.0,98.07181000630752,85.62778454142628,-71.07181000630752,71.07181000630752,-58.62778454142628,58.62778454142628,-12.444025464881236,12.444025464881236,0.0,1,C,58.62778454142628,0.0,-1.0212784006013049e-16,0.5348246875161234,-0.47748208443802254,7.055029298132144e-17,0.47748208443802254,0.4774820844380226,0.5348246875161236,0.9074820844380226,0.6924820844380225
27.5,98.07181000630752,85.5563444221656,-70.57181000630752,70.57181000630752,-58.05634442216561,58.05634442216561,-12.51546558414191,12.51546558414191,0.0,1,C,58.05634442216561,0.0,-1.652829342177486e-16,0.5318342846214638,-0.47124982662804404,4.159065590642253e-16,0.47124982662804404,0.47124982662804443,0.5318342846214639,0.9012498266280444,0.686249826628044
28.0,98.07181000630752,85.48540196773902,-70.07181000630752,70.07181000630752,-57.48540196773902,57.48540196773902,-12.586408038568488,12.586408038568488,0.0,1,C,57.48540196773902,0.0,1.5589098361004953e-17,0.5287977508340397,-0.4650363904479342,1.0992238924063297e-16,0.4650363904479342,0.4650363904479343,0.5287977508340397,0.8950363904479344,0.6800363904479342
28.5,98.07181000630752,85.41496392442946,-69.5718100063075,69.5718100063075,-56.91496392442945,56.91496392442945,-12.65684608187806,12.65684608187806,0.0,1,C,56.91496392442946,0.0,1.5589098361004953e-17,0.525715330347663,-0.4588422763231381,1.0992238924063297e-16,0.4588422763231381,0.45884227632313823,0.525715330347663,0.8888422763231383,0.6738422763231381
29.0,98.07181000630752,85.34503692947155,-69.07181000630752,69.07181000630752,-56.34503692947155,56.34503692947155,-12.726773076835965,12.726773076835965,0.0,1,C,56.34503692947155,0.0,-1.652829342177486e-16,0.5225872698754305,-0.452667983162689,4.159065590642253e-16,0.452667983162689,0.4526679831626894,0.5225872698754306,0.8826679831626894,0.667667983162689
29.5,98.07181000630752,85.27562751033706,-68.57181000630752,68.57181000630752,-55.77562751033705,55.77562751033705,-12.796182495970452,12.796182495970452,0.0,1,C,55.77562751033705,0.0,1.5589098361004953e-17,0.5194138186313627,-0.4465140083065433,1.0992238924063297e-16,0.4465140083065433,0.4465140083065434,0.5194138186313627,0.8765140083065435,0.6615140083065433
30.0,98.07181000630752,85.20674208407038,-68.07181000630752,68.07181000630752,-55.20674208407038,55.20674208407038,-12.865067922237134,12.865067922237134,0.0,1,C,55.20674208407038,0.0,-1.730774833982511e-16,0.5161952283124218,-0.4403808474732141,3.609453644439088e-16,0.4403808474732141,0.4403808474732145,0.516195228312422,0.8703808474732144,0.6553808474732141
30.5,98.07181000630752,85.13838695667313,-67.57181000630752,67.57181000630752,-54.63838695667313,54.63838695667313,-12.933423049634383,12.933423049634383,0.0,1,C,54.63838695667313,0.0,1.5589098361004953e-17,0.5129317530809278,-0.43426899470771474,1.0992238924063297e-16,0.43426899470771474,0.43426899470771485,0.5129317530809278,0.8642689947077149,0.6492689947077147
31.0,98.07181000630752,85.07056832253771,-67.0718100063075,67.0718100063075,-54.0705683225377,54.0705683225377,-13.001241683769807,13.001241683769807,0.0,1,C,54.0705683225377,0.0,7.794549180502477e-18,0.5096236495473266,-0.42817894232982323,5.4961194620316486e-17,0.42817894232982323,0.4281789423298233,0.5096236495473266,0.8581789423298233,0.6431789423298232
31.5,98.07181000630752,85.00329226392977,-66.57181000630752,66.57181000630752,-53.503292263929765,53.503292263929765,-13.068517742377749,13.068517742377749,0.0,1,C,53.503292263929765,0.0,-1.730774833982511e-16,0.5062711767533411,-0.42211118088268673,3.609453644439088e-16,0.42211118088268673,0.4221111808826871,0.5062711767533413,0.8521111808826871,0.6371111808826867
32.0,98.07181000630752,84.93656475051856,-66.07181000630752,66.07181000630752,-52.93656475051855,52.93656475051855,-13.13524525578896,13.13524525578896,0.0,1,C,52.93656475051854,0.0,-9.433329087962803e-17,0.5028745961554705,-0.4160661990817724,1.2551148760163792e-16,0.4160661990817724,0.4160661990817725,0.5028745961554706,0.8460661990817725,0.6310661990817724
32.5,98.07181000630752,84.87039163895552,-65.57181000630752,65.57181000630752,-52.37039163895553,52.37039163895553,-13.201418367351984,13.201418367351984,0.0,1,C,52.37039163895553,0.0,-1.0212784006013049e-16,0.499434171608841,-0.41004448376418273,7.055029298132144e-17,0.41004448376418273,0.4100444837641828,0.4994341716088411,0.8400444837641827,0.6250444837641828
33.0,98.07181000630752,84.80477867250025,-65.0718100063075,65.0718100063075,-51.80477867250025,51.80477867250025,-13.267031333807257,13.267031333807257,0.0,1,C,51.80477867250024,0.0,-1.730774833982511e-16,0.4959501693514026,-0.4040465198383466,3.609453644439088e-16,0.4040465198383466,0.404046519838347,0.4959501693514028,0.834046519838347,0.6190465198383466
33.5,98.07181000630752,84.73973148069283,-64.57181000630752,64.57181000630752,-51.239731480692825,51.239731480692825,-13.332078525614683,13.332078525614683,0.0,1,C,51.23973148069283,0.0,-9.433329087962803e-17,0.4924228579884488,-0.39807279023409187,1.2551148760163792e-16,0.39807279023409187,0.398072790234092,0.4924228579884489,0.828072790234092,0.6130727902340919
34.0,98.07181000630752,84.67525557907348,-64.07181000630752,64.07181000630752,-50.675255579073486,50.675255579073486,-13.396554427234033,13.396554427234033,0.0,1,C,50.67525557907348,0.0,-1.730774833982511e-16,0.4888525084774644,-0.3921237758531213,3.609453644439088e-16,0.3921237758531213,0.3921237758531217,0.4888525084774646,0.8221237758531217,0.6071237758531213
34.5,98.07181000630752,84.61135636894737,-63.57181000630752,63.57181000630752,-50.11135636894737,50.11135636894737,-13.460453637360143,13.460453637360143,0.0,1,C,50.11135636894737,0.0,1.5589098361004953e-17,0.4852393941132911,-0.38619995551989394,1.0992238924063297e-16,0.38619995551989394,0.38619995551989406,0.4852393941132911,0.816199955519894,0.6011999555198939
35.0,98.07181000630752,84.54803913719503,-63.071810006307516,63.071810006307516,-49.54803913719503,49.54803913719503,-13.523770869112477,13.523770869112477,0.0,1,C,49.54803913719503,0.0,-1.0212784006013049e-16,0.48158379051358235,-0.38030180593292573,7.055029298132144e-17,0.38030180593292573,0.3803018059329258,0.48158379051358247,0.8103018059329258,0.5953018059329257
35.5,98.07181000630752,84.48530905612769,-62.57181000630751,62.57181000630751,-48.9853090561277,48.9853090561277,-13.586500950179818,13.586500950179818,0.0,1,C,48.9853090561277,0.0,-1.730774833982511e-16,0.47788597560456364,-0.37442980161652156,3.609453644439088e-16,0.37442980161652156,0.37442980161652195,0.4778859756045638,0.8044298016165219,0.5894298016165216
36.0,98.07181000630752,84.42317118338612,-62.07181000630751,62.07181000630751,-48.42317118338611,48.42317118338611,-13.6486388229214,13.6486388229214,0.0,1,C,48.4231711833861,0.0,-1.0212784006013049e-16,0.4741462296070707,-0.3685844148729438,7.055029298132144e-17,0.3685844148729438,0.36858441487294386,0.4741462296070708,0.7985844148729438,0.5835844148729438
36.5,98.07181000630752,84.36163046188369,-61.571810006307516,61.571810006307516,-47.86163046188369,47.86163046188369,-13.710179544423823,13.710179544423823,0.0,1,C,47.86163046188369,0.0,-1.730774833982511e-16,0.47036483502285614,-0.3627661157350302,3.609453644439088e-16,0.3627661157350302,0.3627661157350306,0.4703648350228563,0.7927661157350305,0.5777661157350302
37.0,98.07181000630752,84.3006917197918,-61.07181000630751,61.07181000630751,-47.30069171979179,47.30069171979179,-13.771118286515716,13.771118286515716,0.0,1,C,47.30069171979179,0.0,7.794549180502477e-18,0.46654207662116143,-0.3569753719192705,5.4961194620316486e-17,0.3569753719192705,0.35697537191927053,0.46654207662116143,0.7869753719192705,0.5719753719192705
37.5,98.07181000630752,84.24035967056749,-60.5718100063075,60.5718100063075,-46.740359670567486,46.740359670567486,-13.831450335740026,13.831450335740026,0.0,1,C,46.740359670567486,0.0,7.794549180502477e-18,0.46267824142553227,-0.35121264877934527,5.4961194620316486e-17,0.35121264877934527,0.3512126487793453,0.46267824142553227,0.7812126487793454,0.5662126487793453
38.0,98.07181000630752,84.1806389130227,-60.07181000630751,60.07181000630751,-46.180638913022705,46.180638913022705,-13.891171093284802,13.891171093284802,0.0,1,C,46.1806389130227,0.0,-1.8087203257875356e-16,0.4587736187008788,-0.34547840926014234,3.0598416982359234e-16,0.34547840926014234,0.34547840926014267,0.45877361870087896,0.7754784092601427,0.5604784092601424
38.5,98.07181000630752,84.12153393143403,-59.571810006307516,59.571810006307516,-45.62153393143402,45.62153393143402,-13.950276074873484,13.950276074873484,0.0,1,C,45.62153393143403,0.0,7.794549180502477e-18,0.4548284999407596,-0.3397731138522523,5.4961194620316486e-17,0.3397731138522523,0.33977311385225234,0.4548284999407596,0.7697731138522523,0.5547731138522523
39.0,98.07181000630752,84.0630490956925,-59.07181000630752,59.07181000630752,-45.063049095692506,45.063049095692506,-14.008760910615006,14.008760910615006,0.0,1,C,45.063049095692506,0.0,-2.829998726388841e-16,0.4508431788548738,-0.33409722054695135,3.765344628049138e-16,0.33409722054695135,0.33409722054695173,0.45084317885487407,0.7640972205469517,0.5490972205469513
39.5,98.07181000630752,84.00518866149278,-58.571810006307516,58.571810006307516,-44.50518866149278,44.50518866149278,-14.066621344814735,14.066621344814735,0.0,1,C,44.50518866149279,0.0,7.794549180502477e-18,0.44681795135676816,-0.3284511847916832,5.4961194620316486e-17,0.3284511847916832,0.3284511847916833,0.44681795135676816,0.7584511847916833,0.5434511847916832
40.0,98.07181000630752,83.94795677056051,-58.07181000630751,58.07181000630751,-43.94795677056051,43.94795677056051,-14.123853235747006,14.123853235747006,0.0,1,C,43.94795677056051,0.0,7.794549180502477e-18,0.442753115551725,-0.3228354594460386,5.4961194620316486e-17,0.3228354594460386,0.32283545944603864,0.442753115551725,0.7528354594460387,0.5378354594460386
40.5,98.07181000630752,83.89135745091767,-57.57181000630751,57.57181000630751,-43.39135745091767,43.39135745091767,-14.180452555389849,14.180452555389849,0.0,1,C,43.391357450917674,0.0,-2.829998726388841e-16,0.4386489717248345,-0.3172504947382458,3.765344628049138e-16,0.3172504947382458,0.3172504947382462,0.4386489717248348,0.7472504947382461,0.5322504947382458
41.0,98.07181000630752,83.8353946171845,-57.07181000630751,57.07181000630751,-42.835394617184505,42.835394617184505,-14.236415389123003,14.236415389123003,0.0,1,C,42.835394617184505,0.0,-1.0212784006013049e-16,0.4345058223292328,-0.3116967382221716,7.055029298132144e-17,0.3116967382221716,0.31169673822217164,0.4345058223292329,0.7416967382221716,0.5266967382221716
41.5,98.07181000630752,83.78007207091773,-56.57181000630751,56.57181000630751,-42.280072070917726,42.280072070917726,-14.291737935389781,14.291737935389781,0.0,1,C,42.280072070917726,0.0,1.5589098361004953e-17,0.43032397197449346,-0.3061746347348419,1.0992238924063297e-16,0.3061746347348419,0.306174634734842,0.43032397197449346,0.736174634734842,0.5211746347348419
42.0,98.07181000630752,83.72539350098396,-56.07181000630751,56.07181000630751,-41.72539350098395,41.72539350098395,-14.346416505323562,14.346416505323562,0.0,1,C,41.72539350098395,0.0,-2.829998726388841e-16,0.4261037274151638,-0.30068462635448717,3.765344628049138e-16,0.30068462635448717,0.30068462635448756,0.42610372741516406,0.7306846263544875,0.5156846263544872
42.5,98.07181000630752,83.67136248396743,-55.571810006307516,55.571810006307516,-41.17136248396742,41.17136248396742,-14.400447522340084,14.400447522340084,-1.1102230246251565e-16,1,C,41.17136248396742,0.0,1.5589098361004953e-17,0.4218453975394321,-0.295227152359112,1.0992238924063297e-16,0.295227152359112,0.2952271523591121,0.4218453975394321,0.7252271523591121,0.510227152359112
43.0,98.07181000630752,83.6179824846114,-55.07181000630751,55.07181000630751,-40.617982484611396,40.617982484611396,-14.453827521696114,14.453827521696114,0.0,1,C,40.6179824846114,0.0,-2.9079442181938657e-16,0.41754929335790847,-0.2898026491855985,3.215732681845973e-16,0.2898026491855985,0.28980264918559884,0.41754929335790875,0.7198026491855989,0.5048026491855985
43.5,98.07181000630752,83.56525685629238,-54.57181000630752,54.57181000630752,-40.06525685629238,40.06525685629238,-14.506553150015133,14.506553150015133,-1.1102230246251565e-16,1,C,40.06525685629238,0.0,1.5589098361004953e-17,0.4132157279925202,-0.28441155038934546,1.0992238924063297e-16,0.28441155038934546,0.28441155038934557,0.4132157279925202,0.7144115503893456,0.4994115503893455
44.0,98.07181000630752,83.51318884152597,-54.07181000630752,54.07181000630752,-39.513188841525974,39.513188841525974,-14.558621164781538,14.558621164781538,-1.1102230246251565e-16,1,C,39.513188841525974,0.0,-9.433329087962803e-17,0.40884501666549367,-0.2790542866044445,1.2551148760163792e-16,0.2790542866044445,0.2790542866044446,0.4088450166654938,0.7090542866044446,0.4940542866044445
44.5,98.07181000630752,83.46178157250411,-53.571810006307516,53.571810006307516,-38.96178157250411,38.96178157250411,-14.6100284338034,14.6100284338034,0.0,1,C,38.96178157250411,0.0,-2.829998726388841e-16,0.4044374766884212,-0.27373128550439924,3.765344628049138e-16,0.27373128550439924,0.2737312855043996,0.4044374766884215,0.7037312855043996,0.48873128550439926
45.0,98.07181000630752,83.411038071662,-53.07181000630751,53.07181000630751,-38.411038071662006,38.411038071662006,-14.660771934645505,14.660771934645505,0.0,1,C,38.411038071662006,0.0,-9.433329087962803e-17,0.39999342745140004,-0.26844297176338666,1.2551148760163792e-16,0.26844297176338666,0.2684429717633868,0.39999342745140015,0.6984429717633868,0.4834429717633867
45.5,98.07181000630752,83.36096125227472,-52.57181000630751,52.57181000630751,-37.86096125227471,37.86096125227471,-14.710848754032796,14.710848754032796,0.0,1,C,37.86096125227471,0.0,-2.829998726388841e-16,0.39551319041222377,-0.2631897670180668,3.765344628049138e-16,0.2631897670180668,0.2631897670180672,0.39551319041222405,0.6931897670180671,0.4781897670180668
46.0,98.07181000630752,83.31155391908213,-52.07181000630751,52.07181000630751,-37.31155391908213,37.31155391908213,-14.76025608722538,14.76025608722538,0.0,1,C,37.31155391908213,0.0,-1.0992238924063297e-16,0.390997089085628,-0.25797208982993997,1.5589098361004953e-17,0.25797208982993997,0.25797208982993997,0.39099708908562814,0.68797208982994,0.47297208982994
46.5,98.07181000630752,83.26281876894123,-51.57181000630751,51.57181000630751,-36.76281876894122,36.76281876894122,-14.808991237366284,14.808991237366284,0.0,1,C,36.76281876894122,0.0,-1.0992238924063297e-16,0.3864454490325614,-0.25279035564825303,1.5589098361004953e-17,0.25279035564825303,0.25279035564825303,0.3864454490325615,0.6827903556482531,0.467790355648253
47.0,98.07181000630752,83.21475839150538,-51.07181000630751,51.07181000630751,-36.21475839150538,36.21475839150538,-14.857051614802133,14.857051614802133,0.0,1,C,36.21475839150538,0.0,-1.730774833982511e-16,0.38185859784948656,-0.24764497677345834,3.609453644439088e-16,0.24764497677345834,0.2476449767734587,0.3818585978494867,0.6776449767734587,0.46264497677345834
47.5,98.07181000630752,83.16737526992901,-50.57181000630751,50.57181000630751,-35.66737526992901,35.66737526992901,-14.904434736378498,14.904434736378498,0.0,1,C,35.667375269929,0.0,-9.433329087962803e-17,0.3772368651576882,-0.24253636232122297,1.2551148760163792e-16,0.24253636232122297,0.2425363623212231,0.3772368651576883,0.672536362321223,0.45753636232122297
48.0,98.07181000630752,83.12067178159761,-50.07181000630751,50.07181000630751,-35.12067178159759,35.12067178159759,-14.951138224709911,14.951138224709911,0.0,1,C,35.1206717815976,0.0,-3.9372096259311533e-17,0.3725805825925824,-0.2374649181869919,1.1771693842113545e-16,0.2374649181869919,0.237464918186992,0.3725805825925825,0.667464918186992,0.45246491818699186
48.5,98.07181000630752,83.07465019888163,-49.571810006307516,49.571810006307516,-34.57465019888163,34.57465019888163,-14.997159807425888,14.997159807425888,0.0,1,C,34.57465019888162,0.0,-9.433329087962803e-17,0.3678900837930154,-0.23243104701110492,1.2551148760163792e-16,0.23243104701110492,0.23243104701110506,0.3678900837930155,0.662431047011105,0.4474310470111049
49.0,98.07181000630752,83.02931268991324,-49.071810006307516,49.071810006307516,-34.02931268991324,34.02931268991324,-15.042497316394272,15.042497316394272,0.0,1,C,34.02931268991324,0.0,-3.9372096259311533e-17,0.3631657043905347,-0.2274351481444628,1.1771693842113545e-16,0.2274351481444628,0.22743514814446292,0.36316570439053475,0.6574351481444629,0.44243514814446283
49.5,98.07181000630752,82.98466131938618,-48.57181000630751,48.57181000630751,-33.48466131938617,33.48466131938617,-15.087148686921338,15.087148686921338,0.0,1,C,33.48466131938618,0.0,-2.829998726388841e-16,0.3584077819986344,-0.2224776176147533,3.765344628049138e-16,0.2224776176147533,0.22247761761475368,0.35840778199863466,0.6524776176147536,0.4374776176147533
50.0,98.07181000630752,82.94069804937614,-48.07181000630751,48.07181000630751,-32.940698049376145,32.940698049376145,-15.131111956931367,15.131111956931367,0.0,1,C,32.94069804937615,0.0,-3.9372096259311533e-17,0.3536166562019497,-0.2175588480932227,1.1771693842113545e-16,0.2175588480932227,0.21755884809322282,0.35361665620194976,0.6475588480932228,0.4325588480932227
50.5,98.07181000630752,82.89742474018246,-47.57181000630751,47.57181000630751,-32.39742474018245,32.39742474018245,-15.174385266125059,15.174385266125059,0.0,1,C,32.397424740182444,0.0,-5.4961194620316486e-17,0.3487926685453992,-0.21267922886200283,7.794549180502477e-18,0.21267922886200283,0.21267922886200283,0.34879266854539925,0.6426792288620028,0.4276792288620028
51.0,98.07181000630752,82.85484315118914,-47.07181000630751,47.07181000630751,-31.854843151189144,31.854843151189144,-15.216966855118365,15.216966855118365,-1.1102230246251565e-16,1,C,31.854843151189147,0.0,-2.829998726388841e-16,0.34393616252326037,-0.2078391457819896,3.765344628049138e-16,0.2078391457819896,0.20783914578198998,0.34393616252326065,0.63783914578199,0.42283914578198956
51.5,98.07181000630752,82.81295494174505,-46.57181000630751,46.57181000630751,-31.31295494174504,31.31295494174504,-15.258855064562468,15.258855064562468,0.0,1,C,31.31295494174504,0.0,0.0,0.33904748356817227,-0.20303898126126882,0.0,0.20303898126126882,0.20303898126126882,0.33904748356817227,0.6330389812612688,0.4180389812612688
52.0,98.07181000630752,82.7717616720618,-46.07181000630751,46.07181000630751,-30.771761672061793,30.771761672061793,-15.300048334245714,15.300048334245714,0.0,1,C,30.771761672061793,0.0,-2.98588970999889e-16,0.3341269790400458,-0.19827911422409047,2.666120735642808e-16,0.19827911422409047,0.19827911422409075,0.33412697904004607,0.6282791142240908,0.41327911422409047
52.5,98.07181000630752,82.73126480412931,-45.57181000630751,45.57181000630751,-30.23126480412931,30.23126480412931,-15.340545202178197,15.340545202178197,0.0,1,C,30.231264804129317,0.0,0.0,0.3291749982148905,-0.19355992008039313,0.0,0.19355992008039313,0.19355992008039313,0.3291749982148905,0.6235599200803932,0.4085599200803931
53.0,98.07181000630752,82.69146570264743,-45.071810006307516,45.071810006307516,-29.69146570264744,29.69146570264744,-15.38034430366007,15.38034430366007,0.0,1,C,29.691465702647434,0.0,-5.4961194620316486e-17,0.3241918922735193,-0.18888177069586765,7.794549180502477e-18,0.18888177069586765,0.18888177069586765,0.32419189227351936,0.6188817706958676,0.4038817706958676
53.5,98.07181000630752,82.6523656359733,-44.571810006307516,44.571810006307516,-29.152365635973293,29.152365635973293,-15.419444370334217,15.419444370334217,0.0,1,C,29.15236563597329,0.0,-2.98588970999889e-16,0.31917801429015763,-0.1842450343625693,2.666120735642808e-16,0.1842450343625693,0.1842450343625696,0.3191780142901579,0.6142450343625696,0.3992450343625693
54.0,98.07181000630752,82.61396577708332,-44.07181000630751,44.07181000630751,-28.61396577708333,28.61396577708333,-15.457844229224186,15.457844229224186,0.0,1,C,28.61396577708333,0.0,-1.0992238924063297e-16,0.31413371922091377,-0.1796500757700655,1.5589098361004953e-17,0.1796500757700655,0.17965007577006553,0.3141337192209139,0.6096500757700656,0.3946500757700655
54.5,98.07181000630752,82.5762672045493,-43.57181000630751,43.57181000630751,-28.076267204549296,28.076267204549296,-15.495542801758216,15.495542801758216,0.0,1,C,28.076267204549296,0.0,-3.5355016562020547e-16,0.30905936389212374,-0.17509725597712467,2.7440662274478327e-16,0.17509725597712467,0.17509725597712494,0.3090593638921241,0.6050972559771249,0.39009725597712464
55.0,98.07181000630752,82.53927090352765,-43.07181000630751,43.07181000630751,-27.539270903527655,27.539270903527655,-15.532539102779856,15.532539102779856,0.0,1,C,27.539270903527655,0.0,-1.0992238924063297e-16,0.30395530698855633,-0.17058693238394085,1.5589098361004953e-17,0.17058693238394085,0.17058693238394088,0.30395530698855644,0.6005869323839409,0.3855869323839408
55.5,98.07181000630752,82.50297776676103,-42.57181000630751,42.57181000630751,-27.00297776676103,27.00297776676103,-15.568832239546477,15.568832239546477,0.0,1,C,27.002977766761035,0.0,-5.4961194620316486e-17,0.29882190904146183,-0.166119458704888,7.794549180502477e-18,0.166119458704888,0.166119458704888,0.2988219090414619,0.596119458704888,0.381119458704888
56.0,98.07181000630752,82.46738859559167,-42.07181000630751,42.07181000630751,-26.46738859559167,26.46738859559167,-15.604421410715837,15.604421410715837,0.0,1,C,26.467388595591668,0.0,-3.14178069360894e-16,0.2936595324164722,-0.16169518494180943,1.5668968432364784e-16,0.16169518494180943,0.1616951849418096,0.2936595324164725,0.5916951849418096,0.3766951849418094
56.5,98.07181000630752,82.43250410098537,-41.57181000630751,41.57181000630751,-25.932504100985373,25.932504100985373,-15.639305905322137,15.639305905322137,0.0,1,C,25.932504100985366,0.0,-9.433329087962803e-17,0.2884685413013277,-0.15731445735782867,1.2551148760163792e-16,0.15731445735782867,0.1573144573578288,0.2884685413013278,0.5873144573578288,0.37231445735782864
57.0,98.07181000630752,82.39832490456597,-41.07181000630751,41.07181000630751,-25.398324904565957,25.398324904565957,-15.673485101741548,15.673485101741548,0.0,1,C,25.39832490456596,0.0,1.5589098361004953e-17,0.28324930169343454,-0.15297761845168775,1.0992238924063297e-16,0.15297761845168775,0.15297761845168786,0.28324930169343454,0.5829776184516878,0.36797761845168775
57.5,98.07181000630752,82.36485153965891,-40.571810006307516,40.571810006307516,-24.86485153965891,24.86485153965891,-15.7069584666486,15.7069584666486,0.0,1,C,24.864851539658908,0.0,-5.4961194620316486e-17,0.27800218138723826,-0.14868500693260545,7.794549180502477e-18,0.14868500693260545,0.14868500693260545,0.2780021813872383,0.5786850069326055,0.3636850069326054
58.0,98.07181000630752,82.33208445234357,-40.07181000630751,40.07181000630751,-24.332084452343558,24.332084452343558,-15.739725553963947,15.739725553963947,0.0,1,C,24.332084452343558,0.0,-1.0992238924063297e-16,0.2727275499614145,-0.14443695769565007,1.5589098361004953e-17,0.14443695769565007,0.1444369576956501,0.27272754996141463,0.5744369576956501,0.3594369576956501
58.5,98.07181000630752,82.3000240025138,-39.571810006307516,39.571810006307516,-23.8000240025138,23.8000240025138,-15.771786003793714,15.771786003793714,-1.1102230246251565e-16,1,C,23.800024002513805,0.0,-3.3796106725920053e-16,0.26742577876586066,-0.14023380179763076,3.8432901198541623e-16,0.14023380179763076,0.14023380179763115,0.267425778765861,0.5702338017976312,0.35523380179763075
59.0,98.07181000630752,82.26867046494529,-39.0718100063075,39.0718100063075,-23.26867046494529,23.26867046494529,-15.803139541362217,15.803139541362217,0.0,1,C,23.26867046494529,0.0,-3.9372096259311533e-17,0.2620972409084886,-0.1360758664334942,1.1771693842113545e-16,0.1360758664334942,0.1360758664334943,0.2620972409084887,0.5660758664334943,0.3510758664334942
59.5,98.07181000630752,82.23802403036987,-38.57181000630751,38.57181000630751,-22.738024030369864,22.738024030369864,-15.833785975937644,15.833785975937644,0.0,1,C,22.73802403036987,0.0,-3.9372096259311533e-17,0.25674231124180424,-0.13196347491322857,1.1771693842113545e-16,0.13196347491322857,0.13196347491322868,0.2567423112418043,0.5619634749132287,0.34696347491322854
60.0,98.07181000630752,82.20808480655569,-38.07181000630752,38.07181000630752,-22.20808480655569,22.20808480655569,-15.863725199751826,15.863725199751826,-1.1102230246251565e-16,1,C,22.208084806555693,0.0,-9.433329087962803e-17,0.2513613663492835,-0.12789694663927334,1.2551148760163792e-16,0.12789694663927334,0.12789694663927348,0.25136136634928363,0.5578969466392735,0.34289694663927334
60.5,98.07181000630752,82.17885281939243,-37.57181000630751,37.57181000630751,-21.678852819392425,21.678852819392425,-15.892957186915083,15.892957186915083,0.0,1,C,21.678852819392418,0.0,-9.433329087962803e-17,0.24595478453151676,-0.12387659708442153,1.2551148760163792e-16,0.12387659708442153,0.12387659708442166,0.24595478453151684,0.5538765970844216,0.3388765970844215
61.0,98.07181000630752,82.15032801398146,-37.071810006307516,37.071810006307516,-21.150328013981472,21.150328013981472,-15.921481992326044,15.921481992326044,0.0,1,C,21.150328013981465,0.0,-3.5355016562020547e-16,0.24052294579213643,-0.11990273777022399,2.7440662274478327e-16,0.11990273777022399,0.11990273777022427,0.2405229457921368,0.5499027377702242,0.334902737770224
61.5,98.07181000630752,82.1225102557298,-36.57181000630751,36.57181000630751,-20.622510255729793,20.622510255729793,-15.949299750577714,15.949299750577714,0.0,1,C,20.622510255729797,0.0,-9.433329087962803e-17,0.23506623182351258,-0.11597567624587829,1.2551148760163792e-16,0.11597567624587829,0.11597567624587841,0.23506623182351266,0.5459756762458784,0.3309756762458783
62.0,98.07181000630752,82.0953993314474,-36.071810006307516,36.071810006307516,-20.095399331447393,20.095399331447393,-15.97641067486012,15.97641067486012,0.0,1,C,20.0953993314474,0.0,-3.9372096259311533e-17,0.22958502599220426,-0.1120957160676067,1.1771693842113545e-16,0.1120957160676067,0.11209571606760681,0.2295850259922043,0.5420957160676068,0.3270957160676067
62.5,98.07181000630752,82.06899495044742,-35.57181000630751,35.57181000630751,-19.568994950447415,19.568994950447415,-16.00281505586009,16.00281505586009,0.0,1,C,19.568994950447408,0.0,-3.5355016562020547e-16,0.22407971332418444,-0.10826315677851822,2.7440662274478327e-16,0.10826315677851822,0.1082631567785185,0.2240797133241848,0.5382631567785185,0.32326315677851825
63.0,98.07181000630752,82.04329674564838,-35.07181000630751,35.07181000630751,-19.043296745648377,19.043296745648377,-16.028513260659132,16.028513260659132,0.0,1,C,19.04329674564838,0.0,-1.0992238924063297e-16,0.2185506804898099,-0.1044782938889465,1.5589098361004953e-17,0.1044782938889465,0.10447829388894651,0.21855068048981002,0.5344782938889465,0.3194782938889465
63.5,98.07181000630752,82.0183042746783,-34.5718100063075,34.5718100063075,-18.518304274678293,18.518304274678293,-16.053505731629212,16.053505731629212,0.0,1,C,18.51830427467829,0.0,-5.4961194620316486e-17,0.21299831578854056,-0.10074141885726266,7.794549180502477e-18,0.10074141885726266,0.10074141885726268,0.21299831578854062,0.5307414188572627,0.31574141885726265
64.0,98.07181000630752,81.99401702097957,-34.07181000630751,34.07181000630751,-17.99401702097957,17.99401702097957,-16.07779298532794,16.07779298532794,0.0,1,C,17.994017020979573,0.0,-5.4961194620316486e-17,0.20742300913341383,-0.09705281907115985,7.794549180502477e-18,0.09705281907115985,0.09705281907115987,0.20742300913341388,0.5270528190711599,0.31205281907115984
64.5,98.07181000630752,81.97043439491443,-33.571810006307516,33.571810006307516,-17.47043439491444,17.47043439491444,-16.101375611393074,16.101375611393074,0.0,1,C,17.47043439491445,0.0,-3.9372096259311533e-17,0.20182515203525173,-0.09341277782940068,1.1771693842113545e-16,0.09341277782940068,0.09341277782940079,0.20182515203525175,0.5234127778294008,0.3084127778294007
65.0,98.07181000630752,81.94755573487072,-33.07181000630751,33.07181000630751,-16.947555734870715,16.947555734870715,-16.124254271436797,16.124254271436797,0.0,1,C,16.947555734870708,0.0,-2.98588970999889e-16,0.19620513758661773,-0.08982157432403032,2.666120735642808e-16,0.08982157432403032,0.08982157432403058,0.19620513758661803,0.5198215743240305,0.30482157432403034
65.5,98.07181000630752,81.92538030836636,-32.571810006307516,32.571810006307516,-16.425380308366364,16.425380308366364,-16.14642969794115,16.14642969794115,0.0,1,C,16.42538030836636,0.0,-5.4961194620316486e-17,0.19056336044549768,-0.08627948362304245,7.794549180502477e-18,0.08627948362304245,0.08627948362304247,0.19056336044549774,0.5162794836230424,0.30127948362304247
66.0,98.07181000630752,81.90390731315374,-32.07181000630751,32.07181000630751,-15.90390731315373,15.90390731315373,-16.167902693153778,16.167902693153778,0.0,1,C,15.903907313153729,0.0,-5.4961194620316486e-17,0.18490021681872135,-0.08278677665350051,7.794549180502477e-18,0.08278677665350051,0.08278677665350052,0.1849002168187214,0.5127867766535005,0.2977867766535005
66.5,98.07181000630752,81.88313587832188,-31.57181000630752,31.57181000630752,-15.383135878321882,15.383135878321882,-16.18867412798563,16.18867412798563,-1.1102230246251565e-16,1,C,15.383135878321887,0.0,-3.9372096259311533e-17,0.17921610444511488,-0.0793437201851101,1.1771693842113545e-16,0.0793437201851101,0.07934372018511021,0.1792161044451149,0.5093437201851102,0.2943437201851101
67.0,98.07181000630752,81.86306506539681,-31.071810006307505,31.071810006307505,-14.863065065396812,14.863065065396812,-16.208744940910698,16.208744940910698,0.0,1,C,14.863065065396803,0.0,-3.9372096259311533e-17,0.17351142257837213,-0.07595057681423058,1.1771693842113545e-16,0.07595057681423058,0.07595057681423069,0.17351142257837215,0.5059505768142307,0.2909505768142306
67.5,98.07181000630752,81.84369386943963,-30.571810006307512,30.571810006307512,-14.34369386943963,14.34369386943963,-16.228116136867882,16.228116136867882,0.0,1,C,14.34369386943963,0.0,-3.14178069360894e-16,0.16778657196966126,-0.07260760494833204,1.5668968432364784e-16,0.07260760494833204,0.0726076049483322,0.16778657196966157,0.5026076049483322,0.28760760494833204
68.0,98.07181000630752,81.82502122014144,-30.071810006307505,30.071810006307505,-13.82502122014143,13.82502122014143,-16.24678878616607,16.24678878616607,0.0,1,C,13.825021220141437,0.0,-5.4961194620316486e-17,0.16204195484994768,-0.06931505879088525,7.794549180502477e-18,0.06931505879088525,0.06931505879088526,0.16204195484994774,0.4993150587908852,0.28431505879088526
68.5,98.07181000630752,81.8070459829151,-29.57181000630751,29.57181000630751,-13.307045982915103,13.307045982915103,-16.26476402339241,16.26476402339241,0.0,1,C,13.307045982915097,0.0,-5.4961194620316486e-17,0.15627797491203743,-0.06607318832668503,7.794549180502477e-18,0.06607318832668503,0.06607318832668505,0.1562779749120375,0.496073188326685,0.28107318832668504
69.0,98.07181000630752,81.78976695998324,-29.071810006307516,29.071810006307516,-12.789766959983242,12.789766959983242,-16.282043046324276,16.282043046324276,0.0,1,C,12.789766959983236,0.0,-3.9372096259311533e-17,0.1504950372923466,-0.06288223930760131,1.1771693842113545e-16,0.06288223930760131,0.06288223930760142,0.15049503729234662,0.49288223930760144,0.2778822393076013
69.5,98.07181000630752,81.77318289146189,-28.571810006307505,28.571810006307505,-12.273182891461882,12.273182891461882,-16.298627114845626,16.298627114845626,5.551115123125783e-17,1,C,12.273182891461879,0.0,-1.0992238924063297e-16,0.14469354855237992,-0.05974245323875202,1.5589098361004953e-17,0.05974245323875202,0.05974245323875203,0.14469354855238004,0.48974245323875204,0.274742453238752
70.0,98.07181000630752,81.75729245643998,-28.07181000630752,28.07181000630752,-11.757292456439988,11.757292456439988,-16.314517549867524,16.314517549867524,-5.551115123125783e-17,1,C,11.757292456439984,0.0,-4.2410045860152696e-16,0.1388739166599335,-0.056654067365098204,1.722787826846528e-16,0.056654067365098204,0.05665406736509838,0.13887391665993393,0.48665406736509836,0.27165406736509823
70.5,98.07181000630752,81.74209427405361,-27.57181000630751,27.57181000630751,-11.242094274053612,11.242094274053612,-16.329715732253895,16.329715732253895,0.0,1,C,11.242094274053617,0.0,-8.244179193047473e-17,0.13303655097000897,-0.053617314658451834,1.1691823770753715e-17,0.053617314658451834,0.05361731465845185,0.13303655097000905,0.4836173146584518,0.26861731465845184
71.0,98.07181000630752,81.72758690455504,-27.071810006307512,27.071810006307512,-10.727586904555034,10.727586904555034,-16.34422310175248,16.34422310175248,0.0,1,C,10.72758690455503,0.0,-8.244179193047473e-17,0.12718186220544053,-0.05063242380489525,1.1691823770753715e-17,0.05063242380489525,0.050632423804895264,0.12718186220544062,0.48063242380489524,0.26563242380489527
71.5,98.07181000630752,81.71376885037627,-26.571810006307505,26.571810006307505,-10.21376885037627,10.21376885037627,-16.358041155931236,16.358041155931236,0.0,1,C,10.213768850376264,0.0,-3.810307629303637e-16,0.12131026243724623,-0.04769961919261125,2.7830389733503454e-16,0.04769961919261125,0.04769961919261153,0.1213102624372466,0.4776996191926115,0.26269961919261126
72.0,98.07181000630752,81.7006385571865,-26.071810006307512,26.071810006307512,-9.700638557186501,9.700638557186501,-16.37117144912101,16.37117144912101,0.0,1,C,9.700638557186506,0.0,-8.244179193047473e-17,0.11542216506467964,-0.044819120900110365,1.1691823770753715e-17,0.044819120900110365,0.04481912090011038,0.11542216506467973,0.47481912090011036,0.2598191209001104
72.5,98.07181000630752,81.68819441494333,-25.5718100063075,25.5718100063075,-9.188194414943316,9.188194414943316,-16.38361559136419,16.38361559136419,5.551115123125783e-17,1,C,9.188194414943322,0.0,-6.685269356946977e-17,0.10951798479500396,-0.04199114468486177,1.216142130113867e-16,0.04199114468486177,0.0419911446848619,0.10951798479500403,0.4719911446848619,0.2569911446848618
73.0,98.07181000630752,81.67643475893745,-25.07181000630751,25.07181000630751,-8.676434758937448,8.676434758937448,-16.395375247370062,16.395375247370062,5.551115123125783e-17,1,C,8.676434758937447,0.0,-8.244179193047473e-17,0.10359813762297912,-0.03921590197231994,1.1691823770753715e-17,0.03921590197231994,0.03921590197231995,0.1035981376229792,0.46921590197231994,0.2542159019723199
73.5,98.07181000630752,81.66535787083019,-24.571810006307516,24.571810006307516,-8.165357870830197,8.165357870830197,-16.406452135477316,16.406452135477316,0.0,1,C,8.165357870830196,0.0,-8.244179193047473e-17,0.09766304081005774,-0.03649359984533813,1.1691823770753715e-17,0.03649359984533813,0.03649359984533814,0.09766304081005782,0.4664935998453381,0.25149359984533814
74.0,98.07181000630752,81.65496197968444,-24.07181000630751,24.07181000630751,-7.654961979684446,7.654961979684446,-16.416848026623065,16.416848026623065,0.0,1,C,7.65496197968445,0.0,-3.966198612913687e-16,0.09171311286330286,-0.03382444103397635,1.6838150809440155e-16,0.03382444103397635,0.03382444103397652,0.09171311286330326,0.4638244410339765,0.24882444103397636
74.5,98.07181000630752,81.64524526298743,-23.571810006307516,23.571810006307516,-7.145245262987436,7.145245262987436,-16.42656474332008,16.42656474332008,0.0,1,C,7.145245262987443,0.0,-8.244179193047473e-17,0.08574877351401446,-0.031208623905687922,1.1691823770753715e-17,0.031208623905687922,0.031208623905687932,0.08574877351401454,0.46120862390568795,0.24620862390568793
75.0,98.07181000630752,81.63620584766633,-23.07181000630751,23.07181000630751,-6.636205847666333,6.636205847666333,-16.435604158641173,16.435604158641173,0.0,1,C,6.636205847666329,0.0,-8.244179193047473e-17,0.07977044369607071,-0.028646342455887857,1.1691823770753715e-17,0.028646342455887857,0.028646342455887867,0.0797704436960708,0.45864634245588787,0.24364634245588784
75.5,98.07181000630752,81.62784181109576,-22.57181000630751,22.57181000630751,-6.1278418110957675,6.1278418110957675,-16.443968195211745,16.443968195211745,5.551115123125783e-17,1,C,6.127841811095763,0.0,-8.244179193047473e-17,0.0737785455239936,-0.026137786298899887,1.1691823770753715e-17,0.026137786298899887,0.026137786298899898,0.07377854552399368,0.4561377862988999,0.24113778629889987
76.0,98.07181000630752,81.62015118209689,-22.071810006307505,22.071810006307505,-5.620151182096889,5.620151182096889,-16.451658824210618,16.451658824210618,0.0,1,C,5.620151182096883,0.0,-8.244179193047473e-17,0.06777350227072201,-0.023683140659273964,1.1691823770753715e-17,0.023683140659273964,0.023683140659273974,0.0677735022707221,0.45368314065927395,0.23868314065927396
76.5,98.07181000630752,81.61313194192863,-21.571810006307512,21.571810006307512,-5.113131941928624,5.113131941928624,-16.458678064378887,16.458678064378887,0.0,1,C,5.113131941928618,0.0,-3.6913926398121045e-16,0.06175573834511024,-0.021282586363475325,1.644842335041503e-16,0.021282586363475325,0.02128258636347549,0.06175573834511061,0.45128258636347546,0.23628258636347532
77.0,98.07181000630752,81.60678202526961,-21.071810006307505,21.071810006307505,-4.606782025269601,4.606782025269601,-16.465027981037906,16.465027981037906,0.0,1,C,4.606782025269596,0.0,-1.0992238924063297e-16,0.05572567926914506,-0.01893629983193905,1.5589098361004953e-17,0.01893629983193905,0.018936299831939063,0.05572567926914517,0.44893629983193906,0.23393629983193903
77.5,98.07181000630752,81.60109932119175,-20.571810006307512,20.571810006307512,-4.101099321191756,4.101099321191756,-16.47071068511575,16.47071068511575,-5.551115123125783e-17,1,C,4.10109932119175,0.0,-1.0992238924063297e-16,0.04968375165488032,-0.016644453071486372,1.5589098361004953e-17,0.016644453071486372,0.016644453071486386,0.04968375165488043,0.44664445307148637,0.23164445307148637
78.0,98.07181000630752,81.59608167412482,-20.071810006307516,20.071810006307516,-3.5960816741248163,3.5960816741248163,-16.4757283321827,16.4757283321827,0.0,1,C,3.596081674124821,0.0,-1.0992238924063297e-16,0.043630383181102995,-0.014407213668103743,1.5589098361004953e-17,0.014407213668103743,0.014407213668103758,0.043630383181103106,0.44440721366810376,0.22940721366810374
78.5,98.07181000630752,81.59172688481138,-19.57181000630751,19.57181000630751,-3.091726884811373,3.091726884811373,-16.480083121496133,16.480083121496133,-5.551115123125783e-17,1,C,3.0917268848113673,0.0,-8.244179193047473e-17,0.03756600256971468,-0.012224744780074301,1.1691823770753715e-17,0.012224744780074301,0.012224744780074313,0.03756600256971476,0.4422247447800743,0.2272247447800743
79.0,98.07181000630752,81.58803271125288,-19.071810006307516,19.071810006307516,-2.588032711252885,2.588032711252885,-16.48377729505463,16.48377729505463,0.0,1,C,2.5880327112528794,0.0,-3.6913926398121045e-16,0.031491039561848094,-0.010097205131464681,1.644842335041503e-16,0.010097205131464681,0.010097205131464846,0.03149103956184846,0.44009720513146483,0.22509720513146467
79.5,98.07181000630752,81.58499686964603,-18.57181000630751,18.57181000630751,-2.0849968696460333,2.0849968696460333,-16.486813136661475,16.486813136661475,0.0,1,C,2.0849968696460293,0.0,-8.244179193047473e-17,0.025405924893708073,-0.008024749005962534,1.1691823770753715e-17,0.008024749005962534,0.008024749005962546,0.025405924893708156,0.43802474900596255,0.22302474900596253
80.0,98.07181000630752,81.5826170353093,-18.071810006307512,18.071810006307512,-1.5826170353093048,1.5826170353093048,-16.48919297099821,16.48919297099821,5.551115123125783e-17,1,C,1.5826170353092992,0.0,-8.244179193047473e-17,0.019311090272144466,-0.006007526241057499,1.1691823770753715e-17,0.006007526241057499,0.00600752624105751,0.01931109027214455,0.4360075262410575,0.2210075262410575
80.5,98.07181000630752,81.58089084360003,-17.571810006307505,17.571810006307505,-1.0808908436000229,1.0808908436000229,-16.490919162707485,16.490919162707485,0.0,1,C,1.0808908436000284,0.0,-4.1036015994644783e-16,0.013206968349961594,-0.004045682222571222,1.7033014538952716e-16,0.004045682222571222,0.004045682222571392,0.013206968349962005,0.4340456822225714,0.21904568222257123
81.0,98.07181000630752,81.5798158908212,-17.071810006307512,17.071810006307512,-0.5798158908211882,0.5798158908211882,-16.491994115486325,16.491994115486325,0.0,1,C,0.5798158908211825,0.0,-1.0992238924063297e-16,0.0070939927009601965,-0.002139357879524418,1.5589098361004953e-17,0.002139357879524418,0.0021393578795244335,0.007093992700960307,0.4321393578795244,0.2171393578795244
81.5,98.07181000630752,81.57938973511831,-16.571810006307505,16.571810006307505,-0.07938973511830483,0.07938973511830483,-16.4924202711892,16.4924202711892,0.0,1,C,0.07938973511829943,0.0,-1.0992238924063297e-16,0.0009725977947191426,-0.0002886896793427757,1.5589098361004953e-17,0.0002886896793427757,0.0002886896793427913,0.0009725977947192525,0.4302886896793428,0.21528868967934278
82.0,98.07181000630752,81.57915279164403,-16.071810006307512,16.071810006307512,0.4208472083559641,0.4208472083559641,-16.492657214663474,16.492657214663474,0.0,-1,C,0.4208472083559596,0.0,-5.4961194620316486e-17,0.005162382147841852,-0.0015078486985529518,7.794549180502477e-18,0.0015078486985529518,0.0015078486985529596,0.005162382147841906,0.43150784869855296,0.21650784869855294
82.5,98.07181000630752,81.57828411243302,-15.571810006307516,15.571810006307516,0.92171588756697,0.92171588756697,-16.493525893874487,16.493525893874487,0.0,-1,C,0.9217158875669655,0.0,-5.4961194620316486e-17,0.011320539557359201,-0.0032530988938399424,7.794549180502477e-18,0.0032530988938399424,0.0032530988938399502,0.011320539557359257,0.43325309889383995,0.21825309889383993
83.0,98.07181000630752,81.57676495390089,-15.071810006307508,15.071810006307508,1.4232350460991057,1.4232350460991057,-16.495045052406613,16.495045052406613,0.0,-1,C,1.4232350460991001,0.0,8.244179193047473e-17,0.01750163584300587,-0.00494699660086228,-1.1691823770753715e-17,0.00494699660086228,0.004946996600862268,0.017501635843005788,0.4349469966008623,0.21994699660086228
83.5,98.07181000630752,81.57459288463683,-14.571810006307512,14.571810006307512,1.9254071153631722,1.9254071153631722,-16.49721712167069,16.49721712167069,1.1102230246251565e-16,-1,C,1.9254071153631662,0.0,9.618209058555385e-17,0.0237052313126231,-0.006589422699841398,-1.3640461065879333e-17,0.006589422699841398,0.006589422699841384,0.023705231312623004,0.43658942269984136,0.2215894226998414
84.0,98.07181000630752,81.57176550517569,-14.071810006307508,14.071810006307508,2.428234494824314,2.428234494824314,-16.50004450113182,16.50004450113182,-2.7755575615628914e-17,-1,C,2.4282344948243204,0.0,-5.3112394914390653e-17,0.02993088469628144,-0.00818026233260877,1.1966557571626106e-16,0.00818026233260877,0.008180262332608889,0.029930884696281492,0.43818026233260887,0.22318026233260876
84.5,98.07181000630752,81.56828044877783,-13.571810006307514,13.571810006307514,2.931719551222173,2.931719551222173,-16.503529557529685,16.503529557529685,0.0,-1,C,2.931719551222179,0.0,-6.870149327539561e-17,0.03617815317152339,-0.009719404912520086,9.743186475628096e-18,0.009719404912520086,0.009719404912520097,0.03617815317152346,0.4397194049125201,0.22471940491252007
85.0,98.07181000630752,81.56413538221905,-13.071810006307507,13.071810006307507,3.435864617780951,3.435864617780951,-16.507674624088455,16.507674624088455,0.0,-1,C,3.4358646177809464,0.0,9.618209058555385e-17,0.04244659238856584,-0.01120674413395715,-1.3640461065879333e-17,0.01120674413395715,0.011206744133957136,0.04244659238856574,0.4412067441339571,0.22620674413395714
85.5,98.07181000630752,81.55932800659154,-12.571810006307512,12.571810006307512,3.9406719934084604,3.9406719934084604,-16.512481999715973,16.512481999715973,0.0,-1,C,3.940671993408467,0.0,8.93119412580143e-17,0.04873575649544683,-0.012642177981408763,-1.2666142418316525e-17,0.012642177981408763,0.01264217798140875,0.04873575649544674,0.44264217798140876,0.22764217798140876
86.0,98.07181000630752,81.55385605811479,-12.071810006307505,12.071810006307505,4.446143941885221,4.446143941885221,-16.517953948192726,16.517953948192726,0.0,-1,C,4.446143941885227,0.0,-6.870149327539561e-17,0.05504519816312704,-0.014025608738129625,9.743186475628096e-18,0.014025608738129625,0.014025608738129636,0.05504519816312711,0.44402560873812963,0.22902560873812963
86.5,98.07181000630752,81.54771730895737,-11.571810006307508,11.571810006307508,4.952282691042627,4.952282691042627,-16.524092697350138,16.524092697350138,2.7755575615628914e-17,-1,C,4.952282691042633,0.0,-5.3112394914390653e-17,0.06137446861053557,-0.01535694299437287,1.1966557571626106e-16,0.01535694299437287,0.01535694299437299,0.061374468610535624,0.445356942994373,0.23035694299437287
87.0,98.07181000630752,81.54090956806895,-11.071810006307516,11.071810006307516,5.459090431931036,5.459090431931036,-16.530900438238554,16.530900438238554,0.0,-1,C,5.459090431931031,0.0,-6.870149327539561e-17,0.06772311762956322,-0.016636091655192174,9.743186475628096e-18,0.016636091655192174,0.016636091655192184,0.06772311762956329,0.4466360916551922,0.23163609165519217
87.5,98.07181000630752,81.53343068202285,-10.571810006307508,10.571810006307508,5.966569317977143,5.966569317977143,-16.53837932428465,16.53837932428465,0.0,-1,C,5.966569317977138,0.0,8.93119412580143e-17,0.07409069360999782,-0.017862969947809424,-1.2666142418316525e-17,0.017862969947809424,0.01786296994780941,0.07409069360999773,0.4478629699478094,0.23286296994780942
88.0,98.07181000630752,81.52527853586842,-10.071810006307514,10.071810006307514,6.474721464131571,6.474721464131571,-16.546531470439085,16.546531470439085,0.0,-1,C,6.474721464131578,0.0,8.93119412580143e-17,0.08047674356440683,-0.019037497428546903,-1.2666142418316525e-17,0.019037497428546903,0.01903749742854689,0.08047674356440675,0.4490374974285469,0.2340374974285469
88.5,98.07181000630752,81.51645105399437,-9.571810006307507,9.571810006307507,6.98354894600563,6.98354894600563,-16.55535895231314,16.55535895231314,0.0,-1,C,6.983548946005636,0.0,-7.213656793916539e-17,0.08688081315295547,-0.02015959798931516,1.02303457994095e-17,0.02015959798931516,0.02015959798931517,0.08688081315295554,0.45015959798931515,0.23515959798931516
89.0,98.07181000630752,81.50694620100168,-9.071810006307514,9.071810006307514,7.493053798998314,7.493053798998314,-16.564863805305826,16.564863805305826,0.0,-1,C,7.49305379899831,0.0,-7.04190306072805e-17,0.0933024467081705,-0.02122919986365871,9.986766137518798e-18,0.02122919986365871,0.02122919986365872,0.09330244670817057,0.4512291998636587,0.2362291998636587
89.5,98.07181000630752,81.49676198258709,-8.571810006307507,8.571810006307507,8.003238017412917,8.003238017412917,-16.575048023720424,16.575048023720424,0.0,-1,C,8.00323801741292,0.0,8.93119412580143e-17,0.09974118725963964,-0.022246235632350675,-1.2666142418316525e-17,0.022246235632350675,0.02224623563235066,0.09974118725963955,0.45224623563235067,0.23724623563235067
90.0,98.07181000630752,81.48589644643592,-8.071810006307512,8.071810006307512,8.514103553564087,8.514103553564087,-16.585913559871603,16.585913559871603,5.551115123125783e-17,-1,C,8.514103553564093,0.0,8.87796835926392e-17,0.10619657655865287,-0.023210642228537262,-1.259065809563894e-17,0.023210642228537262,0.023210642228537248,0.10619657655865279,0.45321064222853724,0.23821064222853727
90.5,98.07181000630752,81.47434768312577,-7.571810006307505,7.571810006307505,9.025652316874229,9.025652316874229,-16.597462323181734,16.597462323181734,0.0,-1,C,9.025652316874236,0.0,2.4990168178925153e-16,0.11266815510277553,-0.02412236094242357,-3.5440840805097196e-17,0.02412236094242357,0.024122360942423534,0.11266815510277528,0.45412236094242353,0.23912236094242356
91.0,98.07181000630752,81.46211382703918,-7.07181000630751,7.07181000630751,9.53788617296083,9.53788617296083,-16.609696179268344,16.609696179268344,2.7755575615628914e-17,-1,C,9.537886172960828,0.0,2.490429131233091e-16,0.11915546216036293,-0.024981337425501966,-3.5319050974151844e-17,0.024981337425501966,0.02498133742550193,0.11915546216036269,0.45498133742550195,0.23998133742550196
91.5,98.07181000630752,81.44919305728634,-6.571810006307516,6.571810006307516,10.050806942713665,10.050806942713665,-16.62261694902118,16.62261694902118,-1.3877787807814457e-17,-1,C,10.05080694271367,0.0,2.5076045045519397e-16,0.12565803579501125,-0.02578752169431526,-3.556263063604255e-17,0.02578752169431526,0.025787521694315224,0.125658035795011,0.45578752169431525,0.24078752169431525
92.0,98.07181000630752,81.4355835986374,-6.071810006307509,6.071810006307509,10.564416401362616,10.564416401362616,-16.636226407670126,16.636226407670126,0.0,-1,C,10.56441640136261,0.0,8.587686659424451e-17,0.13217541288994009,-0.026540868133754617,-1.2178983094535119e-17,0.026540868133754617,0.026540868133754603,0.13217541288994,0.4565408681337546,0.2415408681337546
92.5,98.07181000630752,81.42128372246425,-5.571810006307515,5.571810006307515,11.078716277535746,11.078716277535746,-16.65052628384326,16.65052628384326,0.0,-1,C,11.078716277535753,0.0,8.93119412580143e-17,0.13870712917231426,-0.027241335499884046,-1.2666142418316525e-17,0.027241335499884046,0.027241335499884032,0.13870712917231418,0.45724133549988405,0.24224133549988405
93.0,98.07181000630752,81.40629174769154,-5.071810006307508,5.071810006307508,11.593708252308463,11.593708252308463,-16.665518258615972,16.665518258615972,0.0,-1,C,11.593708252308458,0.0,2.4732537579142417e-16,0.14525271923749733,-0.027888886922292994,-3.5075471312261146e-17,0.027888886922292994,0.02788888692229296,0.14525271923749708,0.45788888692229296,0.242888886922293
93.5,98.07181000630752,81.39060604175688,-4.571810006307513,4.571810006307513,12.109393958243114,12.109393958243114,-16.68120396455063,16.68120396455063,5.551115123125783e-17,-1,C,12.109393958243109,0.0,2.629144741524291e-16,0.15181171657324236,-0.02848348990596939,7.484691792837182e-17,0.02848348990596939,0.028483489905969467,0.1518117165732421,0.45848348990596943,0.24348348990596938
94.0,98.07181000630752,81.37422502157996,-4.071810006307506,4.071810006307506,12.62577497842004,12.62577497842004,-16.697584984727545,16.697584984727545,0.0,-1,C,12.625774978420035,0.0,8.93119412580143e-17,0.15838365358382053,-0.02902511633269255,-1.2666142418316525e-17,0.02902511633269255,0.029025116332692537,0.15838365358382045,0.45902511633269255,0.24402511633269255
94.5,98.07181000630752,81.35714715454077,-3.5718100063075116,3.5718100063075116,13.142852845459233,13.142852845459233,-16.714662851766743,16.714662851766743,-4.85722573273506e-17,-1,C,13.142852845459227,0.0,8.93119412580143e-17,0.16496806161407987,-0.029513742461939947,-1.2666142418316525e-17,0.029513742461939947,0.029513742461939933,0.1649680616140798,0.45951374246193993,0.24451374246193994
95.0,98.07181000630752,81.33937095946624,-3.0718100063075044,3.0718100063075044,13.660629040533774,13.660629040533774,-16.73243904684128,16.73243904684128,0.0,-1,C,13.66062904053378,0.0,2.4732537579142417e-16,0.17156447097344374,-0.029949348931305676,-3.5075471312261146e-17,0.029949348931305676,0.02994934893130564,0.1715644709734435,0.4599493489313056,0.24494934893130568
95.5,98.07181000630752,81.32089500762542,-2.5718100063075107,2.5718100063075107,14.179104992374576,14.179104992374576,-16.750914998682084,16.750914998682084,-6.938893903907228e-18,-1,C,14.179104992374581,0.0,2.4732537579142417e-16,0.1781724109598435,-0.030331920756426545,-3.5075471312261146e-17,0.030331920756426545,0.03033192075642651,0.17817241095984326,0.4603319207564265,0.24533192075642654
96.0,98.07181000630752,81.30171792373305,-2.071810006307503,2.071810006307503,14.698282076266956,14.698282076266956,-16.770092082574457,16.770092082574457,0.0,-1,C,14.698282076266961,0.0,6.870149327539561e-17,0.18479140988359322,-0.030661447330414312,-9.743186475628096e-18,0.030661447330414312,0.0306614473304143,0.18479140988359316,0.4606614473304143,0.2456614473304143
96.5,98.07181000630752,81.28183838696096,-1.5718100063075087,1.5718100063075087,15.21816161303904,15.21816161303904,-16.78997161934655,16.78997161934655,3.469446951953614e-18,-1,C,15.218161613039047,0.0,9.618209058555385e-17,0.19142099509119806,-0.030937922422788276,-1.3640461065879333e-17,0.030937922422788276,0.030937922422788262,0.19142099509119798,0.46093792242278825,0.24593792242278828
97.0,98.07181000630752,81.26125513195768,-1.0718100063075147,1.0718100063075147,15.73874486804231,15.73874486804231,-16.810554874349826,16.810554874349826,0.0,-1,C,15.738744868042316,0.0,8.244179193047473e-17,0.19806069298910206,-0.031161344177904008,-1.1691823770753715e-17,0.031161344177904008,0.031161344177903998,0.19806069298910198,0.461161344177904,0.246161344177904
97.5,98.07181000630752,81.23996694987524,-0.5718100063075076,0.5718100063075076,16.26003305012476,16.26003305012476,-16.83184305643227,16.83184305643227,0.0,-1,C,16.26003305012476,0.0,2.629144741524291e-16,0.2047100290673818,-0.03133171511287981,7.484691792837182e-17,0.03133171511287981,0.03133171511287989,0.20471002906738156,0.4613317151128799,0.24633171511287982
98.0,98.07181000630752,81.21797268940364,-0.07181000630751316,0.07181000630751316,16.782027310596355,16.782027310596355,-16.853837316903867,16.853837316903867,0.0,-1,C,16.78202731059635,0.0,2.3358507713634505e-16,0.21136852792337588,-0.03144904211501284,-3.312683401713552e-17,0.03144904211501284,0.03144904211501281,0.21136852792337565,0.4614490421150128,0.24644904211501284
98.5,98.07181000630752,81.1952712578123,0.42818999369249394,0.42818999369249394,17.304728742187713,17.304728742187713,-16.876538748495218,16.876538748495218,8.673617379884035e-19,-1,C,17.30472874218772,0.0,8.244179193047473e-17,0.21803571328526478,-0.031513336438683405,1.975771304291327e-05,0.031513336438683405,0.03153309415172632,0.2180357132852647,0.46153309415172633,0.2465133364386834
99.0,98.07181000630752,81.17186162199847,0.9281899936924882,0.9281899936924882,17.828138378001523,17.828138378001523,-16.899948384309035,16.899948384309035,0.0,-1,C,17.828138378001526,0.0,9.618209058555385e-17,0.2247111080355894,-0.031524613701745884,9.599014347404671e-05,0.031524613701745884,0.03162060384521993,0.22471110803558933,0.4616206038452199,0.2465246137017459
99.5,98.07181000630752,81.14774280954207,1.4281899936924953,1.4281899936924953,18.352257190457948,18.352257190457948,-16.924067196765453,16.924067196765453,0.0,-1,C,18.352257190457944,0.0,2.4732537579142417e-16,0.23139423423472524,-0.03148289388140032,0.00022712275460263573,0.03148289388140032,0.03171001663600295,0.231394234234725,0.461710016636003,0.24648289388140032
100.0,98.07181000630752,81.12291390976687,1.92818999369249,1.92818999369249,18.877086090233142,18.877086090233142,-16.948896096540647,16.948896096540647,-4.85722573273506e-17,-1,C,18.877086090233146,0.0,2.629144741524291e-16,0.23808461314429777,-0.03138820130954363,0.00041453064360842136,0.03138820130954363,0.03180273195315205,0.23808461314429752,0.461802731953152,0.24638820130954364
100.5,98.07181000630752,81.09737407480758,2.428189993692497,2.428189993692497,19.40262592519243,19.40262592519243,-16.974435931499933,16.974435931499933,-5.551115123125783e-17,-1,C,19.40262592519243,0.0,9.803089029147969e-17,0.24478176525055967,-0.03124056466759891,0.0006567833779716197,0.03124056466759891,0.031897348045570525,0.24478176525055956,0.46189734804557053,0.24624056466759892
101.0,98.07181000630752,81.07112252068286,2.928189993692491,2.928189993692491,19.928877479317137,19.928877479317137,-17.00068748562465,17.00068748562465,5.551115123125783e-17,-1,C,19.928877479317148,0.0,1.0992238924063297e-16,0.25148521028771437,-0.031040016980816397,0.000955064446881482,0.031040016980816397,0.03199508142769788,0.25148521028771426,0.46199508142769785,0.2460400169808164
101.5,98.07181000630752,81.04415852837319,3.4281899936924853,3.4281899936924853,20.45584147162681,20.45584147162681,-17.027651477934327,17.027651477934327,0.0,-1,C,20.455841471626815,0.0,1.2551148760163792e-16,0.2581944672612033,-0.0307865956120452,0.001309447752539802,0.0307865956120452,0.032096043364585,0.2581944672612032,0.462096043364585,0.2457865956120452
102.0,98.07181000630752,81.01648144490403,3.9281899936924924,3.9281899936924924,20.983518555095973,20.983518555095973,-17.05532856140348,17.05532856140348,0.0,-1,C,20.983518555095976,0.0,2.4732537579142417e-16,0.26490905447095187,-0.03048034225497657,0.00171905841605738,0.03048034225497657,0.032199400671033954,0.26490905447095164,0.46219940067103393,0.24548034225497656
102.5,98.07181000630752,80.98809068443362,4.428189993692487,4.428189993692487,21.51190931556638,21.51190931556638,-17.083719321873893,17.083719321873893,0.0,-1,C,21.51190931556639,0.0,2.354338768422709e-16,0.27162848953457686,-0.03012130292684924,0.002184930158513803,0.03012130292684924,0.03230623308536304,0.27162848953457663,0.462306233085363,0.24512130292684925
103.0,98.07181000630752,80.9589857293448,4.928189993692494,4.928189993692494,22.041014270655207,22.041014270655207,-17.112824276962716,17.112824276962716,0.0,-1,C,22.041014270655207,0.0,8.244179193047473e-17,0.27835228941056667,-0.029709527960621186,0.0027067139590197602,0.029709527960621186,0.032416241919640945,0.2783522894105666,0.4624162419196409,0.24470952796062118
103.5,98.07181000630752,80.92916613134103,5.428189993692487,5.428189993692487,22.570833868658966,22.570833868658966,-17.14264387496648,17.14264387496648,4.163336342344337e-17,-1,C,22.570833868658966,0.0,9.803089029147969e-17,0.285079970421427,-0.029245071996601313,0.0032832868028914767,0.029245071996601313,0.03252835879949279,0.2850799704214269,0.4625283587994928,0.2442450719966013
104.0,98.07181000630752,80.89863151254538,5.928189993692495,5.928189993692495,23.101368487454625,23.101368487454625,-17.173178493762126,17.173178493762126,-5.551115123125783e-17,-1,C,23.101368487454632,0.0,2.4732537579142417e-16,0.2918110482768062,-0.028727993973541376,0.0039146939090257595,0.028727993973541376,0.032642687882567134,0.291811048276806,0.4626426878825671,0.24372799397354136
104.5,98.07181000630752,80.86738156660306,6.428189993692491,6.428189993692491,23.63261843339695,23.63261843339695,-17.20442843970446,17.20442843970446,1.3877787807814457e-17,-1,C,23.632618433396956,0.0,2.629144741524291e-16,0.29854503809659255,-0.028158357119183363,0.0046033107934862405,0.028158357119183363,0.0327616679126696,0.2985450380965923,0.4627616679126696,0.24315835711918335
105.0,98.07181000630752,80.83541605978628,6.928189993692496,6.928189993692496,24.164583940213717,24.164583940213717,-17.236393946521225,17.236393946521225,4.163336342344337e-17,-1,C,24.164583940213728,0.0,9.803089029147969e-17,0.3052814544340028,-0.027536228940264924,0.005345425052676817,0.027536228940264924,0.03288165399294174,0.3052814544340027,0.46288165399294173,0.24253622894026491
105.5,98.07181000630752,80.80273483210156,7.428189993692491,7.428189993692491,24.697265167898447,24.697265167898447,-17.269075174205952,17.269075174205952,-5.551115123125783e-17,-1,C,24.697265167898447,0.0,9.803089029147969e-17,0.31201981129865114,-0.026861681211975623,0.006144472374473585,0.026861681211975623,0.033006153586449205,0.31201981129865103,0.4630061535864492,0.24186168121197563
106.0,98.07181000630752,80.76933779839827,7.928189993692485,7.928189993692485,25.230662201601728,25.230662201601728,-17.302472207909243,17.302472207909243,0.0,-1,C,25.230662201601735,0.0,8.244179193047473e-17,0.31875962217961457,-0.02613478996686681,0.006998440589660328,0.02613478996686681,0.033133230556527137,0.3187596221796145,0.4631332305565271,0.2411347899668668
106.5,98.07181000630752,80.73522494947895,8.428189993692493,8.428189993692493,25.764775050521052,25.764775050521052,-17.336585056828557,17.336585056828557,0.0,-1,C,25.76477505052105,0.0,2.629144741524291e-16,0.3255004000684926,-0.02535563548321205,0.007906339354948121,0.02535563548321205,0.03326197483816017,0.32550040006849235,0.4632619748381602,0.24035563548321204
107.0,98.07181000630752,80.70039635321018,8.928189993692486,8.928189993692486,26.299603646789816,26.299603646789816,-17.371413653097328,17.371413653097328,0.0,-1,C,26.299603646789812,0.0,2.4732537579142417e-16,0.33224165748246803,-0.024524302272815365,0.008870342370314198,0.024524302272815365,0.033394644643129565,0.3322416574824678,0.46339464464312957,0.23952430227281535
107.5,98.07181000630752,80.66485215563361,9.428189993692493,9.428189993692493,26.8351478443664,26.8351478443664,-17.40695785067391,17.40695785067391,5.551115123125783e-17,-1,C,26.835147844366396,0.0,1.3740298655079121e-16,0.33898290648737944,-0.02364087906826967,0.009890334293214677,0.02364087906826967,0.03353121336148435,0.33898290648737933,0.46353121336148434,0.23864087906826967
108.0,98.07181000630752,80.62859258207702,9.928189993692488,9.928189993692488,27.371407417922985,27.371407417922985,-17.443217424230493,17.443217424230493,-5.551115123125783e-17,-1,C,27.37140741792298,0.0,9.803089029147969e-17,0.34572365872080013,-0.02270545880966062,0.010964832352157297,0.02270545880966062,0.03367029116181792,0.3457236587208,0.4636702911618179,0.23770545880966062
108.5,98.07181000630752,80.59161793826418,10.428189993692495,10.428189993692495,27.908382061735836,27.908382061735836,-17.48019206804334,17.48019206804334,0.0,-1,C,27.90838206173584,0.0,2.4732537579142417e-16,0.35246342541514203,-0.021718138630717695,0.01209400629941163,0.021718138630717695,0.03381214493012932,0.3524634254151418,0.46381214493012934,0.2367181386307177
109.0,98.07181000630752,80.553928611424,10.92818999369249,10.92818999369249,28.44607138857601,28.44607138857601,-17.51788139488352,17.51788139488352,0.0,-1,C,28.446071388576016,0.0,2.4732537579142417e-16,0.3592017174207734,-0.020679019844409903,0.013277939797040068,0.020679019844409903,0.03395695964144997,0.35920171742077317,0.46395695964144995,0.2356790198444099
109.5,98.07181000630752,80.51552507139706,11.428189993692497,11.428189993692497,28.98447492860295,28.98447492860295,-17.55628493491045,17.55628493491045,0.0,-1,C,28.984474928602953,0.0,7.055029298132144e-17,0.3659380452291817,-0.01958820792798898,0.014516629888818584,0.01958820792798898,0.034104837816807565,0.36593804522918166,0.46410483781680756,0.23458820792798898
110.0,98.07181000630752,80.47640787174025,11.928189993692492,11.928189993692492,29.523592128259747,29.523592128259747,-17.59540213456726,17.59540213456726,0.0,-1,C,29.523592128259747,0.0,7.055029298132144e-17,0.37267191899616026,-0.01844581250747663,0.015809986473273942,0.01844581250747663,0.03425579898075057,0.3726719189961602,0.46425579898075053,0.23344581250747662
110.5,98.07181000630752,80.43657765082837,12.428189993692484,12.428189993692484,30.06342234917163,30.06342234917163,-17.635232355479147,17.635232355479147,-2.7755575615628914e-17,-1,C,30.06342234917164,0.0,5.4961194620316486e-17,0.3794028485650407,-0.017251947341594125,0.01715783177797503,0.017251947341594125,0.034409779119569155,0.37940284856504064,0.46440977911956915,0.23225194734159413
111.0,98.07181000630752,80.39603513295141,12.928189993692492,12.928189993692492,30.603964867048585,30.603964867048585,-17.675774873356094,17.675774873356094,0.0,-1,C,30.603964867048585,0.0,2.1984477848126595e-16,0.38613034348998126,-0.016006730305142113,0.018559899835321685,0.018559899835321685,0.034566630140463794,0.38613034348998104,0.4645666301404638,0.2335598998353217
111.5,98.07181000630752,80.35478112940848,13.428189993692486,13.428189993692486,31.14521887059152,31.14521887059152,-17.717028876899036,17.717028876899036,0.0,-1,C,31.14521887059152,0.0,2.354338768422709e-16,0.392853913059304,-0.014710283371822766,0.020015835960198576,0.020015835960198576,0.03472611933202134,0.3928539130593038,0.46472611933202135,0.23501583596019857
112.0,98.07181000630752,80.31281653959614,13.928189993692493,13.928189993692493,31.68718346040386,31.68718346040386,-17.758993466711367,17.758993466711367,0.0,-1,C,31.687183460403865,0.0,1.0992238924063297e-16,0.39957306631889944,-0.013362732596508692,0.021525196229980965,0.021525196229980965,0.03488792882648965,0.39957306631889933,0.46488792882648966,0.23652519622998097
112.5,98.07181000630752,80.27014235209157,14.428189993692488,14.428189993692488,32.229857647908425,32.229857647908425,-17.801667654215937,17.801667654215937,-5.551115123125783e-17,-1,C,32.22985764790843,0.0,7.055029298132144e-17,0.40628731209570307,-0.011964208096959417,0.02309172872688975,0.02309172872688975,0.035055936823849165,0.406287312095703,0.46505593682384916,0.23809172872688975
113.0,98.07181000630752,80.22675964572902,14.928189993692492,14.928189993692492,32.77324035427099,32.77324035427099,-17.845050360578497,17.845050360578497,-5.551115123125783e-17,-1,C,32.77324035427099,0.0,1.8047268222195442e-16,0.41299615902125086,-0.010514844034987713,0.02471187728634839,0.02471187728634839,0.0352267213213361,0.4129961590212507,0.4652267213213361,0.23971187728634838
113.5,98.07181000630752,80.18266959067022,15.42818999369249,15.42818999369249,33.317330409329784,33.317330409329784,-17.88914041563729,17.88914041563729,-5.551115123125783e-17,-1,C,33.31733040932979,0.0,1.8047268222195442e-16,0.41969911555531403,-0.009014778597071022,0.02638461121573837,0.02638461121573837,0.03539938981280939,0.41969911555531386,0.46539938981280937,0.24138461121573837
114.0,98.07181000630752,80.13787344946628,15.928189993692497,15.928189993692497,33.86212655053372,33.86212655053372,-17.93393655684123,17.93393655684123,0.0,-1,C,33.86212655053372,0.0,5.4961194620316486e-17,0.42639569000963673,-0.0074641539744187,0.028109168076453403,0.028109168076453403,0.0355733220508721,0.4263956900096367,0.4655733220508721,0.24310916807645339
114.5,98.07181000630752,80.09237257811189,16.428189993692495,16.428189993692495,34.407627421888115,34.407627421888115,-17.979437428195624,17.979437428195624,5.551115123125783e-17,-1,C,34.40762742188812,0.0,5.4961194620316486e-17,0.4330853905717727,-0.0058631163424903935,0.029890935564231325,0.029890935564231325,0.03575405190672172,0.43308539057177264,0.4657540519067217,0.24489093556423133
115.0,98.07181000630752,80.0461684270901,16.928189993692484,16.928189993692484,34.953831572909905,34.953831572909905,-18.025641579217417,18.025641579217417,0.0,-1,C,34.953831572909905,0.0,5.4961194620316486e-17,0.4397677253290304,-0.004211815839969574,0.03172564996306906,0.03172564996306906,0.03593746580303863,0.43976772532903036,0.46593746580303863,0.24672564996306906
115.5,98.07181000630752,79.99926254240775,17.42818999369248,17.42818999369248,35.50073745759225,35.50073745759225,-18.072547463899767,18.072547463899767,0.0,-1,C,35.50073745759225,0.0,7.055029298132144e-17,0.44644220229253767,-0.0025104065471942836,0.03361054282390055,0.03361054282390055,0.036120949371094835,0.4464422022925376,0.46612094937109483,0.24861054282390055
116.0,98.07181000630752,79.95165656661999,17.9281899936925,17.9281899936925,36.048343433380026,36.048343433380026,-18.120153439687524,18.120153439687524,0.0,-1,C,36.048343433380026,0.0,5.4961194620316486e-17,0.45310832942143586,-0.000759046464048876,0.03555232171521488,0.03555232171521488,0.03631136817926375,0.4531083294214358,0.4663113681792638,0.25055232171521485
116.5,98.07181000630752,79.90335223984378,18.428189993692495,18.428189993692495,36.596647760156216,36.596647760156216,-18.168457766463725,18.168457766463725,0.0,-1,C,36.59664776015622,0.0,7.055029298132144e-17,0.4597656146472055,1.0212784006013049e-16,0.03754619165181615,0.03754619165181615,0.037546191651816045,0.45976561464720545,0.46754619165181605,0.25254619165181613
117.0,98.07181000630752,79.85435140075926,18.928189993692488,18.928189993692488,37.14564859924075,37.14564859924075,-18.21745860554826,18.21745860554826,0.0,-1,C,37.14564859924075,0.0,5.4961194620316486e-17,0.46641356589814204,-7.794549180502477e-18,0.039589670669972,0.039589670669972,0.03958967066997201,0.466413565898142,0.469589670669972,0.254589670669972
117.5,98.07181000630752,79.8046559875982,19.42818999369248,19.42818999369248,37.695344012401804,37.695344012401804,-18.26715401870932,18.26715401870932,-5.551115123125783e-17,-1,C,37.69534401240181,0.0,0.0,0.4730516911239807,0.0,0.041691824496788606,0.041691824496788606,0.041691824496788606,0.4730516911239807,0.4716918244967886,0.2566918244967886
118.0,98.07181000630752,79.75426803911903,19.928189993692502,19.928189993692502,38.24573196088099,38.24573196088099,-18.31754196718849,18.31754196718849,0.0,-1,C,38.245731960880995,0.0,5.4961194620316486e-17,0.47967949832068624,-7.794549180502477e-18,0.0438405718725479,0.0438405718725479,0.043840571872547904,0.4796794983206862,0.4738405718725479,0.2588405718725479
118.5,98.07181000630752,79.7031896955671,20.428189993692495,20.428189993692495,38.79681030443291,38.79681030443291,-18.36862031074041,18.36862031074041,0.0,-1,C,38.79681030443292,0.0,1.0992238924063297e-16,0.48629649555541443,-1.5589098361004953e-17,0.04604719445639059,0.04604719445639059,0.046047194456390605,0.4862964955554143,0.4760471944563906,0.2610471944563906
119.0,98.07181000630752,79.65142319961987,20.92818999369249,20.92818999369249,39.34857680038014,39.34857680038014,-18.420386806687645,18.420386806687645,0.0,-1,C,39.348576800380144,0.0,1.2551148760163792e-16,0.4929021909916566,9.433329087962803e-17,0.04830165745507908,0.04830165745507908,0.048301657455078986,0.4929021909916565,0.47830165745507897,0.26330165745507905
119.5,98.07181000630752,79.598970897316,21.428189993692484,21.428189993692484,39.901029102684,39.901029102684,-18.472839108991515,18.472839108991515,0.0,-1,C,39.901029102684,0.0,1.0992238924063297e-16,0.499496092914571,-1.5589098361004953e-17,0.050611619819640644,0.050611619819640644,0.05061161981964066,0.49949609291457087,0.4806116198196406,0.26561161981964065
120.0,98.07181000630752,79.54583523896731,21.92818999369248,21.92818999369248,40.45416476103267,40.45416476103267,-18.52597476734019,18.52597476734019,0.0,-1,C,40.45416476103268,0.0,1.0992238924063297e-16,0.506077709756518,-1.5589098361004953e-17,0.05297027494056807,0.05297027494056807,0.052970274940568086,0.5060777097565179,0.4829702749405681,0.2679702749405681
120.5,98.07181000630752,79.492018780053,22.428189993692502,22.428189993692502,41.00798121994701,41.00798121994701,-18.57979122625451,18.57979122625451,-5.551115123125783e-17,-1,C,41.00798121994701,0.0,1.0992238924063297e-16,0.5126465501228071,-1.5589098361004953e-17,0.05538398046124639,0.05538398046124639,0.0553839804612464,0.512646550122807,0.4853839804612464,0.2703839804612464
121.0,98.07181000630752,79.43752418209513,22.928189993692495,22.928189993692495,41.562475817904875,41.562475817904875,-18.63428582421238,18.63428582421238,-5.551115123125783e-17,-1,C,41.562475817904875,0.0,7.055029298132144e-17,0.5192021228176569,1.0212784006013049e-16,0.05784499152874192,0.05784499152874192,0.05784499152874181,0.5192021228176568,0.48784499152874183,0.2728449915287419
121.5,98.07181000630752,79.3823542135146,23.428189993692488,23.428189993692488,42.1176457864854,42.1176457864854,-18.689455792792913,18.689455792792913,0.0,-1,C,42.1176457864854,0.0,5.4961194620316486e-17,0.5257439368703927,-7.794549180502477e-18,0.06036271436844805,0.06036271436844805,0.060362714368448055,0.5257439368703927,0.490362714368448,0.27536271436844806
122.0,98.07181000630752,79.32651175046645,23.92818999369248,23.92818999369248,42.67348824953354,42.67348824953354,-18.745298255841057,18.745298255841057,0.0,-1,C,42.67348824953354,0.0,5.4961194620316486e-17,0.5322715015618796,-7.794549180502477e-18,0.06292393013742999,0.06292393013742999,0.06292393013743,0.5322715015618796,0.49292393013742997,0.27792393013743
122.5,98.07181000630752,79.2699997776542,24.428189993692502,24.428189993692502,43.23000022234581,43.23000022234581,-18.801810228653302,18.801810228653302,0.0,-1,C,43.23000022234581,0.0,5.4961194620316486e-17,0.5387843264512041,-7.794549180502477e-18,0.06554581431072033,0.06554581431072033,0.06554581431072035,0.5387843264512041,0.4955458143107203,0.28054581431072034
123.0,98.07181000630752,79.2128213891215,24.928189993692495,24.928189993692495,43.7871786108785,43.7871786108785,-18.858988617186004,18.858988617186004,0.0,-1,C,43.7871786108785,0.0,7.055029298132144e-17,0.5452819214026156,1.0212784006013049e-16,0.06821082937259854,0.06821082937259854,0.06821082937259844,0.5452819214026154,0.4982108293725984,0.28321082937259856
123.5,98.07181000630752,79.1549797890206,25.42818999369249,25.42818999369249,44.345020210979406,44.345020210979406,-18.91683021728691,18.91683021728691,0.0,-1,C,44.345020210979406,0.0,0.0,0.5517637966127439,0.0,0.0709308246650766,0.0709308246650766,0.0709308246650766,0.5517637966127439,0.5009308246650765,0.2859308246650766
124.0,98.07181000630752,79.09647829235718,25.92818999369248,25.92818999369248,44.90352170764282,44.90352170764282,-18.975331713950332,18.975331713950332,-5.551115123125783e-17,-1,C,44.903521707642824,0.0,5.4961194620316486e-17,0.5582294626380833,-7.794549180502477e-18,0.07370011534317018,0.07370011534317018,0.0737001153431702,0.5582294626380833,0.5037001153431702,0.2887001153431702
124.5,98.07181000630752,79.03732032570952,26.42818999369248,26.42818999369248,45.46267967429047,45.46267967429047,-19.034489680597993,19.034489680597993,0.0,-1,C,45.46267967429048,0.0,5.4961194620316486e-17,0.5646784304227789,-7.794549180502477e-18,0.07651483841228299,0.07651483841228299,0.076514838412283,0.5646784304227789,0.506514838412283,0.291514838412283
125.0,98.07181000630752,78.97750942792241,26.9281899936925,26.9281899936925,46.022490572077594,46.022490572077594,-19.094300578385095,19.094300578385095,5.551115123125783e-17,-1,C,46.022490572077594,0.0,1.2551148760163792e-16,0.5711102113267016,9.433329087962803e-17,0.07938825163156929,0.07938825163156929,0.07938825163156919,0.5711102113267015,0.5093882516315692,0.2943882516315693
125.5,98.07181000630752,78.91704925077335,27.428189993692495,27.428189993692495,46.58295074922667,46.58295074922667,-19.15476075553417,19.15476075553417,0.0,-1,C,46.58295074922667,0.0,1.5589098361004953e-17,0.5775243171538417,1.0992238924063297e-16,0.08230478957128608,0.08230478957128608,0.08230478957128597,0.5775243171538417,0.512304789571286,0.2973047895712861
126.0,98.07181000630752,78.85594355961166,27.928189993692488,27.928189993692488,47.14405644038834,47.14405644038834,-19.215866446695856,19.215866446695856,0.0,-1,C,47.14405644038834,0.0,1.2551148760163792e-16,0.5839202601810141,9.433329087962803e-17,0.08527174429087214,0.08527174429087214,0.08527174429087205,0.583920260181014,0.5152717442908721,0.3002717442908721
126.5,98.07181000630752,78.79419623396835,28.42818999369248,28.42818999369248,47.70580376603164,47.70580376603164,-19.277613772339155,19.277613772339155,-1.1102230246251565e-16,-1,C,47.705803766031636,0.0,0.0,0.5902975531868971,0.0,0.08829214280727658,0.08829214280727658,0.08829214280727658,0.5902975531868971,0.5182921428072765,0.30329214280727657
127.0,98.07181000630752,78.73181126813672,28.928189993692502,28.928189993692502,48.26818873186329,48.26818873186329,-19.339998738170788,19.339998738170788,0.0,-1,C,48.26818873186329,0.0,7.055029298132144e-17,0.5966557094814052,1.0212784006013049e-16,0.09135550225655667,0.09135550225655667,0.09135550225655657,0.5966557094814051,0.5213555022565566,0.30635550225655667
127.5,98.07181000630752,78.66879277172154,29.428189993692495,29.428189993692495,48.831207228278465,48.831207228278465,-19.403017234585967,19.403017234585967,0.0,-1,C,48.83120722827847,0.0,1.2551148760163792e-16,0.6029942429354179,9.433329087962803e-17,0.09447044742856485,0.09447044742856485,0.09447044742856475,0.6029942429354178,0.5244704474285647,0.30947044742856483
128.0,98.07181000630752,78.60514497015755,29.92818999369249,29.92818999369249,49.394855029842454,49.394855029842454,-19.46666503614996,19.46666503614996,0.0,-1,C,49.394855029842454,0.0,7.055029298132144e-17,0.6093126680108576,1.0212784006013049e-16,0.09763719445542185,0.09763719445542185,0.09763719445542175,0.6093126680108575,0.5276371944554218,0.3126371944554218
128.5,98.07181000630752,78.54087220519486,30.428189993692484,30.428189993692484,49.959127794805134,49.959127794805134,-19.530937801112653,19.530937801112653,0.0,-1,C,49.959127794805134,0.0,1.2551148760163792e-16,0.6156104997911396,9.433329087962803e-17,0.10084668235903381,0.10084668235903381,0.10084668235903371,0.6156104997911395,0.5308466823590337,0.3158466823590338
129.0,98.07181000630752,78.47597893535092,30.92818999369248,30.92818999369248,50.52402106464907,50.52402106464907,-19.595831070956592,19.595831070956592,0.0,-1,C,50.52402106464907,0.0,1.0992238924063297e-16,0.6218872540119984,-1.5589098361004953e-17,0.10410467084049026,0.10410467084049026,0.10410467084049027,0.6218872540119983,0.5341046708404903,0.31910467084049027
129.5,98.07181000630752,78.41046973632811,31.4281899936925,31.4281899936925,51.089530263671904,51.089530263671904,-19.661340269979405,19.661340269979405,0.0,-1,C,51.089530263671904,0.0,1.0992238924063297e-16,0.6281424470927002,-1.5589098361004953e-17,0.10741686170181314,0.10741686170181314,0.10741686170181315,0.6281424470927001,0.5374168617018131,0.32241686170181316
130.0,98.07181000630752,78.34434930139626,31.9281899936925,31.9281899936925,51.65565069860374,51.65565069860374,-19.727460704911245,19.727460704911245,1.1102230246251565e-16,-1,C,51.65565069860374,0.0,5.4961194620316486e-17,0.6343755961676437,-7.794549180502477e-18,0.11077151727042159,0.11077151727042159,0.1107715172704216,0.6343755961676437,0.5407715172704216,0.3257715172704216
130.5,98.07181000630752,78.27762244173842,32.42818999369249,32.42818999369249,52.222377558261584,52.222377558261584,-19.7941875645691,19.7941875645691,0.0,-1,C,52.222377558261584,0.0,5.4961194620316486e-17,0.6405862191183743,-7.794549180502477e-18,0.11416841995098155,0.11416841995098155,0.11416841995098156,0.6405862191183743,0.5441684199509815,0.32916841995098156
131.0,98.07181000630752,78.21029408675965,32.928189993692484,32.928189993692484,52.789705913240354,52.789705913240354,-19.86151591954787,19.86151591954787,0.0,-1,C,52.78970591324035,0.0,5.4961194620316486e-17,0.6467738346060027,-7.794549180502477e-18,0.11762335433225975,0.11762335433225975,0.11762335433225976,0.6467738346060027,0.5476233543322597,0.33262335433225976
131.5,98.07181000630752,78.14236928435783,33.428189993692506,33.428189993692506,53.35763071564219,53.35763071564219,-19.929440721949685,19.929440721949685,0.0,-1,C,53.357630715642195,0.0,1.2551148760163792e-16,0.6529379621040454,9.433329087962803e-17,0.12112194899061358,0.12112194899061358,0.12112194899061349,0.6529379621040453,0.5511219489906135,0.3361219489906136
132.0,98.07181000630752,78.07385320115519,33.9281899936925,33.9281899936925,53.926146798844826,53.926146798844826,-19.997956805152327,19.997956805152327,0.0,-1,C,53.926146798844826,0.0,5.4961194620316486e-17,0.6590781219316936,-7.794549180502477e-18,0.12466244599512258,0.12466244599512258,0.12466244599512259,0.6590781219316936,0.5546624459951226,0.3396624459951226
132.5,98.07181000630752,78.0047511226901,34.42818999369249,34.42818999369249,54.49524887730991,54.49524887730991,-20.06705888361742,20.06705888361742,0.0,-1,C,54.49524887730992,0.0,1.2551148760163792e-16,0.6651938352875187,9.433329087962803e-17,0.12824763412078102,0.12824763412078102,0.12824763412078094,0.6651938352875186,0.5582476341207809,0.343247634120781
133.0,98.07181000630752,77.93506845356778,34.928189993692484,34.928189993692484,55.06493154643221,55.06493154643221,-20.136741552739725,20.136741552739725,0.0,-1,C,55.06493154643222,0.0,5.4961194620316486e-17,0.6712846242836212,-7.794549180502477e-18,0.13188867185255645,0.13188867185255645,0.13188867185255645,0.6712846242836212,0.5618886718525564,0.34688867185255645
133.5,98.07181000630752,77.86481071756994,35.42818999369248,35.42818999369248,55.63518928243006,55.63518928243006,-20.20699928873758,20.20699928873758,0.0,-1,C,55.63518928243006,0.0,1.5589098361004953e-17,0.6773500119802259,1.0992238924063297e-16,0.13557121183135112,0.13557121183135112,0.135571211831351,0.6773500119802259,0.565571211831351,0.3505712118313511
134.0,98.07181000630752,77.79398355772099,35.92818999369249,35.92818999369249,56.206016442279015,56.206016442279015,-20.277826448586517,20.277826448586517,-1.1102230246251565e-16,-1,C,56.20601644227902,0.0,1.5589098361004953e-17,0.6833895224207418,1.0992238924063297e-16,0.1392950071577897,0.1392950071577897,0.13929500715778959,0.6833895224207418,0.5692950071577896,0.3542950071577897
134.5,98.07181000630752,77.72259273631171,36.42818999369249,36.42818999369249,56.777407263688296,56.777407263688296,-20.3492172699958,20.3492172699958,0.0,-1,C,56.77740726368829,0.0,2.5102297520327584e-16,0.6894026806672784,1.8866658175925605e-16,0.14306113191195172,0.14306113191195172,0.14306113191195152,0.6894026806672782,0.5730611319119515,0.3580611319119517
135.0,98.07181000630752,77.65064413487787,36.92818999369249,36.92818999369249,57.349355865122135,57.349355865122135,-20.421165871429647,20.421165871429647,0.0,-1,C,57.349355865122135,0.0,1.5589098361004953e-17,0.6953890128366395,1.0992238924063297e-16,0.1468838973362386,0.1468838973362386,0.1468838973362385,0.6953890128366395,0.5768838973362385,0.3618838973362386
135.5,98.07181000630752,77.57814375413473,37.428189993692484,37.428189993692484,57.92185624586527,57.92185624586527,-20.493666252172787,20.493666252172787,0.0,-1,C,57.92185624586527,0.0,1.5589098361004953e-17,0.7013480461367849,1.0992238924063297e-16,0.15074745083475416,0.15074745083475416,0.15074745083475405,0.7013480461367849,0.5807474508347541,0.36574745083475413
136.0,98.07181000630752,77.50509771386479,37.928189993692506,37.928189993692506,58.49490228613522,58.49490228613522,-20.566712292442723,20.566712292442723,0.0,-1,C,58.49490228613522,0.0,1.0992238924063297e-16,0.7072793089037808,-1.5589098361004953e-17,0.1546515292539368,0.1546515292539368,0.15465152925393683,0.7072793089037807,0.5846515292539368,0.3696515292539368
136.5,98.07181000630752,77.43151225275965,38.4281899936925,38.4281899936925,59.06848774724037,59.06848774724037,-20.640297753547873,20.640297753547873,0.0,-1,C,59.06848774724037,0.0,1.5589098361004953e-17,0.7131823306392282,1.0992238924063297e-16,0.15859586554216587,0.15859586554216587,0.15859586554216576,0.7131823306392282,0.5885958655421657,0.37359586554216584
137.0,98.07181000630752,77.35739372821395,38.92818999369249,38.92818999369249,59.64260627178605,59.64260627178605,-20.714416278093555,20.714416278093555,0.0,-1,C,59.64260627178605,0.0,1.5589098361004953e-17,0.71905664204819,1.0992238924063297e-16,0.16258961187619403,0.16258961187619403,0.16258961187619392,0.71905664204819,0.592589611876194,0.377589611876194
137.5,98.07181000630752,77.2827486160716,39.428189993692484,39.428189993692484,60.2172513839284,60.2172513839284,-20.789061390235915,20.789061390235915,0.0,-1,C,60.2172513839284,0.0,1.0992238924063297e-16,0.7249017750776074,-1.5589098361004953e-17,0.16663077874635607,0.16663077874635607,0.1666307787463561,0.7249017750776073,0.5966307787463561,0.3816307787463561
138.0,98.07181000630752,77.20758351032286,39.92818999369248,39.92818999369248,60.79241648967712,60.79241648967712,-20.864226495984646,20.864226495984646,0.0,-1,C,60.79241648967712,0.0,1.2551148760163792e-16,0.7307172629552173,9.433329087962803e-17,0.17071165816625591,0.17071165816625591,0.17071165816625583,0.7307172629552172,0.6007116581662558,0.3857116581662559
138.5,98.07181000630752,77.13190512275231,40.4281899936925,40.4281899936925,61.3680948772477,61.3680948772477,-20.9399048835552,20.9399048835552,0.0,-1,C,61.3680948772477,0.0,1.1771693842113545e-16,0.7365026402289662,3.9372096259311533e-17,0.17483196727343847,0.17483196727343847,0.17483196727343844,0.736502640228966,0.6048319672734385,0.3898319672734385
139.0,98.07181000630752,77.05572028253627,40.92818999369249,40.92818999369249,61.944279717463736,61.944279717463736,-21.016089723771245,21.016089723771245,0.0,-1,C,61.944279717463736,0.0,0.0,0.7422574428069341,0.0,0.17899141940344956,0.17899141940344956,0.17899141940344956,0.7422574428069341,0.6089914194034496,0.39399141940344956
139.5,98.07181000630752,76.97903593578944,41.42818999369249,41.42818999369249,62.52096406421057,62.52096406421057,-21.092774070518075,21.092774070518075,0.0,-1,C,62.52096406421057,0.0,3.765344628049138e-16,0.7479812079977625,2.829998726388841e-16,0.18319864154601304,0.18319864154601304,0.18319864154601276,0.7479812079977621,0.6131986415460128,0.39819864154601303
140.0,98.07181000630752,76.90185914506058,41.928189993692484,41.928189993692484,63.098140854939416,63.098140854939416,-21.16995086124693,21.16995086124693,0.0,-1,C,63.098140854939416,0.0,0.0,0.753673474551584,0.0,0.18745237966953665,0.18745237966953665,0.18745237966953665,0.753673474551584,0.6174523796695366,0.4024523796695366
140.5,98.07181000630752,76.82419708877563,42.4281899936925,42.4281899936925,63.67580291122439,63.67580291122439,-21.247612917531885,21.247612917531885,-1.1102230246251565e-16,-1,C,63.67580291122439,0.0,1.5589098361004953e-17,0.7593337827014706,1.0992238924063297e-16,0.19174463954859206,0.19174463954859206,0.19174463954859194,0.7593337827014706,0.6217446395485919,0.4067446395485921
141.0,98.07181000630752,76.7460570606287,42.9281899936925,42.9281899936925,64.2539429393713,64.2539429393713,-21.325752945678808,21.325752945678808,0.0,-1,C,64.2539429393713,0.0,3.765344628049138e-16,0.7649616742053792,2.829998726388841e-16,0.1960751192286564,0.1960751192286564,0.19607511922865611,0.7649616742053789,0.6260751192286561,0.41107511922865636
141.5,98.07181000630752,76.6674464689199,43.428189993692484,43.428189993692484,64.8325535310801,64.8325535310801,-21.404363537387606,21.404363537387606,-1.1102230246251565e-16,-1,C,64.8325535310801,0.0,7.794549180502477e-18,0.7705566923886128,5.4961194620316486e-17,0.20044351306354247,0.20044351306354247,0.2004435130635424,0.7705566923886128,0.6304435130635424,0.41544351306354244
142.0,98.07181000630752,76.58837283583948,43.92818999369249,43.92818999369249,65.41162716416052,65.41162716416052,-21.48343717046804,21.48343717046804,1.1102230246251565e-16,-1,C,65.41162716416052,0.0,-2.354338768422709e-16,0.7761183821867911,-7.874419251862307e-17,0.2048495117339508,0.2048495117339508,0.20484951173395088,0.7761183821867913,0.6348495117339509,0.4198495117339508
142.5,98.07181000630752,76.50884379669851,44.42818999369248,44.42818999369248,65.99115620330149,65.99115620330149,-21.562966209609005,21.562966209609005,0.0,-1,C,65.99115620330149,0.0,7.794549180502477e-18,0.7816462901893154,5.4961194620316486e-17,0.20930778799429733,0.20930778799429733,0.20930778799429728,0.7816462901893154,0.6393077879942972,0.42430778799429736
143.0,98.07181000630752,76.42886709910461,44.9281899936925,44.9281899936925,66.5711329008954,66.5711329008954,-21.6429429072029,21.6429429072029,0.0,-1,C,66.5711329008954,0.0,7.794549180502477e-18,0.7871399646833521,5.4961194620316486e-17,0.21380474603043553,0.21380474603043553,0.21380474603043548,0.7871399646833521,0.6438047460304355,0.4288047460304355
143.5,98.07181000630752,76.34845060208339,45.42818999369249,45.42818999369249,67.15154939791661,67.15154939791661,-21.723359404224123,21.723359404224123,0.0,-1,C,67.15154939791661,0.0,-2.338364754150743e-17,0.792598955698305,-1.6488358386094946e-16,0.21833860315592435,0.21833860315592435,0.21833860315592452,0.792598955698305,0.6483386031559245,0.4333386031559243
144.0,98.07181000630752,76.26760227514465,45.92818999369249,45.92818999369249,67.73239772485535,67.73239772485535,-21.804207731162855,21.804207731162855,0.0,-1,C,67.73239772485535,0.0,1.1771693842113545e-16,0.7980228150507944,3.9372096259311533e-17,0.22290903546509014,0.22290903546509014,0.2229090354650901,0.7980228150507943,0.6529090354650902,0.43790903546509014
144.5,98.07181000630752,76.1863301972933,46.428189993692484,46.428189993692484,68.31366980270668,68.31366980270668,-21.885479809014207,21.885479809014207,0.0,-1,C,68.31366980270668,0.0,2.666120735642808e-16,0.8034110963901232,2.98588970999889e-16,0.2275157155056569,0.2275157155056569,0.2275157155056566,0.803411096390123,0.6575157155056566,0.44251571550565694
145.0,98.07181000630752,76.10464255598458,46.9281899936925,46.9281899936925,68.89535744401543,68.89535744401543,-21.967167450322933,21.967167450322933,0.0,-1,C,68.89535744401543,0.0,-1.333060367821404e-16,0.808763355244235,-1.492944854999445e-16,0.23215831229976377,0.23215831229976377,0.2321583122997639,0.8087633552442351,0.6621583122997639,0.44715831229976377
145.5,98.07181000630752,76.02254764602384,47.4281899936925,47.4281899936925,69.47745235397618,69.47745235397618,-22.049262360283677,22.049262360283677,0.0,-1,C,69.47745235397618,0.0,1.5589098361004953e-17,0.8140791490661541,1.0992238924063297e-16,0.23684544463361282,0.23684544463361282,0.2368454446336127,0.8140791490661541,0.6668454446336127,0.4518454446336128
146.0,98.07181000630752,75.94005386840973,47.92818999369249,47.92818999369249,70.05994613159027,70.05994613159027,-22.131756137897778,22.131756137897778,0.0,-1,C,70.05994613159027,0.0,2.666120735642808e-16,0.8193580372809047,2.98588970999889e-16,0.24157517597836667,0.24157517597836667,0.24157517597836636,0.8193580372809045,0.6715751759783664,0.45657517597836667
146.5,98.07181000630752,75.85716972912225,48.428189993692484,48.428189993692484,70.64283027087774,70.64283027087774,-22.214640277185257,22.214640277185257,0.0,-1,C,70.64283027087774,0.0,1.5589098361004953e-17,0.8245995813328932,1.0992238924063297e-16,0.24634003791974574,0.24634003791974574,0.24634003791974562,0.8245995813328932,0.6763400379197456,0.46134003791974576
147.0,98.07181000630752,75.77390383785358,48.92818999369248,48.92818999369248,71.22609616214642,71.22609616214642,-22.29790616845393,22.29790616845393,0.0,-1,C,71.22609616214642,0.0,-1.2551148760163792e-16,0.829803344733766,-9.433329087962803e-17,0.25113968569751155,0.25113968569751155,0.25113968569751166,0.8298033447337662,0.6811396856975116,0.4661396856975115
147.5,98.07181000630752,75.69026490668372,49.4281899936925,49.4281899936925,71.80973509331629,71.80973509331629,-22.381545099623786,22.381545099623786,0.0,-1,C,71.80973509331629,0.0,2.7440662274478327e-16,0.8349688931107078,3.535501656202055e-16,0.2559737711678888,0.2559737711678888,0.25597377116788844,0.8349688931107075,0.6859737711678884,0.47097377116788874
148.0,98.07181000630752,75.60626174869945,49.92818999369249,49.92818999369249,72.39373825130055,72.39373825130055,-22.465548257608056,22.465548257608056,0.0,-1,C,72.39373825130055,0.0,1.5589098361004953e-17,0.8400957942551887,1.0992238924063297e-16,0.26084194282692813,0.26084194282692813,0.260841942826928,0.8400957942551887,0.690841942826928,0.47584194282692815
148.5,98.07181000630752,75.52190327655732,50.42818999369249,50.42818999369249,72.97809672344268,72.97809672344268,-22.549906729750187,22.549906729750187,0.0,-1,C,72.97809672344268,0.0,-1.4889513514314535e-16,0.8451836181721541,-2.592168747405775e-16,0.26574384583419963,0.26574384583419963,0.2657438458341999,0.8451836181721543,0.6957438458341999,0.4807438458341996
149.0,98.07181000630752,75.43719850099082,50.928189993692484,50.928189993692484,73.56280149900918,73.56280149900918,-22.6346115053167,22.6346115053167,0.0,-1,C,73.56280149900918,0.0,1.1771693842113545e-16,0.8502319371296312,3.9372096259311533e-17,0.27068387448592063,0.27068387448592063,0.2706838744859206,0.8502319371296311,0.7006838744859205,0.48568387448592065
149.5,98.07181000630752,75.35215652926165,51.4281899936925,51.4281899936925,74.14784347073837,74.14784347073837,-22.719653477045863,22.719653477045863,0.0,-1,C,74.14784347073837,0.0,1.5589098361004953e-17,0.8552403257087469,1.0992238924063297e-16,0.2756681029151197,0.2756681029151197,0.27566810291511956,0.8552403257087469,0.7056681029151195,0.49066810291511964
150.0,98.07181000630752,75.26678656355558,51.9281899936925,51.9281899936925,74.73321343644442,74.73321343644442,-22.80502344275192,22.80502344275192,0.0,-1,C,74.73321343644442,0.0,-3.1178196722009906e-17,0.8602083608541545,-2.1984477848126595e-16,0.2806851912359726,0.2806851912359726,0.2806851912359728,0.8602083608541545,0.7106851912359728,0.49568519123597254
150.5,98.07181000630752,75.1810978993231,52.42818999369249,52.42818999369249,75.31890210067691,75.31890210067691,-22.890712106984413,22.890712106984413,0.0,-1,C,75.31890210067691,0.0,1.2551148760163792e-16,0.8651356219248444,9.433329087962803e-17,0.28573477185789997,0.28573477185789997,0.28573477185789986,0.8651356219248443,0.7157347718578999,0.5007347718578999
151.0,98.07181000630752,75.09509992356446,52.928189993692484,52.928189993692484,75.90490007643554,75.90490007643554,-22.976710082743047,22.976710082743047,0.0,-1,C,75.90490007643554,0.0,1.644842335041503e-16,0.8700216907453303,3.6913926398121045e-16,0.29081647401224053,0.29081647401224053,0.29081647401224014,0.8700216907453302,0.7208164740122401,0.5058164740122405
151.5,98.07181000630752,75.00880211306139,53.42818999369248,53.42818999369248,76.49119788693861,76.49119788693861,-23.063007893246123,23.063007893246123,0.0,-1,C,76.49119788693861,0.0,1.5589098361004953e-17,0.8748661516571922,1.0992238924063297e-16,0.295929923778097,0.295929923778097,0.2959299237780969,0.8748661516571922,0.725929923778097,0.510929923778097
152.0,98.07181000630752,74.92221403255347,53.9281899936925,53.9281899936925,77.07778596744654,77.07778596744654,-23.14959597375404,23.14959597375404,0.0,-1,C,77.07778596744654,0.0,7.794549180502477e-18,0.879668591570975,5.4961194620316486e-17,0.3010747441084874,0.3010747441084874,0.30107474410848734,0.879668591570975,0.7310747441084873,0.5160747441084874
152.5,98.07181000630752,74.83534533286162,54.428189993692484,54.428189993692484,77.6646546671384,77.6646546671384,-23.236464673445894,23.236464673445894,-1.1102230246251565e-16,-1,C,77.6646546671384,0.0,2.7440662274478327e-16,0.8844286000184041,3.535501656202055e-16,0.30625055485680125,0.30625055485680125,0.3062505548568009,0.8844286000184038,0.7362505548568009,0.5212505548568013
153.0,98.07181000630752,74.74820574895791,54.92818999369249,54.92818999369249,78.25179425104209,78.25179425104209,-23.323604257349597,23.323604257349597,0.0,-1,C,78.25179425104209,0.0,1.5589098361004953e-17,0.8891457692049247,1.0992238924063297e-16,0.31145697280356377,0.31145697280356377,0.31145697280356366,0.8891457692049247,0.7414569728035636,0.5264569728035637
153.5,98.07181000630752,74.6608050979835,55.428189993692484,55.428189993692484,78.83919490201649,78.83919490201649,-23.41100490832401,23.41100490832401,0.0,-1,C,78.83919490201649,0.0,-1.4110058596264288e-16,0.8938196940625318,-2.0425568012026099e-16,0.3167080843658566,0.3167080843658566,0.31670808436585685,0.8938196940625319,0.7467080843658569,0.5317080843658566
154.0,98.07181000630752,74.57315327721406,55.928189993692506,55.928189993692506,79.42684672278595,79.42684672278595,-23.49865672909345,23.49865672909345,1.1102230246251565e-16,-1,C,79.42684672278595,0.0,1.644842335041503e-16,0.8984499723028819,3.6913926398121045e-16,0.32199031230320724,0.32199031230320724,0.32199031230320685,0.8984499723028818,0.7519903123032068,0.5369903123032073
154.5,98.07181000630752,74.48526026197442,56.4281899936925,56.4281899936925,80.01473973802558,80.01473973802558,-23.586549744333087,23.586549744333087,0.0,-1,C,80.01473973802558,0.0,7.794549180502477e-18,0.9030362044706585,5.4961194620316486e-17,0.3273021807281505,0.3273021807281505,0.3273021807281504,0.9030362044706585,0.7573021807281504,0.5423021807281505
155.0,98.07181000630752,74.3971361035028,56.92818999369249,56.92818999369249,80.6028638964972,80.6028638964972,-23.674673902804702,23.674673902804702,0.0,-1,C,80.6028638964972,0.0,-3.1178196722009906e-17,0.9075779939971863,-2.1984477848126595e-16,0.33264329510849183,0.33264329510849183,0.33264329510849205,0.9075779939971863,0.762643295108492,0.5476432951084919
155.5,98.07181000630752,74.30879092676503,57.428189993692484,57.428189993692484,81.19120907323497,81.19120907323497,-23.763019079542477,23.763019079542477,0.0,-1,C,81.19120907323497,0.0,1.1771693842113545e-16,0.912074947254262,3.9372096259311533e-17,0.33801325801518256,0.33801325801518256,0.3380132580151825,0.9120749472542619,0.7680132580151825,0.5530132580151825
156.0,98.07181000630752,74.2202349282204,57.92818999369248,57.92818999369248,81.7797650717796,81.7797650717796,-23.85157507808711,23.85157507808711,0.0,-1,C,81.7797650717796,0.0,3.8432901198541627e-16,0.9165266736081844,3.3796106725920053e-16,0.3434116691509112,0.3434116691509112,0.34341166915091087,0.9165266736081841,0.7734116691509109,0.5584116691509112
156.5,98.07181000630752,74.13147837353986,58.4281899936925,58.4281899936925,82.36852162646015,82.36852162646015,-23.94033163276765,23.94033163276765,0.0,-1,C,82.36852162646015,0.0,1.5668968432364784e-16,0.9209327854739613,3.1417806936089395e-16,0.3488381253789693,0.3488381253789693,0.34883812537896897,0.9209327854739612,0.7788381253789689,0.5638381253789693
157.0,98.07181000630752,74.0425315952765,58.92818999369249,58.92818999369249,82.9574684047235,82.9574684047235,-24.029278411031004,24.029278411031004,0.0,-1,C,82.9574684047235,0.0,1.1771693842113545e-16,0.9252928983696838,3.9372096259311533e-17,0.35429222075238576,0.35429222075238576,0.3542922207523857,0.9252928983696836,0.7842922207523857,0.5692922207523857
157.5,98.07181000630752,73.95340499049118,59.428189993692484,59.428189993692484,83.54659500950882,83.54659500950882,-24.11840501581633,24.11840501581633,0.0,-1,C,83.54659500950882,0.0,1.644842335041503e-16,0.929606630971026,3.6913926398121045e-16,0.3597735465433342,0.3597735465433342,0.3597735465433338,0.9296066309710259,0.7897735465433338,0.5747735465433342
158.0,98.07181000630752,73.86410901833288,59.928189993692484,59.928189993692484,84.13589098166712,84.13589098166712,-24.20770098797463,24.20770098797463,0.0,-1,C,84.13589098166712,0.0,1.5589098361004953e-17,0.933873605165853,1.0992238924063297e-16,0.36528420040703086,0.36528420040703086,0.36528420040703075,0.933873605165853,0.7952842004070307,0.5802842004070309
158.5,98.07181000630752,73.7746541975753,60.4281899936925,60.4281899936925,84.72534580242471,84.72534580242471,-24.297155808732207,24.297155808732207,0.0,-1,C,84.72534580242471,0.0,7.794549180502477e-18,0.9380934461089344,5.4961194620316486e-17,0.37083408286243164,0.37083408286243164,0.3708340828624316,0.9380934461089344,0.8008340828624316,0.5858340828624317
159.0,98.07181000630752,73.68505110411125,60.9281899936925,60.9281899936925,85.31494889588875,85.31494889588875,-24.386758902196256,24.386758902196256,0.0,-1,C,85.31494889588875,0.0,1.644842335041503e-16,0.9422657822767033,3.6913926398121045e-16,0.3764101459950251,0.3764101459950251,0.3764101459950247,0.9422657822767032,0.8064101459950247,0.5914101459950251
159.5,98.07181000630752,73.5953103684059,61.42818999369249,61.42818999369249,85.9046896315941,85.9046896315941,-24.476499637901604,24.476499637901604,0.0,-1,C,85.9046896315941,0.0,1.5589098361004953e-17,0.946390245522063,1.0992238924063297e-16,0.382011971340493,0.382011971340493,0.38201197134049286,0.946390245522063,0.8120119713404929,0.597011971340493
160.0,98.07181000630752,73.5054426729096,61.928189993692484,61.928189993692484,86.4945573270904,86.4945573270904,-24.566367333397913,24.566367333397913,0.0,-1,C,86.4945573270904,0.0,1.644842335041503e-16,0.9504664711292153,3.6913926398121045e-16,0.3876391378435726,0.3876391378435726,0.38763913784357223,0.9504664711292152,0.8176391378435722,0.6026391378435726
160.5,98.07181000630752,73.41545874943242,62.42818999369248,62.42818999369248,87.08454125056758,87.08454125056758,-24.656351256875098,24.656351256875098,0.0,-1,C,87.08454125056758,0.0,1.1691823770753715e-17,0.9544940978684644,8.244179193047473e-17,0.3932912218888934,0.3932912218888934,0.39329122188889337,0.9544940978684644,0.8232912218888934,0.6082912218888934
161.0,98.07181000630752,73.32536937648152,62.9281899936925,62.9281899936925,87.67463062351848,87.67463062351848,-24.74644062982599,24.74644062982599,0.0,-1,C,87.67463062351848,0.0,1.1691823770753715e-17,0.958472768050995,8.244179193047473e-17,0.3989677973320447,0.3989677973320447,0.3989677973320446,0.958472768050995,0.8289677973320446,0.6139677973320447
161.5,98.07181000630752,73.2351853765622,63.42818999369249,63.42818999369249,88.26481462343781,88.26481462343781,-24.836624629745316,24.836624629745316,0.0,-1,C,88.26481462343781,0.0,-3.1178196722009906e-17,0.9624021275835835,-2.1984477848126595e-16,0.4046684355308743,0.4046684355308743,0.4046684355308745,0.9624021275835835,0.8346684355308744,0.6196684355308743
162.0,98.07181000630752,73.14491761344513,63.928189993692484,63.928189993692484,88.85508238655487,88.85508238655487,-24.926892392862385,24.926892392862385,0.0,-1,C,88.85508238655487,0.0,1.1691823770753715e-17,0.9662818260232194,8.244179193047473e-17,0.4103927053770191,0.4103927053770191,0.41039270537701905,0.9662818260232194,0.840392705377019,0.6253927053770191
162.5,98.07181000630752,73.05457698940026,64.42818999369248,64.42818999369248,89.44542301059974,89.44542301059974,-25.01723301690725,25.01723301690725,0.0,-1,C,89.44542301059974,0.0,1.6058695891389906e-16,0.970111516631612,3.416586666710522e-16,0.4161401733276589,0.4161401733276589,0.41614017332765857,0.9701115166316119,0.8461401733276586,0.6311401733276589
163.0,98.07181000630752,72.97369073139656,64.9281899936925,64.9281899936925,90.02630926860346,90.02630926860346,-25.098119274910946,25.098119274910946,0.0,-1,CbC,90.00000000000003,0.02630926860344254,-0.00014254094992675965,0.9734956502617909,-0.00030450033036384964,0.42130145180425116,0.42130145180425116,0.421605952134615,0.9736381912117176,0.851605952134615,0.6363014518042511
163.5,98.07181000630752,73.0400855347871,65.4281899936925,65.4281899936925,90.45991446521292,90.45991446521292,-25.031724471520416,25.031724471520416,0.0,-1,CbC,89.99999999999999,0.4599144652129213,-0.002465422904444539,0.970763648499635,-0.005335231842179767,0.4170335218060878,0.4170335218060878,0.4223687536482676,0.9732290714040795,0.8523687536482676,0.6320335218060879
164.0,98.07181000630752,73.10645649950146,65.92818999369248,65.92818999369248,90.89354350049854,90.89354350049854,-24.965353506806053,24.965353506806053,0.0,-1,CbC,90.00000000000001,0.8935435004984997,-0.0047386143491619254,0.9680801779564125,-0.010389010168062976,0.4127487292033,0.4127487292033,0.423137739371363,0.9728187923055744,0.8531377393713631,0.6277487292033
164.5,98.07181000630752,73.17280042819772,66.42818999369248,66.42818999369248,91.32719957180228,91.32719957180228,-24.899009578109794,24.899009578109794,0.0,-1,CbC,90.00000000000001,1.3271995718022764,-0.006961931599916953,0.9654454441327166,-0.015465430443486217,0.40844684382065416,0.40844684382065416,0.42391227426414035,0.9724073757326336,0.8539122742641403,0.6234468438206542
165.0,98.07181000630752,73.23911412621766,66.92818999369248,66.92818999369248,91.76088587378233,91.76088587378233,-24.83269588008985,24.83269588008985,0.0,-1,CbC,89.99999999999999,1.7608858737823616,-0.009135194661641675,0.9628596490745697,-0.020564086118527614,0.40412180212522075,0.40412180212522075,0.42468588824374837,0.9719948437362114,0.8546858882437484,0.6191218021252207
165.5,98.07181000630752,73.30539440148775,67.4281899936925,67.4281899936925,92.19460559851227,92.19460559851227,-24.76641560481977,24.76641560481977,0.0,-1,CbC,90.00000000000001,2.1946055985122253,-0.011258227244000841,0.9603229913575911,-0.025684568992254988,0.3997739748613784,0.3997739748613784,0.42545854385363335,0.971581218601592,0.8554585438536333,0.6147739748613784
166.0,98.07181000630752,73.3716380644205,67.9281899936925,67.9281899936925,92.6283619355795,92.6283619355795,-24.700171941887014,24.700171941887014,0.0,-1,CbC,90.00000000000001,2.6283619355794756,-0.01333085677674585,0.9578356660714411,-0.030826469247231023,0.39540373453192557,0.39540373453192557,0.4262302037791566,0.9711665228481869,0.8562302037791566,0.6104037345319255
166.5,98.07181000630752,73.43784192781582,68.42818999369248,68.42818999369248,93.06215807218418,93.06215807218418,-24.633968078491684,24.633968078491684,0.0,-1,CbC,90.00000000000001,3.0621580721841806,-0.015352914424782751,0.9553978648045189,-0.03598937548413063,0.39101145536255366,0.39101145536255366,0.4270008308466843,0.9707507792293016,0.8570008308466843,0.6060114553625536
167.0,98.07181000630752,73.5040028067629,68.92818999369248,68.92818999369248,93.49599719323709,93.49599719323709,-24.567807199544607,24.567807199544607,0.0,-1,CbC,90.00000000000001,3.49599719323707,-0.017324235102955696,0.9530097756289321,-0.041172874756483534,0.38659751326619374,0.38659751326619374,0.42777038802267725,0.9703340107318877,0.8577703880226772,0.6015975132661937
167.5,98.07181000630752,73.57011751854239,69.4281899936925,69.4281899936925,93.92988248145762,93.92988248145762,-24.501692487765123,24.501692487765123,0.0,-1,CbC,89.99999999999996,3.9298824814576543,-0.019244657490545748,0.9506715830857266,-0.046376552605527324,0.3821622858072404,0.3821622858072404,0.4285388384127677,0.9699162405762723,0.8585388384127677,0.5971622858072404
168.0,98.07181000630752,73.63618288252866,69.9281899936925,69.9281899936925,94.36381711747134,94.36381711747134,-24.435627123778843,24.435627123778843,0.0,-1,CbC,90.00000000000001,4.363817117471336,-0.021114024045476278,0.9483834681703933,-0.05159999309516803,0.37770615216566306,0.37770615216566306,0.4293061452608311,0.9694974922158696,0.859306145260831,0.592706152165663
168.5,98.07181000630752,73.70219572009312,70.42818999369248,70.42818999369248,94.79780427990688,94.79780427990688,-24.369614286214404,24.369614286214404,0.0,-1,CbC,90.00000000000001,4.7978042799068685,-0.022932181018235312,0.9461456083186297,-0.05684277884705553,0.37322949310099496,0.37322949310099496,0.4300722719480505,0.9690777893368651,0.8600722719480505,0.5882294931009949
169.0,98.07181000630752,73.76815285450692,70.92818999369248,70.92818999369248,95.23184714549306,95.23184714549306,-24.303657151800582,24.303657151800582,0.0,-1,CbC,89.99999999999999,5.231847145493062,-0.02469897846550446,0.9439581773923827,-0.06210449107576105,0.36873269091621375,0.36873269091621375,0.4308371819919748,0.9686571558578873,0.8608371819919748,0.5837326909162137
169.5,98.07181000630752,73.83405111084487,71.42818999369248,71.42818999369248,95.66594888915513,95.66594888915513,-24.23775889546265,24.23775889546265,0.0,-1,CbC,90.00000000000001,5.665948889155106,-0.02641427026349706,0.9418213456661592,-0.06738470962405702,0.3642161294215119,0.3642161294215119,0.4316008390455689,0.9682356159296562,0.861600839045569,0.5792161294215119
170.0,98.07181000630752,73.89988731588959,71.9281899936925,71.9281899936925,96.10011268411043,96.10011268411043,-24.17192269041793,24.17192269041793,0.0,-1,CbC,90.00000000000003,6.100112684110412,-0.028077914121005153,0.9397352798136007,-0.0726830129982982,0.35968019389796174,0.35968019389796174,0.43236320689625996,0.9678131939346059,0.8623632068962599,0.5746801938979618
170.5,98.07181000630752,73.96565829803566,72.4281899936925,72.4281899936925,96.53434170196434,96.53434170196434,-24.10615170827184,24.10615170827184,0.0,-1,CbC,90.00000000000003,6.534341701964281,-0.029689771592153025,0.9377001428943404,-0.0779989784039005,0.35512527106107017,0.35512527106107017,0.4331242494649707,0.9673899144864935,0.8631242494649707,0.5701252710610701
171.0,98.07181000630752,74.03136088719506,72.92818999369248,72.92818999369248,96.96863911280494,96.96863911280494,-24.040449119112452,24.040449119112452,0.0,-1,CbC,90.00000000000001,6.968639112804916,-0.031249708088856736,0.9357160943411252,-0.08333218178091566,0.35056198033446617,0.35056198033446617,0.43389416211538184,0.966965802429982,0.8638941621153818,0.5655619803344661
171.5,98.07181000630752,74.09699191470217,73.42818999369248,73.42818999369248,97.40300808529781,97.40300808529781,-23.974818091605332,23.974818091605332,0.0,-1,CbC,90.00000000000001,7.4030080852978335,-0.03275759289298875,0.9337832899472175,-0.08868219783969296,0.34598355596670793,0.34598355596670793,0.4346657538064009,0.9665408828402062,0.8646657538064009,0.5609835559667079
172.0,98.07181000630752,74.16254821321999,73.9281899936925,73.9281899936925,97.83745178678002,97.83745178678002,-23.909261793087524,23.909261793087524,0.0,-1,CbC,89.99999999999999,7.837451786779991,-0.03421329916824685,0.9319018818540672,-0.0940486000966349,0.34138729748991514,0.34138729748991514,0.43543589758655005,0.9661151810223141,0.86543589758655,0.5563872974899151
172.5,98.07181000630752,74.22802661664657,74.4281899936925,74.4281899936925,98.27197338335344,98.27197338335344,-23.84378338966094,23.84378338966094,0.0,-1,CbC,90.00000000000003,8.271973383353412,-0.03561670397172671,0.93007201853926,-0.09943096091003856,0.33677359633173354,0.33677359633173354,0.4362045572417721,0.9656887225109867,0.866204557241772,0.5517735963317335
173.0,98.07181000630752,74.29342396002205,74.92818999369248,74.92818999369248,98.70657603997795,98.70657603997795,-23.778386046285455,23.778386046285455,0.0,-1,CbC,90.00000000000001,8.706576039977966,-0.03696768826519653,0.9282938448047445,-0.10482885151601642,0.33214284517094544,0.33214284517094544,0.4369716966869619,0.965261533069941,0.8669716966869618,0.5471428451709455
173.5,98.07181000630752,74.35873707943612,75.42818999369248,75.42818999369248,99.14126292056388,99.14126292056388,-23.71307292687139,23.71307292687139,0.0,-1,CbC,89.99999999999999,9.14126292056388,-0.038266136926073266,0.9265675017653344,-0.11024184206450152,0.32749543790045604,0.32749543790045604,0.4377372799649576,0.9648336386914077,0.8677372799649576,0.5424954379004561
174.0,98.07181000630752,74.42396281193632,75.92818999369248,75.92818999369248,99.57603718806367,99.57603718806367,-23.64784719437119,23.64784719437119,0.0,-1,CbC,90.00000000000003,9.576037188063617,-0.039511938758101404,0.9248931268374864,-0.11566950165533046,0.32283176959019505,0.32283176959019505,0.4385012712455255,0.9644050655955878,0.8685012712455256,0.5378317695901951
174.5,98.07181000630752,74.48909799543688,76.4281899936925,76.4281899936925,100.01090200456314,100.01090200456314,-23.582712010870633,23.582712010870633,0.0,-1,CbC,90.00000000000001,10.01090200456314,-0.040704986501729566,0.9232708537283558,-0.1211113983743998,0.31815223644993346,0.31815223644993346,0.4392636348243333,0.9639758402300854,0.8692636348243332,0.5331522364499335
175.0,98.07181000630752,74.55413946862785,76.9281899936925,76.9281899936925,100.44586053137216,100.44586053137216,-23.517670537679663,23.517670537679663,0.0,-1,CbC,90.00000000000001,10.445860531372139,-0.04184517684418838,0.9217008124251388,-0.12656709932989008,0.3134572357920333,0.3134572357920333,0.44002433512192335,0.9635459892693272,0.8700243351219233,0.5284572357920333
175.5,98.07181000630752,74.61908407088538,77.42818999369248,77.42818999369248,100.88091592911462,100.88091592911462,-23.45272593542214,23.45272593542214,0.0,-1,CbC,90.00000000000001,10.880915929114584,-0.04293241042926713,0.920183129184681,-0.13203617068857088,0.30874716599410634,0.30874716599410634,0.4407833366826772,0.9631155396139481,0.8707833366826772,0.5237471659941063
176.0,98.07181000630752,74.68392864218232,77.92818999369248,77.92818999369248,101.31607135781768,101.31607135781768,-23.387881364125192,23.387881364125192,0.0,-1,CbC,90.00000000000001,11.316071357817654,-0.04396659186678769,0.9187179265233759,-0.13751817771216032,0.30402242646161615,0.30402242646161615,0.4415406041737765,0.9626845183901636,0.8715406041737765,0.5190224264616161
176.5,98.07181000630752,74.74867002299963,78.4281899936925,78.4281899936925,101.75132997700038,101.75132997700038,-23.323139983307875,23.323139983307875,0.0,-1,CbC,90.00000000000001,11.75132997700037,-0.044947629741776914,0.9173053232073385,-0.14301268479375312,0.2992834175904025,0.2992834175904025,0.4422961023841556,0.9622529529491154,0.8722961023841556,0.5142834175904025
177.0,98.07181000630752,74.81330505423846,78.9281899936925,78.9281899936925,102.18669494576154,102.18669494576154,-23.25850495206905,23.25850495206905,0.0,-1,CbC,90.00000000000001,12.186694945761502,-0.04587543662333403,0.9159454342428622,-0.14851925549430692,0.2945305407291431,0.2945305407291431,0.44304979622345,0.9618208708661963,0.87304979622345,0.509530540729143
177.5,98.07181000630752,74.87783057713303,79.42818999369248,79.42818999369248,102.62216942286697,102.62216942286697,-23.193979429174487,23.193979429174487,0.0,-1,CbC,90.00000000000001,12.622169422866955,-0.04674992907319865,0.9146383708671533,-0.15403745257919152,0.2897641981417501,0.2897641981417501,0.4438016507209416,0.9613882999403519,0.8738016507209416,0.5047641981417501
178.0,98.07181000630752,74.94224343316404,79.92818999369248,79.92818999369248,103.05775656683596,103.05775656683596,-23.129566573143475,23.129566573143475,0.0,-1,CbC,90.00000000000001,13.057756566835963,-0.04757102765400936,0.91338424053935,-0.1595668380547854,0.2849953875537738,0.2849953875537738,0.4445622256085592,0.9609552681933593,0.8745622256085592,0.4999953875537738
178.5,98.07181000630752,75.00654046397322,80.42818999369248,80.42818999369248,103.49345953602676,103.49345953602676,-23.06526954233429,23.06526954233429,0.0,-1,CbC,89.99999999999999,13.493459536026775,-0.0483386569372613,0.9121831469318213,-0.16510697320512696,0.28021636069029876,0.28021636069029876,0.4453233338954257,0.9605218038690826,0.8753233338954257,0.49521636069029873
179.0,98.07181000630752,75.07071851127824,80.9281899936925,80.9281899936925,103.92928148872176,103.92928148872176,-23.00109149502926,23.00109149502926,0.0,-1,CbC,89.99999999999999,13.92928148872178,-0.049052745510957015,0.9110351899217487,-0.17065741862861872,0.2754250558520846,0.2754250558520846,0.4460824744807033,0.9600879354327058,0.8760824744807033,0.4904250558520846
179.5,98.07181000630752,75.13477441678876,81.4281899936925,81.4281899936925,104.36522558321124,104.36522558321124,-22.937035589518754,22.937035589518754,0.0,-1,CbC,89.99999999999999,14.365225583211263,-0.049713225986951874,0.9099404655829918,-0.1762177342747685,0.2706218779303169,0.2706218779303169,0.4468396122050854,0.9596536915699436,0.8768396122050854,0.48562187793031686
180.0,98.07181000630752,75.1987050221232,81.92818999369248,81.92818999369248,104.8012949778768,104.8012949778768,-22.8731049841843,22.8731049841843,0.0,-1,CbC,89.99999999999996,14.801294977876807,-0.050320035007993896,0.9088990661782284,-0.1817874794809821,0.2658072325427416,0.2658072325427416,0.4475947120237237,0.9592191011862222,0.8775947120237237,0.4808072325427416
180.5,98.07181000630752,75.26250716872629,82.42818999369248,82.42818999369248,105.2374928312737,105.2374928312737,-22.80930283758122,22.80930283758122,0.0,-1,CbC,89.99999999999999,15.23749283127368,-0.05087311325445593,0.907911080151391,-0.1873662130093901,0.2609815259957365,0.2609815259957365,0.4483477390051266,0.958784193405847,0.8783477390051266,0.4759815259957365
181.0,98.07181000630752,75.3261776977876,82.9281899936925,82.9281899936925,105.67382230221241,105.67382230221241,-22.745632308519912,22.745632308519912,0.0,-1,CbC,90.00000000000001,15.673822302212425,-0.05137240545076274,0.9069765921203706,-0.19295349308371681,0.2561451652463412,0.2561451652463412,0.449098658330058,0.9583489975711333,0.879098658330058,0.4711451652463412
181.5,98.07181000630752,75.38971345016097,83.4281899936925,83.4281899936925,106.11028654983905,106.11028654983905,-22.682096556146544,22.682096556146544,0.0,-1,CbC,89.99999999999999,16.110286549839046,-0.05181786037150777,0.9060956828700165,-0.19854887742617255,0.2512985578642556,0.2512985578642556,0.44984743529042814,0.9579135432415243,0.8798474352904282,0.46629855786425556
182.0,98.07181000630752,75.45311126628465,83.92818999369248,83.92818999369248,106.54688873371535,106.54688873371535,-22.61869874002286,22.61869874002286,0.0,-1,CbC,90.00000000000001,16.546888733715306,-0.052209430847266314,0.9052684293454111,-0.20415192329439383,0.24644211199378932,0.24644211199378932,0.45059403528818315,0.9574778601926774,0.8805940352881831,0.4614421119937893
182.5,98.07181000630752,75.51636798610286,84.42818999369248,84.42818999369248,106.98363201389712,106.98363201389712,-22.55544202020464,22.55544202020464,0.0,-1,CbC,90.00000000000001,16.983632013897118,-0.05254707377009742,0.9044949046454296,-0.20976218751839615,0.24157623631578976,0.24157623631578976,0.4513384238341859,0.957041978415527,0.8813384238341859,0.45657623631578975
183.0,98.07181000630752,75.57948044898762,84.92818999369248,84.92818999369248,107.42051955101236,107.42051955101236,-22.49232955731988,22.49232955731988,0.0,-1,CbC,90.00000000000001,17.420519551012365,-0.052830750098739505,0.903775178016586,-0.21537922653755773,0.23670134000953486,0.23670134000953486,0.4520805665470926,0.9566059281153255,0.8820805665470925,0.4517013400095349
183.5,98.07181000630752,75.64244549366232,85.4281899936925,85.4281899936925,107.85755450633768,107.85755450633768,-22.429364512645183,22.429364512645183,0.0,-1,CbC,90.00000000000001,17.85755450633765,-0.05306042486349656,0.9031093148471555,-0.221002596437626,0.231817832714605,0.231817832714605,0.452820429152231,0.9561697397106521,0.882820429152231,0.44681783271460496
184.0,98.07181000630752,75.70525995812567,85.9281899936925,85.9281899936925,108.29474004187433,108.29474004187433,-22.366550048181846,22.366550048181846,0.0,-1,CbC,90.00000000000003,18.294740041874316,-0.05323606717081585,0.9024973766615884,-0.22663185298774277,0.22692612449272107,0.22692612449272107,0.45355797748046384,0.9557334438324042,0.8835579774804638,0.44192612449272106
184.5,98.07181000630752,75.76792067957706,86.42818999369248,86.42818999369248,108.73207932042294,108.73207932042294,-22.303889326730452,22.303889326730452,0.0,-1,CbC,89.99999999999999,18.732079320422958,-0.0533576502075583,0.9019394211151971,-0.23226655167748342,0.22202662578957336,0.23226655167748342,0.4542931774670568,0.9552970713227554,0.8842931774670568,0.4472665516774834
185.0,98.07181000630752,75.83042449434289,86.92818999369248,86.92818999369248,109.16957550565711,109.16957550565711,-22.241385511964623,22.241385511964623,0.0,-1,CbC,90.00000000000003,19.16957550565707,-0.05342515124495633,0.9014355019891355,-0.23790624775390745,0.21712610228133303,0.23790624775390745,0.45503235003524045,0.9548606532340917,0.8850323500352404,0.4529062477539074
185.5,98.07181000630752,75.89276823780398,87.4281899936925,87.4281899936925,109.60723176219604,109.60723176219604,-22.179041768503527,22.179041768503527,0.0,-1,CbC,90.00000000000003,19.607231762196,-0.05343855164226708,0.9009856691856543,-0.2435504962586276,0.21222489616579746,0.2435504962586276,0.45577539242442505,0.9544242208279213,0.885775392424425,0.4585504962586276
186.0,98.07181000630752,75.954948744324,87.9281899936925,87.9281899936925,110.04505125567601,110.04505125567601,-22.116861261983512,22.116861261983512,0.0,-1,CbC,90.00000000000003,20.045051255676,-0.05339783685011227,0.9005899687236387,-0.24919885206487227,0.2073170997074428,0.24919885206487227,0.4565159517723151,0.953987805573751,0.8865159517723151,0.46419885206487227
186.5,98.07181000630752,76.01696284717914,88.42818999369248,88.42818999369248,110.48303715282086,110.48303715282086,-22.05484715912836,22.05484715912836,0.0,-1,CbC,89.99999999999999,20.483037152820856,-0.053302996413511716,0.900248442734436,-0.2548508699145625,0.20240312384908277,0.2548508699145625,0.4572539937636453,0.9535514391479478,0.8872539937636452,0.4698508699145625
187.0,98.07181000630752,76.07880737848889,88.92818999369248,88.92818999369248,110.92119262151111,110.92119262151111,-21.993002627818626,21.993002627818626,0.0,-1,CbC,90.00000000000001,20.921192621511068,-0.05315402397460487,0.8999611294579543,-0.26050610445538563,0.19748337972643665,0.26050610445538563,0.4579894841818223,0.9531151534325591,0.8879894841818223,0.47550610445538566
187.5,98.07181000630752,76.14047916914812,89.42818999369248,89.42818999369248,111.35952083085186,111.35952083085186,-21.931330837159386,21.931330837159386,0.0,-1,CbC,90.00000000000001,21.359520830851856,-0.05295091727506539,0.8997280632390506,-0.26616411027786635,0.19255827862988878,0.26616411027786635,0.45872238890775513,0.952678980514116,0.8887223889077551,0.4811641102778663
188.0,98.07181000630752,76.20197504876009,89.9281899936925,89.9281899936925,111.79802495123991,111.79802495123991,-21.86983495754742,21.86983495754742,0.0,-1,CbC,90.00000000000006,21.798024951239846,-0.05269367815820408,0.899549274524198,-0.27182444195243055,0.1876282319662529,0.27182444195243055,0.45945267391868344,0.9522429526824021,0.8894526739186834,0.4868244419524306
188.5,98.07181000630752,76.26329184557122,90.4281899936925,90.4281899936925,112.2367081544288,112.2367081544288,-21.8085181607363,21.8085181607363,0.0,-1,CbC,90.00000000000001,22.236708154428747,-0.05238231257076409,0.8994247898584273,-0.2774866540664637,0.18269365122053827,0.2774866540664637,0.460180305287002,0.9518071024291914,0.890180305287002,0.49248665406646375
189.0,98.07181000630752,76.32442638640622,90.92818999369248,90.92818999369248,112.67557361359378,112.67557361359378,-21.747383619901296,21.747383619901296,0.0,-1,CbC,90.00000000000001,22.675573613593766,-0.05201683056440523,0.8993546318825669,-0.2831503012613585,0.17775494791772464,0.2831503012613585,0.46090524917908315,0.9513714624469721,0.8909052491790832,0.4981503012613585
189.5,98.07181000630752,76.38537549660562,91.42818999369248,91.42818999369248,113.11462450339438,113.11462450339438,-21.686434509701897,21.686434509701897,0.0,-1,CbC,90.00000000000003,23.114624503394374,-0.0515972462968794,0.8993388193307408,-0.2888149382695398,0.17281253358455118,0.2888149382695398,0.461627471854091,0.9509360656276202,0.891627471854091,0.5038149382695398
190.0,98.07181000630752,76.44613599996381,91.9281899936925,91.9281899936925,113.55386400003619,113.55386400003619,-21.62567400634369,21.62567400634369,0.0,-1,CbC,90.00000000000001,23.553864000036146,-0.051123578032898596,0.8993773670281581,-0.2944801199514815,0.16786681971131692,0.2944801199514815,0.4623469396627984,0.9505009450610566,0.8923469396627983,0.5094801199514815
190.5,98.07181000630752,76.50670471866879,92.4281899936925,92.4281899936925,113.99329528133123,113.99329528133123,-21.565105287638733,21.565105287638733,0.0,-1,CbC,89.99999999999996,23.993295281331264,-0.05059584814469,0.8994702858891849,-0.300145401332698,0.16291821771369908,0.300145401332698,0.4630636190463971,0.9500661340338749,0.8930636190463971,0.515145401332698
191.0,98.07181000630752,76.56707847324293,92.92818999369248,92.92818999369248,114.43292152675707,114.43292152675707,-21.504731533064582,21.504731533064582,0.0,-1,CbC,89.99999999999999,24.432921526757102,-0.050014083112244985,0.8996175829156866,-0.3058103376407069,0.15796713889459826,0.3058103376407069,0.4637774765353052,0.9496316660279316,0.8937774765353053,0.5208103376407069
191.5,98.07181000630752,76.62725408248582,93.42818999369248,93.42818999369248,114.87274591751417,114.87274591751417,-21.444555923821696,21.444555923821696,2.220446049250313e-16,-1,CbC,89.99999999999999,24.872745917514187,-0.049378313523260095,0.8998192611956467,-0.31147448434197367,0.15301399440599808,0.31147448434197367,0.4644884787479717,0.9491975747189068,0.8944884787479717,0.5264744843419736
192.0,98.07181000630752,76.68722836341779,93.9281899936925,93.9281899936925,115.31277163658221,115.31277163658221,-21.384581642889717,21.384581642889717,2.220446049250313e-16,-1,CbC,90.00000000000001,25.312771636582205,-0.048688574072764675,0.9000753199020782,-0.31713739717881917,0.148059195210861,0.31713739717881917,0.46519659238968014,0.948763893974843,0.8951965923896801,0.5321373971788191
192.5,98.07181000630752,76.74699813122545,94.4281899936925,94.4281899936925,115.75300186877458,115.75300186877458,-21.324811875082066,21.324811875082066,-2.220446049250313e-16,-1,CbC,89.99999999999999,25.753001868774597,-0.0479449035624463,0.9003857542921914,-0.32279863220629407,0.143111024134424,0.32279863220629407,0.46590965634071807,0.9483306578546377,0.8959096563407181,0.5377986322062941
193.0,98.07181000630752,76.80656019920823,94.9281899936925,94.9281899936925,116.19343980079178,116.19343980079178,-21.265249807099277,21.265249807099277,0.0,-1,CbC,90.00000000000003,26.19343980079174,-0.047147344899663345,0.9007505557068518,-0.32845774582901766,0.1381662243206367,0.32845774582901766,0.46662397014965434,0.9478979006065151,0.8966239701496543,0.5434577458290176
193.5,98.07181000630752,76.86591137872708,95.42818999369248,95.42818999369248,116.63408862127291,116.63408862127291,-21.20589862758044,21.20589862758044,2.220446049250313e-16,-1,CbC,89.99999999999999,26.63408862127291,-0.04629594509615174,0.9011697115703097,-0.33411429483798055,0.13322095839314005,0.33411429483798055,0.4673352532311206,0.9474656566664614,0.8973352532311205,0.5491142948379806
194.0,98.07181000630752,76.92504847915392,95.92818999369248,95.92818999369248,117.07495152084606,117.07495152084606,-21.146761527153593,21.146761527153593,2.220446049250313e-16,-1,CbC,90.00000000000001,27.074951520846056,-0.04539075526642313,0.9016432053902032,-0.3397678364472964,0.12827563551885818,0.3397678364472964,0.4680434719661546,0.9470339606566263,0.8980434719661545,0.5547678364472964
194.5,98.07181000630752,76.98396830782357,96.4281899936925,96.4281899936925,117.51603169217645,117.51603169217645,-21.087841698483942,21.087841698483942,-2.220446049250313e-16,-1,CbC,90.00000000000001,27.51603169217642,-0.044431830625857933,0.9021710167578342,-0.3454179283309121,0.1233306644855573,0.3454179283309121,0.4687485928164694,0.9466028473836922,0.8987485928164693,0.5604179283309121
195.0,98.07181000630752,77.04266766998656,96.9281899936925,96.9281899936925,117.95733233001346,117.95733233001346,-21.029142336320955,21.029142336320955,-2.220446049250313e-16,-1,CbC,89.99999999999999,27.957332330013426,-0.043419230488488024,0.9027531213487204,-0.35106412865926817,0.1183864536639689,0.35106412865926817,0.46945058232323705,0.9461723518372085,0.899450582323237,0.5660641286592681
195.5,98.07181000630752,77.1011433687638,97.42818999369248,97.42818999369248,118.39885663123621,118.39885663123621,-20.970666637543708,20.970666637543708,-2.220446049250313e-16,-1,CbC,89.99999999999999,28.398856631236193,-0.04235301826447598,0.9033894909234184,-0.3567059961359089,0.11344341096995893,0.3567059961359089,0.47014940710586783,0.9457425091878944,0.9001494071058678,0.5717059961359089
196.0,98.07181000630752,77.15939220510334,97.92818999369248,97.92818999369248,118.84060779489667,118.84060779489667,-20.912417801204167,20.912417801204167,-2.220446049250313e-16,-1,CbC,89.99999999999999,28.840607794896684,-0.04123326145728608,0.9040800933286179,-0.36234309003402876,0.108501943826762,0.36234309003402876,0.47084503386079074,0.9453133547859041,0.9008450338607907,0.5773430900340287
196.5,98.07181000630752,77.21741097773811,98.4281899936925,98.4281899936925,119.28258902226189,119.28258902226189,-20.8543990285694,20.8543990285694,2.220446049250313e-16,-1,CbC,90.00000000000001,29.282589022261867,-0.040060031660551665,0.9048248924985046,-0.36797497023296916,0.10356245912726006,0.36797497023296916,0.47153742936022924,0.9448849241590562,0.9015374293602292,0.5829749702329692
197.0,98.07181000630752,77.2751964831462,98.9281899936925,98.9281899936925,119.7248035168538,119.7248035168538,-20.796613523161305,20.796613523161305,2.220446049250313e-16,-1,CbC,89.99999999999999,29.724803516853818,-0.03883340455463394,0.9056238484563965,-0.373601197254648,0.09862536319633067,0.373601197254648,0.47222656045097866,0.9444572530110305,0.9022265604509787,0.588601197254648
197.5,98.07181000630752,77.33274551551216,99.4281899936925,99.4281899936925,120.16725448448786,120.16725448448786,-20.739064490795357,20.739064490795357,0.0,-1,CbC,90.00000000000003,30.167254484487852,-0.037553459902880594,0.906476917316645,-0.3792213322999232,0.09369106175325957,0.3792213322999232,0.4729123940531828,0.9440303772195257,0.9029123940531828,0.5942213322999232
198.0,98.07181000630752,77.39005486669082,99.92818999369248,99.92818999369248,120.6099451333092,120.6099451333092,-20.681755139616698,20.681755139616698,-2.220446049250313e-16,-1,CbC,89.99999999999999,30.609945133309186,-0.03622028154757483,0.9073840512868068,-0.38483493728489004,0.08875995987421388,0.38483493728489004,0.4735948971591039,0.9436043328343816,0.9035948971591039,0.59983493728489
198.5,98.07181000630752,77.44712132617236,100.42818999369248,100.42818999369248,121.05287867382762,121.05287867382762,-20.624688680135147,20.624688680135147,2.220446049250313e-16,-1,CbC,89.99999999999999,31.052878673827596,-0.034833957405585016,0.9083451986700796,-0.3904415748771066,0.08383246195479593,0.3904415748771066,0.47427403683190256,0.9431791560756646,0.9042740368319026,0.6054415748771066
199.0,98.07181000630752,77.50394168104992,100.9281899936925,100.9281899936925,121.4960583189501,121.4960583189501,-20.56786832525759,20.56786832525759,-2.220446049250313e-16,-1,CbC,89.99999999999996,31.496058318950137,-0.03339457946370788,0.9093603038680033,-0.39604080853174206,0.07890897167266336,0.39604080853174206,0.4749497802044054,0.9427548833317111,0.9049497802044054,0.611040808531742
199.5,98.07181000630752,77.56051271598827,101.4281899936925,101.4281899936925,121.93948728401176,121.93948728401176,-20.51129729031925,20.51129729031925,-2.220446049250313e-16,-1,CbC,89.99999999999999,31.93948728401175,-0.031902243773713,0.9104293073834302,-0.40163220252764675,0.0739898919502347,0.40163220252764675,0.47562209447788145,0.9423315511571432,0.9056220944778814,0.6166322025276467
200.0,98.07181000630752,77.61683121319547,101.92818999369248,101.92818999369248,122.38316878680453,122.38316878680453,-20.454978793112048,20.454978793112048,2.220446049250313e-16,-1,CbC,90.00000000000001,32.38316878680449,-0.030357050447078295,0.9115521458237505,-0.4072153220033441,0.06907562491746935,0.4072153220033441,0.4762909469208134,0.9419091962708288,0.9062909469208134,0.6222153220033441
200.5,98.07181000630752,77.67289395239573,102.42818999369248,102.42818999369248,122.82710604760425,122.82710604760425,-20.39891605391178,20.39891605391178,2.220446049250313e-16,-1,CbC,90.00000000000001,32.82710604760424,-0.028759103649431753,0.9127287519043867,-0.41278973299293575,0.06417785134278578,0.41278973299293575,0.4769675843357215,0.9414878555538185,0.9069675843357214,0.6277897329929357
201.0,98.07181000630752,77.72869771080468,102.9281899936925,102.9281899936925,123.27130228919535,123.27130228919535,-20.343112295502827,20.343112295502827,-2.220446049250313e-16,-1,CbC,89.99999999999999,33.27130228919535,-0.027108511594687426,0.9139590544525477,-0.41835500246191576,0.059285727534118225,0.41835500246191576,0.47764072999603396,0.9410675660472351,0.907640729996034,0.6333550024619158
201.5,98.07181000630752,77.7842392631065,103.4281899936925,103.4281899936925,123.71576073689351,123.71576073689351,-20.28757074320101,20.28757074320101,-2.220446049250313e-16,-1,CbC,90.00000000000001,33.715760736893465,-0.025405386538882354,0.9152429784112389,-0.4239106983428972,0.05439956449300533,0.4239106983428972,0.4783102628359025,0.9406483649501213,0.9083102628359025,0.6389106983428972
202.0,98.07181000630752,77.83951538143373,103.9281899936925,103.9281899936925,124.16048461856627,124.16048461856627,-20.232294624873784,20.232294624873784,0.0,-1,CbC,90.00000000000003,34.16048461856625,-0.02364984477371398,0.9165804448435347,-0.42945638957124616,0.049519760144468884,0.42945638957124616,0.47897614971571506,0.9402302896172487,0.908976149715715,0.6444563895712462
202.5,98.07181000630752,77.89452283534835,104.42818999369248,104.42818999369248,124.60547716465166,124.60547716465166,-20.177287170959154,20.177287170959154,-2.220446049250313e-16,-1,CbC,90.00000000000001,34.60547716465163,-0.021842006619779624,0.9179713709371046,-0.43499164612061186,0.044646711436117446,0.43499164612061186,0.4796383575567293,0.9398133775568842,0.9096383575567293,0.6499916461206119
203.0,98.07181000630752,77.94925839182588,104.92818999369248,104.92818999369248,125.05074160817412,125.05074160817412,-20.12255161448163,20.12255161448163,-2.220446049250313e-16,-1,CbC,90.00000000000001,35.0507416081741,-0.019981996419515948,0.9194156700090025,-0.4405160390383602,0.03978081430149118,0.4405160390383602,0.48029685333985134,0.9393976664285184,0.9102968533398513,0.6555160390383602
203.5,98.07181000630752,78.00371881524129,105.4281899936925,105.4281899936925,125.49628118475873,125.49628118475873,-20.068091191066216,20.068091191066216,-2.220446049250313e-16,-1,CbC,90.00000000000001,35.49628118475871,-0.018069942529841277,0.9209132515106998,-0.44602914048090236,0.03492246362351128,0.44602914048090236,0.4809516041044136,0.9389831940405411,0.9109516041044137,0.6610291404809023
204.0,98.07181000630752,78.05790086735732,105.9281899936925,105.9281899936925,125.9420991326427,125.9420991326427,-20.01390913895019,20.01390913895019,-2.220446049250313e-16,-1,CbC,90.00000000000001,35.942099132642674,-0.016105977314504447,0.9224640210333799,-0.4515305237489151,0.030072053198039947,0.4515305237489151,0.4816025769469551,0.9385699983478843,0.9116025769469551,0.6665305237489151
204.5,98.07181000630752,78.1118013073152,106.42818999369248,106.42818999369248,126.38819869268478,126.38819869268478,-19.960008698992308,19.960008698992308,2.220446049250313e-16,-1,CbC,90.00000000000001,36.38819869268478,-0.014090237136133143,0.9240678803134822,-0.45701976332245026,0.02522997569755466,0.45701976332245026,0.4822497390200049,0.9381581174496153,0.9122497390200048,0.6720197633224503
205.0,98.07181000630752,78.16541689162754,106.92818999369248,106.92818999369248,126.83458310837247,126.83458310837247,-19.90639311467997,19.90639311467997,-2.220446049250313e-16,-1,CbC,90.00000000000001,36.83458310837242,-0.012022862347990269,0.9257247272384944,-0.46249643489593223,0.02039662263493453,0.46249643489593223,0.48289305753086675,0.9377475895864846,0.9128930575308667,0.6774964348959323
205.5,98.07181000630752,78.21874437417402,107.4281899936925,107.4281899936925,127.281255625826,127.281255625826,-19.853065632133497,19.853065632133497,-2.220446049250313e-16,-1,CbC,89.99999999999999,37.281255625826034,-0.009903997285433466,0.9274344558529981,-0.46796011541303506,0.015572384327375802,0.46796011541303506,0.48353249974041085,0.9373384531384316,0.9135324997404108,0.682960115413035
206.0,98.07181000630752,78.27178050619895,107.9281899936925,107.9281899936925,127.72821949380106,127.72821949380106,-19.800029500108565,19.800029500108565,0.0,-1,CbC,90.00000000000003,37.72821949380103,-0.007733790257086159,0.9291969563649571,-0.4734103831014378,0.010757649860424727,0.4734103831014378,0.4841680329618625,0.9369307466220433,0.9141680329618624,0.6884103831014378
206.5,98.07181000630752,78.32452203631219,108.4281899936925,108.4281899936925,128.1754779636878,128.1754779636878,-19.747287969995313,19.747287969995313,0.0,-1,CbC,90.00000000000003,38.17547796368775,-0.0055123935357096416,0.9310121151522522,-0.478846817507464,0.005952807052137767,0.478846817507464,0.48479962455960174,0.9365245086879619,0.9147996245596017,0.693846817507464
207.0,98.07181000630752,78.37696571049176,108.92818999369248,108.92818999369248,128.62303428950824,128.62303428950824,-19.69484429581575,19.69484429581575,0.0,-1,CbC,90.00000000000003,38.62303428950822,-0.003239963348788257,0.9328798147694669,-0.4842689995305852,0.0011582424173764434,0.4842689995305852,0.48542724194796166,0.9361197781182552,0.9154272419479617,0.6992689995305852
207.5,98.07181000630752,78.4291082720896,109.42818999369248,109.42818999369248,129.0708917279104,129.0708917279104,-19.642701734217912,19.642701734217912,0.0,-1,CbC,90.00000000000003,39.07089172791039,-0.0009166598688213443,0.9347999339549078,-0.4896765114577955,1.0992238924063297e-16,0.4896765114577955,0.4896765114577956,0.9357165938237292,0.9196765114577956,0.7046765114577955
208.0,98.07181000630752,78.48094646183988,109.9281899936925,109.9281899936925,129.51905353816014,129.51905353816014,-19.590863544467634,19.590863544467634,0.0,-1,CbC,90.00000000000003,39.51905353816008,1.5589098361004953e-17,0.9367723476378694,-0.4950689369978557,1.0992238924063297e-16,0.4950689369978557,0.4950689369978558,0.9367723476378694,0.9250689369978558,0.7100689369978557
208.5,98.07181000630752,78.53247701786997,110.4281899936925,110.4281899936925,129.96752298213002,129.96752298213002,-19.53933298843754,19.53933298843754,2.220446049250313e-16,-1,CbC,89.99999999999996,39.96752298213005,1.5589098361004953e-17,0.9387969269461384,-0.5004458613154005,1.0992238924063297e-16,0.5004458613154005,0.5004458613154006,0.9387969269461384,0.9304458613154005,0.7154458613154004
209.0,98.07181000630752,78.58369667571408,110.92818999369248,110.92818999369248,130.41630332428593,130.41630332428593,-19.488113330593436,19.488113330593436,-2.220446049250313e-16,-1,CbC,89.99999999999996,40.41630332428597,7.794549180502477e-18,0.9408735392137404,-0.5058068710648987,5.4961194620316486e-17,0.5058068710648987,0.5058068710648987,0.9408735392137404,0.9358068710648988,0.7208068710648987
209.5,98.07181000630752,78.63460216832992,111.42818999369248,111.42818999369248,130.86539783167007,130.86539783167007,-19.437207837977585,19.437207837977585,2.220446049250313e-16,-1,CbC,90.00000000000001,40.86539783167003,1.5589098361004953e-17,0.9430020479889133,-0.5111515544244774,1.0992238924063297e-16,0.5111515544244774,0.5111515544244775,0.9430020479889133,0.9411515544244775,0.7261515544244773
210.0,98.07181000630752,78.6851902261183,111.9281899936925,111.9281899936925,131.3148097738817,131.3148097738817,-19.386619780189214,19.386619780189214,2.220446049250313e-16,-1,CbC,89.99999999999999,41.314809773881734,-9.433329087962803e-17,0.9451823130423234,-0.5164795011295971,1.2551148760163792e-16,0.5164795011295971,0.5164795011295972,0.9451823130423235,0.9464795011295972,0.731479501129597
210.5,98.07181000630752,78.7354575769449,112.4281899936925,112.4281899936925,131.7645424230551,131.7645424230551,-19.336352429362613,19.336352429362613,0.0,-1,CbC,90.00000000000003,41.76454242305511,7.794549180502477e-18,0.947414190375515,-0.5217903025065709,5.4961194620316486e-17,0.5217903025065709,0.5217903025065709,0.947414190375515,0.9517903025065708,0.7367903025065708
211.0,98.07181000630752,78.78540094616626,112.9281899936925,112.9281899936925,132.21459905383372,132.21459905383372,-19.286409060141242,19.286409060141242,2.220446049250313e-16,-1,CbC,89.99999999999996,42.21459905383376,7.794549180502477e-18,0.9496975322295803,-0.5270835515059381,5.4961194620316486e-17,0.5270835515059381,0.5270835515059381,0.9496975322295803,0.9570835515059382,0.7420835515059381
211.5,98.07181000630752,78.83501705665749,113.42818999369248,113.42818999369248,132.6649829433425,132.6649829433425,-19.236792949650017,19.236792949650017,2.220446049250313e-16,-1,CbC,89.99999999999999,42.66498294334247,1.5589098361004953e-17,0.9520321870940801,-0.5323588427356771,1.0992238924063297e-16,0.5323588427356771,0.5323588427356772,0.9520321870940801,0.9623588427356773,0.7473588427356771
212.0,98.07181000630752,78.88430262884414,113.92818999369248,113.92818999369248,133.11569737115585,133.11569737115585,-19.187507377463373,19.187507377463373,2.220446049250313e-16,-1,CbC,90.00000000000001,43.11569737115582,-9.433329087962803e-17,0.9544179997161648,-0.5376157724942566,1.2551148760163792e-16,0.5376157724942566,0.5376157724942567,0.9544179997161649,0.9676157724942567,0.7526157724942566
212.5,98.07181000630752,78.93325438073641,114.4281899936925,114.4281899936925,133.56674561926357,133.56674561926357,-19.13855562557109,19.13855562557109,2.220446049250313e-16,-1,CbC,90.00000000000001,43.56674561926358,-1.0212784006013049e-16,0.9568548111099453,-0.5428539388035252,7.055029298132144e-17,0.5428539388035252,0.5428539388035253,0.9568548111099454,0.9728539388035253,0.7578539388035251
213.0,98.07181000630752,78.98186902796704,114.9281899936925,114.9281899936925,134.01813097203296,134.01813097203296,-19.08994097834048,19.08994097834048,0.0,-1,CbC,90.00000000000003,44.01813097203293,1.5589098361004953e-17,0.9593424585660744,-0.5480729414414311,1.0992238924063297e-16,0.5480729414414311,0.5480729414414313,0.9593424585660744,0.9780729414414313,0.7630729414414311
213.5,98.07181000630752,79.03014328383213,115.42818999369248,115.42818999369248,134.46985671616787,134.46985671616787,-19.041666722475384,19.041666722475384,0.0,-1,CbC,90.00000000000001,44.46985671616786,-9.433329087962803e-17,0.9618807756615543,-0.5532723819745798,1.2551148760163792e-16,0.5532723819745798,0.55327238197458,0.9618807756615544,0.9832723819745799,0.7682723819745798
214.0,98.07181000630752,79.07807385933553,115.92818999369248,115.92818999369248,134.92192614066448,134.92192614066448,-18.993736146971973,18.993736146971973,-4.440892098500626e-16,-1,CbC,89.99999999999999,44.92192614066449,-9.433329087962803e-17,0.9644695922697674,-0.5584518637906059,1.2551148760163792e-16,0.5584518637906059,0.558451863790606,0.9644695922697675,0.9884518637906059,0.7734518637906058
214.5,98.07181000630752,79.12565746323638,116.4281899936925,116.4281899936925,135.37434253676363,135.37434253676363,-18.94615254307113,18.94615254307113,0.0,-1,CbC,90.00000000000003,45.374342536763585,1.5589098361004953e-17,0.9671087345707199,-0.5636109921303754,1.0992238924063297e-16,0.5636109921303754,0.5636109921303755,0.9671087345707199,0.9936109921303755,0.7786109921303753
215.0,98.07181000630752,79.1728908021003,116.9281899936925,116.9281899936925,135.82710919789972,135.82710919789972,-18.898919204207218,18.898919204207218,0.0,-1,CbC,89.99999999999999,45.82710919789972,-1.0212784006013049e-16,0.9697980250615056,-0.568749374120011,7.055029298132144e-17,0.568749374120011,0.5687493741200111,0.9697980250615057,0.9987493741200111,0.783749374120011
215.5,98.07181000630752,79.2197705803536,117.4281899936925,117.4281899936925,136.2802294196464,136.2802294196464,-18.852039425953908,18.852039425953908,4.440892098500626e-16,-1,CbC,90.00000000000001,46.280229419646396,1.5589098361004953e-17,0.9725372825669855,-0.5738666188027225,1.0992238924063297e-16,0.5738666188027225,0.5738666188027226,0.9725372825669855,1.0038666188027225,0.7888666188027225
216.0,98.07181000630752,79.26629350034177,117.92818999369248,117.92818999369248,136.7337064996582,136.7337064996582,-18.805516505965734,18.805516505965734,0.0,-1,CbC,90.00000000000006,46.73370649965816,-1.0212784006013049e-16,0.9753263222506766,-0.5789623371704614,7.055029298132144e-17,0.5789623371704614,0.5789623371704615,0.9753263222506767,1.0089623371704615,0.7939623371704614
216.5,98.07181000630752,79.31245626239095,118.42818999369248,118.42818999369248,137.18754373760905,137.18754373760905,-18.759353743916567,18.759353743916567,0.0,-1,CbC,90.00000000000003,47.187543737609005,7.794549180502477e-18,0.9781649556258554,-0.5840361421953797,5.4961194620316486e-17,0.5840361421953797,0.5840361421953797,0.9781649556258554,1.0140361421953796,0.7990361421953797
217.0,98.07181000630752,79.3582555648731,118.9281899936925,118.9281899936925,137.64174443512692,137.64174443512692,-18.7135544414344,18.7135544414344,-4.440892098500626e-16,-1,CbC,90.00000000000001,47.641744435126895,-1.0992238924063297e-16,0.9810529905668678,-0.5890876488610954,1.5589098361004953e-17,0.5890876488610954,0.5890876488610954,0.9810529905668679,1.0190876488610954,0.8040876488610954
217.5,98.07181000630752,79.40368810427552,119.4281899936925,119.4281899936925,138.0963118957245,138.0963118957245,-18.668121902031995,18.668121902031995,0.0,-1,CbC,89.99999999999999,48.09631189572448,7.794549180502477e-18,0.9839902313206447,-0.5941164741937591,5.4961194620316486e-17,0.5941164741937591,0.5941164741937591,0.9839902313206447,1.0241164741937592,0.8091164741937591
218.0,98.07181000630752,79.44875057527328,119.92818999369248,119.92818999369248,138.5512494247267,138.5512494247267,-18.623059431034225,18.623059431034225,4.440892098500626e-16,-1,CbC,89.99999999999999,48.55124942472669,0.0,0.9869764785184275,-0.5991222372929285,0.0,0.5991222372929285,0.5991222372929285,0.9869764785184275,1.0291222372929285,0.8141222372929284
218.5,98.07181000630752,79.49343967080632,120.42818999369248,120.42818999369248,139.00656032919366,139.00656032919366,-18.578370335501187,18.578370335501187,0.0,-1,CbC,90.00000000000001,49.00656032919365,7.794549180502477e-18,0.9900115291876923,-0.6041045593622278,5.4961194620316486e-17,0.6041045593622278,0.6041045593622278,0.9900115291876923,1.0341045593622278,0.8191045593622278
219.0,98.07181000630752,79.53775208216003,120.9281899936925,120.9281899936925,139.46224791783996,139.46224791783996,-18.53405792414748,18.53405792414748,0.0,-1,CbC,89.99999999999999,49.462247917839996,7.794549180502477e-18,0.9930951767642743,-0.6090630637398081,5.4961194620316486e-17,0.6090630637398081,0.6090630637398081,0.9930951767642743,1.0390630637398082,0.8240630637398081
219.5,98.07181000630752,79.58168449904971,121.4281899936925,121.4281899936925,139.91831550095029,139.91831550095029,-18.49012550725779,18.49012550725779,0.0,-1,CbC,90.00000000000003,49.91831550095024,7.794549180502477e-18,0.9962272111046941,-0.6139973759285924,5.4961194620316486e-17,0.6139973759285924,0.6139973759285924,0.9962272111046941,1.0439973759285923,0.8289973759285924
220.0,98.07181000630752,79.62523360970977,121.9281899936925,121.9281899936925,140.37476639029023,140.37476639029023,-18.44657639659775,18.44657639659775,0.0,-1,CbC,89.99999999999996,50.37476639029026,7.794549180502477e-18,0.9994074184986793,-0.618907123626314,5.4961194620316486e-17,0.618907123626314,0.618907123626314,0.9994074184986793,1.0489071236263139,0.8339071236263139
220.5,98.07181000630752,79.66839610098606,122.42818999369248,122.42818999369248,140.83160389901394,140.83160389901394,-18.403413905321454,18.403413905321454,-4.440892098500626e-16,-1,CbC,90.00000000000001,50.831603899013956,-1.0992238924063297e-16,1.0026355816818855,-0.6237919367553268,1.5589098361004953e-17,0.6237919367553268,0.6237919367553268,1.0026355816818855,1.0537919367553268,0.8387919367553268
221.0,98.07181000630752,79.71116865843348,122.92818999369248,122.92818999369248,141.28883134156652,141.28883134156652,-18.360641347874026,18.360641347874026,0.0,-1,CbC,90.00000000000003,51.2888313415665,-1.0212784006013049e-16,1.0059114798487958,-0.628651447492205,7.055029298132144e-17,0.628651447492205,0.6286514474922051,1.0059114798487958,1.058651447492205,0.843651447492205
221.5,98.07181000630752,79.75354796641706,123.4281899936925,123.4281899936925,141.74645203358295,141.74645203358295,-18.318262039890456,18.318262039890456,0.0,-1,CbC,90.00000000000001,51.74645203358292,1.5589098361004953e-17,1.0092348886658296,-0.6334852902971153,1.0992238924063297e-16,0.6334852902971153,0.6334852902971154,1.0092348886658296,1.0634852902971155,0.8484852902971153
222.0,98.07181000630752,79.79553070821773,123.9281899936925,123.9281899936925,142.2044692917823,142.2044692917823,-18.276279298089793,18.276279298089793,-4.440892098500626e-16,-1,CbC,90.00000000000001,52.20446929178228,-1.0212784006013049e-16,1.012605580284627,-0.6382931019429601,7.055029298132144e-17,0.6382931019429601,0.6382931019429602,1.012605580284627,1.0682931019429602,0.85329310194296
222.5,98.07181000630752,79.83711356614246,124.42818999369248,124.42818999369248,142.66288643385752,142.66288643385752,-18.23469644016505,18.23469644016505,4.440892098500626e-16,-1,CbC,90.00000000000001,52.662886433857516,1.5589098361004953e-17,1.016023323355525,-0.6430745215442923,1.0992238924063297e-16,0.6430745215442923,0.6430745215442925,1.016023323355525,1.0730745215442925,0.8580745215442923
223.0,98.07181000630752,79.87829322163897,124.92818999369248,124.92818999369248,143.12170677836102,143.12170677836102,-18.19351678466853,18.19351678466853,0.0,-1,CbC,90.00000000000003,53.121706778360966,0.0,1.019487883041215,-0.6478291905859969,0.0,0.6478291905859969,0.6478291905859969,1.019487883041215,1.077829190585997,0.8628291905859968
223.5,98.07181000630752,79.91906635541493,125.4281899936925,125.4281899936925,143.5809336445851,143.5809336445851,-18.152743650892585,18.152743650892585,4.440892098500626e-16,-1,CbC,89.99999999999999,53.580933644585116,1.5589098361004953e-17,1.0229990210305875,-0.6525567529517344,1.0992238924063297e-16,0.6525567529517344,0.6525567529517345,1.0229990210305875,1.0825567529517346,0.8675567529517344
224.0,98.07181000630752,79.95942964756156,125.9281899936925,125.9281899936925,144.04057035243844,144.04057035243844,-18.11238035874595,18.11238035874595,0.0,-1,CbC,90.00000000000003,54.040570352438415,9.433329087962803e-17,1.0265564955527497,-0.6572568549521409,-1.2551148760163792e-16,0.6572568549521409,0.6572568549521408,1.0265564955527497,1.0872568549521409,0.8722568549521409
224.5,98.07181000630752,79.99937977768273,126.4281899936925,126.4281899936925,144.50062022231728,144.50062022231728,-18.072430228624786,18.072430228624786,0.0,-1,CbC,90.00000000000001,54.50062022231724,9.433329087962803e-17,1.0301600613912263,-0.6619291453527901,-1.2551148760163792e-16,0.6619291453527901,0.66192914535279,1.0301600613912263,1.09192914535279,0.8769291453527901
225.0,98.07181000630752,80.0389134250278,126.92818999369248,126.92818999369248,144.9610865749722,144.9610865749722,-18.03289658127971,18.03289658127971,0.0,-1,CbC,90.00000000000001,54.96108657497217,9.433329087962803e-17,1.03380946989834,-0.6665732754019043,-1.2551148760163792e-16,0.6665732754019043,0.6665732754019041,1.03380946989834,1.0965732754019042,0.8815732754019042
225.5,98.07181000630752,80.07802726863027,127.42818999369248,127.42818999369248,145.42197273136975,145.42197273136975,-17.99378273767725,17.99378273767725,-4.440892098500626e-16,-1,CbC,90.00000000000001,55.421972731369735,-1.0992238924063297e-16,1.037504469009753,-0.6711888988578137,1.5589098361004953e-17,0.6711888988578137,0.6711888988578137,1.037504469009753,1.1011888988578138,0.8861888988578137
226.0,98.07181000630752,80.1167179874507,127.9281899936925,127.9281899936925,145.88328201254933,145.88328201254933,-17.95509201885682,17.95509201885682,-4.440892098500626e-16,-1,CbC,90.00000000000001,55.883282012549266,-1.0992238924063297e-16,1.0412448032591932,-0.6757756720161645,1.5589098361004953e-17,0.6757756720161645,0.6757756720161645,1.0412448032591932,1.1057756720161644,0.8907756720161645
226.5,98.07181000630752,80.1549822605252,128.42818999369248,128.42818999369248,146.34501773947483,146.34501773947483,-17.916827745782303,17.916827745782303,0.0,-1,CbC,90.00000000000001,56.34501773947479,-1.0992238924063297e-16,1.0450302137933443,-0.6803332537368711,1.5589098361004953e-17,0.6803332537368711,0.6803332537368711,1.0450302137933443,1.110333253736871,0.8953332537368711
227.0,98.07181000630752,80.19281676711864,128.92818999369248,128.92818999369248,146.80718323288133,146.80718323288133,-17.878993239188866,17.878993239188866,4.440892098500626e-16,-1,CbC,89.99999999999999,56.80718323288138,1.5589098361004953e-17,1.0488604383869045,-0.6848613054708005,1.0992238924063297e-16,0.6848613054708005,0.6848613054708006,1.0488604383869045,1.1148613054708005,0.8998613054708005
227.5,98.07181000630752,80.23021818688322,129.42818999369248,129.42818999369248,147.26978181311677,147.26978181311677,-17.841591819424295,17.841591819424295,0.0,-1,CbC,90.00000000000001,57.26978181311676,-9.433329087962803e-17,1.0527352114578068,-0.6893594912862019,1.2551148760163792e-16,0.6893594912862019,0.689359491286202,1.0527352114578068,1.119359491286202,0.9043594912862019
228.0,98.07181000630752,80.26718320002239,129.9281899936925,129.9281899936925,147.73281679997763,147.73281679997763,-17.804626806285125,17.804626806285125,0.0,-1,CbC,90.00000000000003,57.732816799977606,-3.9372096259311533e-17,1.0566542640826118,-0.6938274778948638,1.1771693842113545e-16,0.6938274778948638,0.6938274778948639,1.0566542640826118,1.1238274778948638,0.9088274778948637
228.5,98.07181000630752,80.30370848745996,130.4281899936925,130.4281899936925,148.19629151254003,148.19629151254003,-17.768101518847548,17.768101518847548,4.440892098500626e-16,-1,CbC,90.00000000000006,58.19629151253999,-1.0992238924063297e-16,1.060617324012051,-0.6982649346780009,1.5589098361004953e-17,0.6982649346780009,0.6982649346780009,1.060617324012051,1.128264934678001,0.9132649346780009
229.0,98.07181000630752,80.33979073101497,130.92818999369248,130.92818999369248,148.66020926898503,148.66020926898503,-17.73201927529254,17.73201927529254,0.0,-1,CbC,90.00000000000003,58.66020926898501,-3.9372096259311533e-17,1.064624115686737,-0.7026715337118675,1.1771693842113545e-16,0.7026715337118675,0.7026715337118676,1.064624115686737,1.1326715337118676,0.9176715337118675
229.5,98.07181000630752,80.3754266135814,131.4281899936925,131.4281899936925,149.12457338641863,149.12457338641863,-17.69638339272612,17.69638339272612,0.0,-1,CbC,90.00000000000001,59.124573386418604,1.5589098361004953e-17,1.0686743602530293,-0.7070469497930969,1.0992238924063297e-16,0.7070469497930969,0.707046949793097,1.0686743602530293,1.137046949793097,0.9220469497930969
230.0,98.07181000630752,80.41061281931438,131.92818999369248,131.92818999369248,149.5893871806856,149.5893871806856,-17.661197186993125,17.661197186993125,0.0,-1,CbC,90.00000000000003,59.58938718068557,-3.9372096259311533e-17,1.0727677755790503,-0.711390860463754,1.1771693842113545e-16,0.711390860463754,0.7113908604637541,1.0727677755790503,1.1413908604637542,0.926390860463754
230.5,98.07181000630752,80.44534603382161,132.4281899936925,132.4281899936925,150.0546539661784,150.0546539661784,-17.626463972485908,17.626463972485908,0.0,-1,CbC,90.00000000000001,60.054653966178414,-5.4961194620316486e-17,1.0769040762708624,-0.7157029460361121,7.794549180502477e-18,0.7157029460361121,0.7157029460361121,1.0769040762708624,1.1457029460361121,0.930702946036112
231.0,98.07181000630752,80.47962294436043,132.92818999369248,132.92818999369248,150.52037705563956,150.52037705563956,-17.592187061947087,17.592187061947087,0.0,-1,CbC,89.99999999999996,60.52037705563957,-3.9372096259311533e-17,1.0810829736887888,-0.7199828896171323,1.1771693842113545e-16,0.7199828896171323,0.7199828896171324,1.0810829736887888,1.1499828896171325,0.9349828896171323
231.5,98.07181000630752,80.51344024004118,133.42818999369248,133.42818999369248,150.98655975995882,150.98655975995882,-17.558369766266335,17.558369766266335,0.0,-1,CbC,89.99999999999999,60.98655975995885,0.0,1.0853041759638897,-0.7242303771326658,0.0,0.7242303771326658,0.7242303771326658,1.0853041759638897,1.1542303771326659,0.9392303771326658
232.0,98.07181000630752,80.54679461203624,133.9281899936925,133.9281899936925,151.45320538796378,151.45320538796378,-17.52501539427128,17.52501539427128,0.0,-1,CbC,90.00000000000001,61.45320538796376,-3.9372096259311533e-17,1.089567388014576,-0.7284450973513488,1.1771693842113545e-16,0.7284450973513488,0.7284450973513489,1.089567388014576,1.158445097351349,0.9434450973513487
232.5,98.07181000630752,80.57968275379515,134.42818999369248,134.42818999369248,151.92031724620483,151.92031724620483,-17.49212725251236,17.49212725251236,0.0,-1,CbC,90.00000000000001,61.9203172462048,0.0,1.0938723115633822,-0.732626741908213,0.0,0.732626741908213,0.732626741908213,1.0938723115633822,1.162626741908213,0.9476267419082129
233.0,98.07181000630752,80.61210136126599,134.9281899936925,134.9281899936925,152.38789863873401,152.38789863873401,-17.459708645041527,17.459708645041527,0.0,-1,CbC,90.00000000000003,62.387898638734,-5.4961194620316486e-17,1.098218645153871,-0.7367750053279872,7.794549180502477e-18,0.7367750053279872,0.7367750053279872,1.098218645153871,1.1667750053279873,0.9517750053279872
233.5,98.07181000630752,80.64404713312275,135.42818999369246,135.42818999369246,152.8559528668772,152.8559528668772,-17.42776287318475,17.42776287318475,0.0,-1,CbC,90.00000000000001,62.85595286687718,-9.433329087962803e-17,1.102606084167678,-0.7408895850480972,1.2551148760163792e-16,0.7408895850480972,0.7408895850480973,1.102606084167678,1.1708895850480974,0.9558895850480972
234.0,98.07181000630752,80.67551677099942,135.92818999369248,135.92818999369248,153.32448322900058,153.32448322900058,-17.396293235308093,17.396293235308093,0.0,-1,CbC,89.99999999999999,63.324483229000585,-1.0992238924063297e-16,1.1070343208417117,-0.7449701814413656,1.5589098361004953e-17,0.7449701814413656,0.7449701814413656,1.1070343208417117,1.1749701814413656,0.9599701814413656
234.5,98.07181000630752,80.70650697972985,136.4281899936925,136.4281899936925,153.79349302027015,153.79349302027015,-17.36530302657766,17.36530302657766,0.0,-1,CbC,90.00000000000001,63.793493020270155,-1.0992238924063297e-16,1.1115030442854679,-0.7490164978383917,1.5589098361004953e-17,0.7490164978383917,0.7490164978383917,1.1115030442854679,1.1790164978383917,0.9640164978383917
235.0,98.07181000630752,80.73701446759495,136.92818999369248,136.92818999369248,154.26298553240505,154.26298553240505,-17.334795538712562,17.334795538712562,0.0,-1,CbC,90.00000000000006,64.26298553240498,-1.0992238924063297e-16,1.1160119404984985,-0.7530282405496249,1.5589098361004953e-17,0.7530282405496249,0.7530282405496249,1.1160119404984985,1.1830282405496249,0.9680282405496249
235.5,98.07181000630752,80.7670359465759,137.42818999369248,137.42818999369248,154.73296405342413,154.73296405342413,-17.304774059731606,17.304774059731606,0.0,-1,CbC,89.99999999999999,64.73296405342411,-5.4961194620316486e-17,1.1205606923880012,-0.7570051188871234,7.794549180502477e-18,0.7570051188871234,0.7570051188871234,1.1205606923880012,1.1870051188871233,0.9720051188871234
236.0,98.07181000630752,80.79656813261369,137.9281899936925,137.9281899936925,155.20343186738634,155.20343186738634,-17.275241873693822,17.275241873693822,0.0,-1,CbC,90.00000000000003,65.2034318673863,-3.9372096259311533e-17,1.1251489797865568,-0.7609468451859867,1.1771693842113545e-16,0.7609468451859867,0.7609468451859868,1.1251489797865568,1.1909468451859868,0.9759468451859866
236.5,98.07181000630752,80.82560774587675,138.42818999369248,138.42818999369248,155.67439225412323,155.67439225412323,-17.246202260430753,17.246202260430753,0.0,-1,CbC,90.00000000000003,65.67439225412323,-9.433329087962803e-17,1.1297764794699712,-0.7648531348254709,1.2551148760163792e-16,0.7648531348254709,0.764853134825471,1.1297764794699712,1.194853134825471,0.9798531348254709
237.0,98.07181000630752,80.85415151103402,138.9281899936925,138.9281899936925,156.14584848896598,156.14584848896598,-17.217658495273493,17.217658495273493,0.0,-1,CbC,89.99999999999999,66.14584848896601,1.5589098361004953e-17,1.1344428651752783,-0.7687237062497778,1.0992238924063297e-16,0.7687237062497778,0.7687237062497779,1.1344428651752783,1.198723706249778,0.9837237062497778
237.5,98.07181000630752,80.88219615753565,139.42818999369248,139.42818999369248,156.61780384246433,156.61780384246433,-17.189613848771863,17.189613848771863,0.0,-1,CbC,90.00000000000001,66.61780384246434,-5.4961194620316486e-17,1.1391478076188404,-0.772558280988512,7.794549180502477e-18,0.772558280988512,0.772558280988512,1.1391478076188404,1.202558280988512,0.987558280988512
238.0,98.07181000630752,80.90973841990093,139.92818999369248,139.92818999369248,157.09026158009905,157.09026158009905,-17.162071586406572,17.162071586406572,0.0,-1,CbC,90.00000000000003,67.09026158009904,-1.0992238924063297e-16,1.143890974514594,-0.7763565836768104,1.5589098361004953e-17,0.7763565836768104,0.7763565836768104,1.143890974514594,1.2063565836768104,0.9913565836768103
238.5,98.07181000630752,80.93677503801298,140.4281899936925,140.4281899936925,157.56322496198706,157.56322496198706,-17.135034968294526,17.135034968294526,0.0,-1,CbC,89.99999999999999,67.56322496198705,-9.433329087962803e-17,1.1486720305924036,-0.7801183420751328,1.2551148760163792e-16,0.7801183420751328,0.7801183420751329,1.1486720305924036,1.210118342075133,0.9951183420751327
239.0,98.07181000630752,80.96330275742068,140.92818999369248,140.92818999369248,158.03669724257932,158.03669724257932,-17.108507248886834,17.108507248886834,0.0,-1,CbC,90.00000000000003,68.03669724257928,-3.9372096259311533e-17,1.1534906376165541,-0.7838432870887154,1.1771693842113545e-16,0.7838432870887154,0.7838432870887155,1.1534906376165541,1.2138432870887155,0.9988432870887154
239.5,98.07181000630752,80.98931832964847,141.4281899936925,141.4281899936925,158.51068167035154,158.51068167035154,-17.082491676659036,17.082491676659036,0.0,-1,CbC,89.99999999999996,68.51068167035157,-3.9372096259311533e-17,1.1583464544043471,-0.7875311527866858,1.1771693842113545e-16,0.7875311527866858,0.787531152786686,1.1583464544043471,1.2175311527866859,1.0025311527866858
240.0,98.07181000630752,81.01481851251263,141.92818999369248,141.92818999369248,158.98518148748738,158.98518148748738,-17.056991493794886,17.056991493794886,0.0,-1,CbC,89.99999999999999,68.98518148748735,-9.433329087962803e-17,1.1632391368448314,-0.7911816764208275,1.2551148760163792e-16,0.7911816764208275,0.7911816764208276,1.1632391368448314,1.2211816764208276,1.0061816764208276
240.5,98.07181000630752,81.03980007044623,142.42818999369248,142.42818999369248,159.46019992955377,159.46019992955377,-17.032009935861282,17.032009935861282,0.0,-1,CbC,90.00000000000003,69.46019992955375,-9.433329087962803e-17,1.1681683379176366,-0.7947945984440054,1.2551148760163792e-16,0.7947945984440054,0.7947945984440055,1.1681683379176366,1.2247945984440054,1.0097945984440053
241.0,98.07181000630752,81.06425977483089,142.9281899936925,142.9281899936925,159.93574022516916,159.93574022516916,-17.00755023147663,17.00755023147663,0.0,-1,CbC,89.99999999999999,69.93574022516913,-9.433329087962803e-17,1.173133707711933,-0.7983696625282305,1.2551148760163792e-16,0.7983696625282305,0.7983696625282306,1.173133707711933,1.2283696625282305,1.0133696625282305
241.5,98.07181000630752,81.08819440433624,143.42818999369248,143.42818999369248,160.41180559566376,160.41180559566376,-16.983615601971277,16.983615601971277,0.0,-1,CbC,90.00000000000003,70.41180559566374,-9.433329087962803e-17,1.1781348934455056,-0.801906615582383,1.2551148760163792e-16,0.801906615582383,0.8019066155823831,1.1781348934455056,1.231906615582383,1.016906615582383
242.0,98.07181000630752,81.1116007452679,143.9281899936925,143.9281899936925,160.88839925473212,160.88839925473212,-16.960209261039612,16.960209261039612,0.0,-1,CbC,89.99999999999999,70.8883992547321,-3.9372096259311533e-17,1.183171539483936,-0.8054052077695679,1.1771693842113545e-16,0.8054052077695679,0.805405207769568,1.183171539483936,1.235405207769568,1.020405207769568
242.5,98.07181000630752,81.13447559192248,144.42818999369246,144.42818999369246,161.3655244080775,161.3655244080775,-16.937334414385038,16.937334414385038,0.0,-1,CbC,90.00000000000003,71.36552440807749,-5.4961194620316486e-17,1.1882432873599034,-0.8088651925241203,7.794549180502477e-18,0.8088651925241203,0.8088651925241203,1.1882432873599034,1.2388651925241203,1.0238651925241202
243.0,98.07181000630752,81.15681574695131,144.92818999369248,144.92818999369248,161.84318425304866,161.84318425304866,-16.9149942593562,16.9149942593562,0.0,-1,CbC,90.00000000000001,71.84318425304869,-1.0992238924063297e-16,1.193349775792592,-0.8122863265682413,1.5589098361004953e-17,0.8122863265682413,0.8122863265682413,1.193349775792592,1.2422863265682413,1.0272863265682413
243.5,98.07181000630752,81.1786180217318,145.4281899936925,145.4281899936925,162.32138197826822,162.32138197826822,-16.893191984575715,16.893191984575715,0.0,-1,CbC,90.00000000000001,72.3213819782682,-5.4961194620316486e-17,1.1984906407072107,-0.815668369928273,7.794549180502477e-18,0.815668369928273,0.815668369928273,1.1984906407072107,1.245668369928273,1.030668369928273
244.0,98.07181000630752,81.19987923674708,145.92818999369248,145.92818999369248,162.8001207632529,162.8001207632529,-16.871930769560425,16.871930769560425,0.0,-1,CbC,89.99999999999996,72.80012076325293,-5.4961194620316486e-17,1.203665515254622,-0.8190110859506061,7.794549180502477e-18,0.8190110859506061,0.8190110859506061,1.203665515254622,1.249011085950606,1.0340110859506062
244.5,98.07181000630752,81.22059622197405,146.42818999369248,146.42818999369248,163.27940377802594,163.27940377802594,-16.851213784333456,16.851213784333456,0.0,-1,CbC,90.00000000000001,73.27940377802592,-3.9372096259311533e-17,1.2088740298310836,-0.8223142413172123,1.1771693842113545e-16,0.8223142413172123,0.8223142413172124,1.2088740298310836,1.2523142413172124,1.0373142413172123
245.0,98.07181000630752,81.24076581727982,146.9281899936925,146.9281899936925,163.75923418272018,163.75923418272018,-16.831044189027683,16.831044189027683,0.0,-1,CbC,90.00000000000001,73.75923418272018,-9.433329087962803e-17,1.214115812098083,-0.8255776060608081,1.2551148760163792e-16,0.8255776060608081,0.8255776060608082,1.214115812098083,1.2555776060608081,1.040577606060808
245.5,98.07181000630752,81.2603848728263,147.42818999369248,147.42818999369248,164.23961512717372,164.23961512717372,-16.811425133481222,16.811425133481222,0.0,-1,CbC,90.00000000000003,74.23961512717368,-5.4961194620316486e-17,1.219390487002299,-0.8288009535796372,7.794549180502477e-18,0.8288009535796372,0.8288009535796372,1.219390487002299,1.2588009535796372,1.0438009535796373
246.0,98.07181000630752,81.27945024948366,147.9281899936925,147.9281899936925,164.72054975051634,164.72054975051634,-16.792359756823853,16.792359756823853,0.0,-1,CbC,90.00000000000006,74.7205497505163,-5.4961194620316486e-17,1.2246976767956528,-0.8319840606518781,7.794549180502477e-18,0.8319840606518781,0.8319840606518781,1.2246976767956528,1.2619840606518782,1.046984060651878
246.5,98.07181000630752,81.29795881925246,148.42818999369248,148.42818999369248,165.20204118074753,165.20204118074753,-16.77385118705506,16.77385118705506,0.0,-1,CbC,90.00000000000001,75.2020411807475,-3.9372096259311533e-17,1.230037001055472,-0.8351267074496678,1.1771693842113545e-16,0.8351267074496678,0.8351267074496679,1.230037001055472,1.265126707449668,1.0501267074496679
247.0,98.07181000630752,81.31590746569404,148.92818999369248,148.92818999369248,165.684092534306,165.684092534306,-16.755902540613477,16.755902540613477,0.0,-1,CbC,90.00000000000001,75.68409253430596,-3.9372096259311533e-17,1.2354080767047597,-0.8382286775527413,1.1771693842113545e-16,0.8382286775527413,0.8382286775527414,1.2354080767047597,1.2682286775527414,1.0532286775527413
247.5,98.07181000630752,81.33329308437045,149.4281899936925,149.4281899936925,166.1667069156296,166.1667069156296,-16.738516921937055,16.738516921937055,0.0,-1,CbC,89.99999999999999,76.16670691562955,-1.0992238924063297e-16,1.2408105180325617,-0.8412897579616812,1.5589098361004953e-17,0.8412897579616812,0.8412897579616812,1.2408105180325617,1.271289757961681,1.0562897579616812
248.0,98.07181000630752,81.35011258329271,149.92818999369248,149.92818999369248,166.64988741670726,166.64988741670726,-16.7216974230148,16.7216974230148,0.0,-1,CbC,90.00000000000001,76.64988741670727,-5.4961194620316486e-17,1.2462439367144447,-0.8443097391107834,7.794549180502477e-18,0.8443097391107834,0.8443097391107834,1.2462439367144447,1.2743097391107834,1.0593097391107835
248.5,98.07181000630752,81.36636288337839,150.4281899936925,150.4281899936925,167.13363711662163,167.13363711662163,-16.705447122929133,16.705447122929133,4.440892098500626e-16,-1,CbC,89.99999999999999,77.13363711662164,-5.4961194620316486e-17,1.2517079418330748,-0.8472884148805249,7.794549180502477e-18,0.8472884148805249,0.8472884148805249,1.2517079418330748,1.2772884148805248,1.062288414880525
249.0,98.07181000630752,81.38204091891798,150.92818999369248,150.92818999369248,167.617959081082,167.617959081082,-16.689769087389525,16.689769087389525,0.0,-1,CbC,89.99999999999999,77.617959081082,-3.9372096259311533e-17,1.2572021398988946,-0.8502255826096387,1.1771693842113545e-16,0.8502255826096387,0.8502255826096388,1.2572021398988946,1.2802255826096387,1.0652255826096386
249.5,98.07181000630752,81.39714363805082,151.42818999369248,151.42818999369248,168.1028563619492,168.1028563619492,-16.67466636825669,16.67466636825669,0.0,-1,CbC,90.00000000000003,78.10285636194914,-1.0992238924063297e-16,1.2627261348709171,-0.8531210431067929,1.5589098361004953e-17,0.8531210431067929,0.8531210431067929,1.2627261348709171,1.283121043106793,1.068121043106793
250.0,98.07181000630752,81.41166800325011,151.9281899936925,151.9281899936925,168.5883319967499,168.5883319967499,-16.6601420030574,16.6601420030574,0.0,-1,CbC,89.99999999999999,78.58833199674991,-1.0992238924063297e-16,1.2682795281776045,-0.8559746006618669,1.5589098361004953e-17,0.8559746006618669,0.8559746006618669,1.2682795281776045,1.2859746006618669,1.070974600661867
250.5,98.07181000630752,81.42561099181685,152.42818999369248,152.42818999369248,169.07438900818312,169.07438900818312,-16.646199014490662,16.646199014490662,0.0,-1,CbC,90.00000000000001,79.07438900818312,-8.244179193047473e-17,1.2738619187378646,-0.8587860630568274,1.1691823770753715e-17,0.8587860630568274,0.8587860630568274,1.2738619187378646,1.2887860630568273,1.0737860630568274
251.0,98.07181000630752,81.43896959638411,152.9281899936925,152.9281899936925,169.5610304036159,169.5610304036159,-16.632840409923404,16.632840409923404,0.0,-1,CbC,89.99999999999999,79.56103040361593,-8.244179193047473e-17,1.279472902982144,-0.8615552415762002,1.1691823770753715e-17,0.8615552415762002,0.8615552415762002,1.279472902982144,1.2915552415762002,1.0765552415762003
251.5,98.07181000630752,81.45174082542975,153.42818999369246,153.42818999369246,170.04825917457023,170.04825917457023,-16.620069180877767,16.620069180877767,0.0,-1,CbC,90.00000000000003,80.04825917457019,-6.685269356946977e-17,1.285112074873624,-0.864281951017132,1.216142130113867e-16,0.864281951017132,0.8642819510171321,1.285112074873624,1.2942819510171322,1.079281951017132
252.0,98.07181000630752,81.46392170379964,153.92818999369248,153.92818999369248,170.53607829620037,170.53607829620037,-16.607888302507867,16.607888302507867,0.0,-1,CbC,90.00000000000001,80.53607829620034,-8.244179193047473e-17,1.2907790259295258,-0.8669660096990511,1.1691823770753715e-17,0.8669660096990511,0.8669660096990511,1.2907790259295258,1.2969660096990512,1.081966009699051
252.5,98.07181000630752,81.47550927323984,154.4281899936925,154.4281899936925,171.0244907267602,171.0244907267602,-16.596300733067675,16.596300733067675,0.0,-1,CbC,89.99999999999999,81.02449072676019,-6.685269356946977e-17,1.2964733452425141,-0.8696072394729045,1.216142130113867e-16,0.8696072394729045,0.8696072394729046,1.2964733452425141,1.2996072394729046,1.0846072394729045
253.0,98.07181000630752,81.48650059293874,154.92818999369248,154.92818999369248,171.51349940706126,171.51349940706126,-16.585309413368776,16.585309413368776,-4.440892098500626e-16,-1,CbC,89.99999999999999,81.51349940706126,-8.244179193047473e-17,1.3021946195022105,-0.8722054657299935,1.1691823770753715e-17,0.8722054657299935,0.8722054657299935,1.3021946195022105,1.3022054657299935,1.0872054657299934
253.5,98.07181000630752,81.49689274007928,155.42818999369248,155.42818999369248,172.00310725992074,172.00310725992074,-16.574917266228244,16.574917266228244,0.0,-1,CbC,90.00000000000003,82.00310725992068,-8.244179193047473e-17,1.3079424330168083,-0.8747605174103873,1.1691823770753715e-17,0.8747605174103873,0.8747605174103873,1.3079424330168083,1.3047605174103873,1.0897605174103873
254.0,98.07181000630752,81.50668281040065,155.9281899936925,155.9281899936925,172.49331718959937,172.49331718959937,-16.565127195906857,16.565127195906857,0.0,-1,CbC,90.00000000000003,82.49331718959934,-6.685269356946977e-17,1.313716367734795,-0.8772722270109208,1.216142130113867e-16,0.8772722270109208,0.8772722270109209,1.313716367734795,1.307272227010921,1.0922722270109209
254.5,98.07181000630752,81.51586791876998,156.42818999369248,156.42818999369248,172.98413208123003,172.98413208123003,-16.555942087537527,16.555942087537527,0.0,-1,CbC,90.00000000000001,82.98413208123,-8.244179193047473e-17,1.3195160032667832,-0.8797404305927732,1.1691823770753715e-17,0.8797404305927732,0.8797404305927732,1.3195160032667832,1.3097404305927731,1.0947404305927733
255.0,98.07181000630752,81.52444519976413,156.9281899936925,156.9281899936925,173.47555480023587,173.47555480023587,-16.547364806543385,16.547364806543385,0.0,-1,CbC,90.00000000000001,83.47555480023588,-8.244179193047473e-17,1.3253409169074561,-0.882164967788626,1.1691823770753715e-17,0.882164967788626,0.882164967788626,1.3253409169074561,1.312164967788626,1.097164967788626
255.5,98.07181000630752,81.53241180826147,157.42818999369248,157.42818999369248,173.9675881917385,173.9675881917385,-16.53939819804604,16.53939819804604,0.0,-1,CbC,90.00000000000003,83.9675881917385,-8.244179193047473e-17,1.3311906836576055,-0.8845456818093971,1.1691823770753715e-17,0.8845456818093971,0.8845456818093971,1.3311906836576055,1.314545681809397,1.0995456818093972
256.0,98.07181000630752,81.53976492004402,157.92818999369248,157.92818999369248,174.46023507995596,174.46023507995596,-16.532045086263484,16.532045086263484,0.0,-1,CbC,90.00000000000001,84.46023507995596,-8.244179193047473e-17,1.3370648762462973,-0.8868824194505494,1.1691823770753715e-17,0.8868824194505494,0.8868824194505494,1.3370648762462973,1.3168824194505493,1.1018824194505494
256.5,98.07181000630752,81.54650173240927,158.4281899936925,158.4281899936925,174.95349826759076,174.95349826759076,-16.52530827389825,16.52530827389825,0.0,-1,CbC,90.00000000000001,84.95349826759075,-8.244179193047473e-17,1.342963065153144,-0.8891750310979757,1.1691823770753715e-17,0.8891750310979757,0.8891750310979757,1.342963065153144,1.3191750310979757,1.1041750310979757
257.0,98.07181000630752,81.5526194647926,158.92818999369248,158.92818999369248,175.4473805352074,175.4473805352074,-16.519190541514906,16.519190541514906,-4.440892098500626e-16,-1,CbC,90.00000000000001,85.44738053520737,-1.0992238924063297e-16,1.3488848186306859,-0.891423370733452,1.5589098361004953e-17,0.891423370733452,0.891423370733452,1.3488848186306859,1.321423370733452,1.106423370733452
257.5,98.07181000630752,81.55811535940006,159.4281899936925,159.4281899936925,175.94188464059997,175.94188464059997,-16.51369464690745,16.51369464690745,0.0,-1,CbC,89.99999999999999,85.94188464059997,-1.0992238924063297e-16,1.3548297027268972,-0.8936272959396654,1.5589098361004953e-17,0.8936272959396654,0.8936272959396654,1.3548297027268972,1.3236272959396653,1.1086272959396655
258.0,98.07181000630752,81.56298668185099,159.92818999369248,159.92818999369248,176.43701331814898,176.43701331814898,-16.508823324456532,16.508823324456532,0.0,-1,CbC,89.99999999999999,86.43701331814903,-1.0992238924063297e-16,1.3607972813078002,-0.8957866679048061,1.5589098361004953e-17,0.8957866679048061,0.8957866679048061,1.3607972813078002,1.325786667904806,1.1107866679048062
258.5,98.07181000630752,81.56723072183154,160.42818999369248,160.42818999369248,176.93276927816848,176.93276927816848,-16.50457928447598,16.50457928447598,0.0,-1,CbC,89.99999999999999,86.93276927816846,-8.244179193047473e-17,1.3667871160802054,-0.8979013514267317,1.1691823770753715e-17,0.8979013514267317,0.8979013514267317,1.3667871160802054,1.3279013514267317,1.1129013514267316
259.0,98.07181000630752,81.5708447937583,160.9281899936925,160.9281899936925,177.42915520624172,177.42915520624172,-16.50096521254922,16.50096521254922,0.0,-1,CbC,90.00000000000001,87.4291552062417,-1.0992238924063297e-16,1.3727987666145713,-0.8999712149166957,1.5589098361004953e-17,0.8999712149166957,0.8999712149166957,1.3727987666145713,1.3299712149166958,1.1149712149166957
259.5,98.07181000630752,81.57382623745248,161.42818999369248,161.42818999369248,177.9261737625475,177.9261737625475,-16.49798376885503,16.49798376885503,0.0,-1,CbC,90.00000000000003,87.92617376254748,-8.244179193047473e-17,1.3788317903679825,-0.9019961304026413,1.1691823770753715e-17,0.9019961304026413,0.9019961304026413,1.3788317903679825,1.3319961304026413,1.1169961304026412
260.0,98.07181000630752,81.57617241882458,161.9281899936925,161.9281899936925,178.42382758117543,178.42382758117543,-16.495637587482932,16.495637587482932,0.0,-1,CbC,89.99999999999999,88.42382758117546,-8.244179193047473e-17,1.3848857427072636,-0.903975973532059,1.1691823770753715e-17,0.903975973532059,0.903975973532059,1.3848857427072636,1.333975973532059,1.118975973532059
260.5,98.07181000630752,81.57788073056923,162.4281899936925,162.4281899936925,178.92211926943082,178.92211926943082,-16.493929275738285,16.493929275738285,0.0,-1,CbC,89.99999999999999,88.92211926943081,-8.244179193047473e-17,1.3909601769322124,-0.9059106235744085,1.1691823770753715e-17,0.9059106235744085,0.9059106235744085,1.3909601769322124,1.3359106235744085,1.1209106235744086
261.0,98.07181000630752,81.57894859287116,162.92818999369248,162.92818999369248,179.42105140712886,179.42105140712886,-16.492861413436355,16.492861413436355,0.0,-1,CbC,90.00000000000006,89.42105140712877,-1.0992238924063297e-16,1.3970546442989706,-0.9077999634231023,1.5589098361004953e-17,0.9077999634231023,0.9077999634231023,1.3970546442989706,1.3377999634231024,1.1227999634231023
261.5,98.07181000630752,81.5793734541215,163.4281899936925,163.4281899936925,179.92062654587855,179.92062654587855,-16.492436552186014,16.492436552186014,0.0,-1,CbC,90.00000000000001,89.92062654587849,-1.0992238924063297e-16,1.403168694043523,-0.909643879597051,1.5589098361004953e-17,0.909643879597051,0.909643879597051,1.403168694043523,1.339643879597051,1.124643879597051
262.0,98.07181000630752,81.57960989736628,163.92818999369248,163.92818999369248,-179.57960989736634,179.57960989736634,-16.49220010894123,16.49220010894123,6.432490598706546e-16,1,CbC,90.00000000000003,89.57960989736627,-9.618209058555385e-17,1.3989860268725252,-0.4142119432144062,0.4957185275317982,0.4957185275317982,0.9099304707462044,1.3989860268725252,1.3399304707462043,0.7107185275317982
262.5,98.07181000630752,81.58047386204561,164.42818999369248,164.42818999369248,-179.08047386204564,179.08047386204564,-16.4913361442619,16.4913361442619,-2.4492935982947064e-16,1,CbC,90.00000000000001,89.08047386204561,-6.870149327539561e-17,1.3928553687818774,-0.4124518056775351,0.49747121272341516,0.49747121272341516,0.9099230184009502,1.3928553687818774,1.3399230184009503,0.7124712127234152
263.0,98.07181000630752,81.58197907810865,164.9281899936925,164.9281899936925,-178.58197907810865,178.58197907810865,-16.489830928198863,16.489830928198863,-2.4492935982947064e-16,1,CbC,90.00000000000001,88.5819790781086,-9.618209058555385e-17,1.386722251775936,-0.4107319915192011,0.4991780427667197,0.4991780427667197,0.9099100342859208,1.386722251775936,1.3399100342859207,0.7141780427667197
263.5,98.07181000630752,81.58412295983514,165.42818999369248,165.42818999369248,-178.08412295983518,178.08412295983518,-16.487687046472377,16.487687046472377,6.432490598706546e-16,1,CbC,89.99999999999999,88.08412295983516,-8.244179193047473e-17,1.3805870936554276,-0.4090526823220674,0.5008388575831575,0.5008388575831575,0.9098915399052249,1.3805870936554276,1.339891539905225,0.7158388575831575
264.0,98.07181000630752,81.58690288767737,165.9281899936925,165.9281899936925,-177.58690288767738,177.58690288767738,-16.484907118630137,16.484907118630137,-2.4492935982947064e-16,1,CbC,90.00000000000001,87.58690288767734,-6.685269356946977e-17,1.3744503122262464,-0.4074140558648033,0.502453500856112,0.502453500856112,0.9098675567209152,1.3744503122262464,1.3398675567209153,0.7174535008561119
264.5,98.07181000630752,81.5903162090945,166.42818999369248,166.42818999369248,-177.09031620909454,177.09031620909454,-16.48149379721301,16.48149379721301,-2.4492935982947064e-16,1,CbC,90.00000000000003,87.09031620909451,-9.618209058555385e-17,1.3683123252860454,-0.4058162861010681,0.5040218200494792,0.5040218200494792,0.9098381061505473,1.3683123252860454,1.3398381061505473,0.7190218200494791
265.0,98.07181000630752,81.59436023937657,166.92818999369248,166.92818999369248,-176.5943602393766,176.5943602393766,-16.477449766930935,16.477449766930935,6.432490598706546e-16,1,CbC,90.00000000000001,86.59436023937658,-8.244179193047473e-17,1.362173550610604,-0.40425954313913187,0.505543666425777,0.505543666425777,0.9098032095649089,1.362173550610604,1.3398032095649088,0.7205436664257769
265.5,98.07181000630752,81.59903226245757,167.4281899936925,167.4281899936925,-176.09903226245757,176.09903226245757,-16.472777743849942,16.472777743849942,-2.4492935982947064e-16,1,CbC,90.00000000000003,86.09903226245753,-8.93119412580143e-17,1.3560344059399747,-0.4027439932221353,0.5070188950637741,0.5070188950637741,0.9097628882859093,1.3560344059399747,1.3397628882859094,0.722018895063774
266.0,98.07181000630752,81.60432953171768,167.92818999369248,167.92818999369248,-175.60432953171772,175.60432953171772,-16.46748047458983,16.46748047458983,-2.4492935982947064e-16,1,CbC,89.99999999999999,85.6043295317177,-7.557164260293517e-17,1.3498953089643795,-0.40126979870897134,0.5084473648756573,0.5084473648756573,0.9097171635846286,1.3498953089643795,1.3397171635846286,0.7234473648756573
266.5,98.07181000630752,81.61024927077509,168.4281899936925,168.4281899936925,-175.11024927077509,175.11024927077509,-16.461560735532423,16.461560735532423,-2.4492935982947064e-16,1,CbC,89.99999999999999,85.11024927077509,-6.685269356946977e-17,1.3437566773098957,-0.3998371180558038,0.5098289386237168,0.5098289386237168,0.9096660566795206,1.3437566773098957,1.3396660566795207,0.7248289386237168
267.0,98.07181000630752,81.61678867426643,168.92818999369248,168.92818999369248,-174.61678867426647,174.61678867426647,-16.45502133204108,16.45502133204108,-2.4492935982947064e-16,1,CbC,89.99999999999999,84.61678867426646,-8.244179193047473e-17,1.3376189285238946,-0.3984461057982014,0.511163482936566,0.511163482936566,0.9096095887347674,1.3376189285238946,1.3396095887347674,0.726163482936566
267.5,98.07181000630752,81.62394490861682,169.42818999369248,169.42818999369248,-174.12394490861683,174.12394490861683,-16.447865097690688,16.447865097690688,-2.4492935982947064e-16,1,CbC,89.99999999999999,84.12394490861686,-8.93119412580143e-17,1.3314824800602403,-0.3970969125338924,0.5124508683248937,0.5124508683248937,0.9095477808587862,1.3314824800602403,1.3395477808587861,0.7274508683248937
268.0,98.07181000630752,81.63171511279884,169.9281899936925,169.9281899936925,-173.63171511279884,173.63171511279884,-16.44009489350867,16.44009489350867,6.432490598706546e-16,1,CbC,89.99999999999999,83.63171511279884,-9.274701592178406e-17,1.325347749264265,-0.3957896849061384,0.5136909691967322,0.5136909691967322,0.9094806541028706,1.325347749264265,1.3394806541028705,0.7286909691967322
268.5,98.07181000630752,81.64009639908063,170.42818999369248,170.42818999369248,-173.14009639908065,173.14009639908065,-16.431713607226882,16.431713607226882,-2.4492935982947064e-16,1,CbC,90.00000000000003,83.1400963990806,-8.93119412580143e-17,1.3192151533574905,-0.39452456558771276,0.5148836638722726,0.5148836638722726,0.9094082294599853,1.3192151533574905,1.3394082294599854,0.7298836638722725
269.0,98.07181000630752,81.64908585376298,170.9281899936925,170.9281899936925,-172.649085853763,172.649085853763,-16.422724152544532,16.422724152544532,6.432490598706546e-16,1,CbC,90.00000000000001,82.64908585376297,-8.75944039261294e-17,1.3130851094221165,-0.39330169326548964,0.5160288345981977,0.5160288345981977,0.9093305278636874,1.3130851094221165,1.3393305278636873,0.7310288345981977
269.5,98.07181000630752,81.65868053790591,171.4281899936925,171.4281899936925,-172.15868053790592,172.15868053790592,-16.4131294684016,16.4131294684016,6.432490598706546e-16,1,CbC,90.00000000000001,82.15868053790587,-8.845317259207185e-17,1.3069580343852722,-0.3921212026256363,0.5171263675615492,0.5171263675615492,0.9092475701871855,1.3069580343852722,1.3392475701871855,0.7321263675615491
270.0,98.07181000630752,81.66887748804382,171.92818999369248,171.92818999369248,-171.66887748804385,171.66887748804385,-16.40293251826369,16.40293251826369,-2.4492935982947064e-16,1,CbC,90.00000000000001,81.6688774880438,-8.87796835926392e-17,1.3008343450030169,-0.3909832243394024,0.5181761529031326,0.5181761529031326,0.909159377242535,1.3008343450030169,1.339159377242535,0.7331761529031325
270.5,98.07181000630752,81.67967371689019,172.4281899936925,172.4281899936925,-171.1796737168902,171.1796737168902,-16.39213628941732,16.39213628941732,-2.4492935982947064e-16,1,CbC,90.00000000000003,81.17967371689016,0.0,1.2947144578441039,-0.38988788504950106,0.5191780847304437,0.5191780847304437,0.9090659697799448,1.2947144578441039,1.3390659697799447,0.7341780847304437
271.0,98.07181000630752,81.69106621403112,172.92818999369248,172.92818999369248,-170.69106621403117,170.69106621403117,-16.380743792276384,16.380743792276384,-2.4492935982947064e-16,1,CbC,90.00000000000001,80.69106621403114,-1.7175373318848902e-18,1.2885987892735062,-0.388835307357086,0.5201320611301391,0.5201320611301391,0.908967368487225,1.2885987892735062,1.338967368487225,0.7351320611301391
271.5,98.07181000630752,81.70305194660831,173.42818999369248,173.42818999369248,-170.20305194660833,170.20305194660833,-16.3687580596992,16.3687580596992,6.432490598706546e-16,1,CbC,90.00000000000001,80.2030519466083,0.0,1.2824877554356975,-0.3878256098093094,0.5210379841800351,0.5210379841800351,0.9088635939893446,1.2824877554356975,1.3388635939893445,0.7360379841800351
272.0,98.07181000630752,81.71562785999089,173.9281899936925,173.9281899936925,-169.7156278599909,169.7156278599909,-16.356182146316627,16.356182146316627,-2.4492935982947064e-16,1,CbC,90.00000000000001,79.71562785999085,0.0,1.2763817722376922,-0.3868589068874626,0.5218957599606436,0.5218957599606436,0.9087546668481062,1.2763817722376922,1.3387546668481063,0.7368957599606436
272.5,98.07181000630752,81.72879087843668,174.42818999369248,174.42818999369248,-169.2287908784367,169.2287908784367,-16.34301912787082,16.34301912787082,-2.4492935982947064e-16,1,CbC,90.00000000000001,79.2287908784367,0.0,1.2702812553318399,-0.3859353089956941,0.5227052985662453,0.5227052985662453,0.9086406075619393,1.2702812553318399,1.3386406075619393,0.7377052985662452
273.0,98.07181000630752,81.74253790574274,174.9281899936925,174.9281899936925,-168.74253790574272,168.74253790574272,-16.329272100564776,16.329272100564776,-2.4492935982947064e-16,1,CbC,90.00000000000001,78.74253790574272,0.0,1.2641866200983938,-0.38505492245029943,0.5234665141154983,0.5234665141154983,0.9085214365657976,1.2641866200983938,1.3385214365657976,0.7384665141154982
273.5,98.07181000630752,81.75686582588489,175.42818999369248,175.42818999369248,-168.25686582588492,168.25686582588492,-16.314944180422625,16.314944180422625,-2.4492935982947064e-16,1,CbC,90.00000000000003,78.2568658258849,0.0,1.2580982816278221,-0.38421784946958015,0.5241793247615888,0.5241793247615888,0.908397174231169,1.2580982816278221,1.3383971742311689,0.7391793247615888
274.0,98.07181000630752,81.77177150364685,175.92818999369248,175.92818999369248,-167.77177150364687,167.77177150364687,-16.300038502660666,16.300038502660666,-2.4492935982947064e-16,1,CbC,90.00000000000001,77.77177150364685,0.0,1.2520166547028926,-0.3834241881642662,0.5248436527019176,0.5248436527019176,0.9082678408661837,1.2520166547028926,1.3382678408661837,0.7398436527019175
274.5,98.07181000630752,81.78725178523872,176.4281899936925,176.4281899936925,-167.2872517852387,167.2872517852387,-16.284558221068792,16.284558221068792,-2.4492935982947064e-16,1,CbC,90.00000000000001,77.28725178523868,0.0,1.2459421537805235,-0.3826740325284977,0.5254594241873329,0.5254594241873329,0.9081334567158306,1.2459421537805235,1.3381334567158305,0.7404594241873329
275.0,98.07181000630752,81.80330349890467,176.92818999369248,176.92818999369248,-166.80330349890468,166.80330349890468,-16.268506507402847,16.268506507402847,-2.4492935982947064e-16,1,CbC,89.99999999999999,76.8033034989047,0.0,1.2398751929733876,-0.38196747243136114,0.526026569530902,0.526026569530902,0.9079940419622632,1.2398751929733876,1.3379940419622631,0.741026569530902
275.5,98.07181000630752,81.81992345552037,177.4281899936925,177.4281899936925,-166.31992345552038,166.31992345552038,-16.251886550787145,16.251886550787145,-2.4492935982947064e-16,1,CbC,90.00000000000001,76.31992345552034,0.0,1.2338161860312875,-0.3813045936089779,0.5265450231162263,0.5265450231162263,0.9078496167252041,1.2338161860312875,1.337849616725204,0.7415450231162263
276.0,98.07181000630752,81.83710844917961,177.92818999369248,177.92818999369248,-165.83710844917965,165.83710844917965,-16.2347015571279,16.2347015571279,6.432490598706546e-16,1,CbC,90.00000000000001,75.83710844917962,0.0,1.2277655463223027,-0.3806854776571363,0.5270147234053075,0.5270147234053075,0.9077002010624438,1.2277655463223027,1.3377002010624437,0.7420147234053075
276.5,98.07181000630752,81.85485525777099,178.42818999369248,178.42818999369248,-165.35485525777102,165.35485525777102,-16.216954748536523,16.216954748536523,-2.4492935982947064e-16,1,CbC,90.00000000000001,75.35485525777099,0.0,1.2217236868137014,-0.38011020202446755,0.5274356129459534,0.5274356129459534,0.907545814970421,1.2217236868137014,1.337545814970421,0.7424356129459534
277.0,98.07181000630752,81.87316064354377,178.9281899936925,178.9281899936925,-164.87316064354377,164.87316064354377,-16.198649362763753,16.198649362763753,-2.4492935982947064e-16,1,CbC,90.00000000000003,74.87316064354373,0.0,1.2156910200526232,-0.37957884000615855,0.5278076383787373,0.5278076383787373,0.907386478384896,1.2156910200526232,1.3373864783848959,0.7428076383787373
277.5,98.07181000630752,81.8920213536637,179.42818999369248,179.42818999369248,-164.39202135366372,164.39202135366372,-16.179788652643815,16.179788652643815,-2.4492935982947064e-16,1,CbC,90.00000000000001,74.39202135366371,-1.3740298655079122e-17,1.2096679581465402,-0.37909146073819655,0.5281307504435053,0.5281307504435053,0.9072222111817019,1.2096679581465402,1.3372222111817018,0.7431307504435053
278.0,98.07181000630752,81.9114341207587,179.9281899936925,179.9281899936925,-163.9114341207587,163.9114341207587,-16.16037588554882,16.16037588554882,6.432490598706546e-16,1,CbC,90.00000000000003,73.91143412075866,0.0,1.2036549127434886,-0.37864812919214486,0.5284049039854354,0.5284049039854354,0.9070530331775802,1.2036549127434886,1.3370530331775803,0.7434049039854354
278.5,98.07181000630752,81.93139566345414,-179.57181000630752,179.57181000630752,-163.4313956634541,163.4313956634541,-16.140414342853372,16.140414342853372,-4.440892098500626e-16,1,CbC,90.00000000000001,73.43139566345411,0.0,1.197652295012085,-0.37824890617043766,0.5286300579606518,0.5286300579606518,0.9068789641310895,1.197652295012085,1.3368789641310894,0.7436300579606517
279.0,98.07181000630752,81.95190268689835,-179.07181000630754,179.07181000630754,-162.95190268689836,162.95190268689836,-16.11990731940917,16.11990731940917,0.0,1,CbC,90.00000000000001,72.95190268689835,0.0,1.1916605156213143,-0.3778938483022018,0.5288061754413887,0.5288061754413887,0.9067000237435905,1.1916605156213143,1.3367000237435904,0.7438061754413887
279.5,98.07181000630752,81.9729518832779,-178.57181000630752,178.57181000630752,-162.47295188327791,162.47295188327791,-16.098858123029615,16.098858123029615,0.0,1,CbC,90.00000000000001,72.47295188327786,0.0,1.1856799847201107,-0.3775830080395875,0.5289332236207176,0.5289332236207176,0.906516231660305,1.1856799847201107,1.336516231660305,0.7439332236207176
280.0,98.07181000630752,81.99453993232314,-178.07181000630754,178.07181000630754,-161.99453993232316,161.99453993232316,-16.07727007398437,16.07727007398437,0.0,1,CbC,90.00000000000001,71.99453993232314,0.0,1.1797111119167187,-0.3773164336546124,0.5290111738168297,0.5290111738168297,0.9063276074714421,1.1797111119167187,1.336327607471442,0.7440111738168297
280.5,98.07181000630752,82.0166635018038,-177.57181000630752,177.57181000630752,-161.5166635018038,161.5166635018038,-16.055146504503703,16.055146504503703,-4.440892098500626e-16,1,CbC,89.99999999999999,71.5166635018038,0.0,1.1737543062578448,-0.3770941692365146,0.5290400014768748,0.5290400014768748,0.9061341707133894,1.1737543062578448,1.3361341707133894,0.7440400014768748
281.0,98.07181000630752,82.03931924801503,-177.07181000630752,177.07181000630752,-161.039319248015,161.039319248015,-16.032490758292486,16.032490758292486,-4.440892098500626e-16,1,CbC,90.00000000000003,71.03931924801499,0.0,1.1678099762076037,-0.3769162546896053,0.5290196861803698,0.5290196861803698,0.9059359408699751,1.1678099762076037,1.3359359408699751,0.7440196861803697
281.5,98.07181000630752,82.06250381625333,-176.57181000630754,176.57181000630754,-160.56250381625335,160.56250381625335,-16.009306190054186,16.009306190054186,-4.440892098500626e-16,1,CbC,90.00000000000001,70.56250381625333,0.0,1.1618785296262528,-0.37678272573161836,0.5289502116421633,0.5289502116421633,0.9057329373737817,1.1618785296262528,1.3357329373737816,0.7439502116421632
282.0,98.07181000630752,82.08621384128362,-176.07181000630752,176.07181000630752,-160.08621384128364,160.08621384128364,-15.985596165023894,15.985596165023894,4.440892098500626e-16,1,CbC,90.00000000000003,70.08621384128358,0.0,1.1559603737487323,-0.37669361389256045,0.5288315657149711,0.5288315657149711,0.9055251796075316,1.1559603737487323,1.3355251796075316,0.7438315657149711
282.5,98.07181000630752,82.11044594779617,-175.57181000630754,175.57181000630754,-159.61044594779622,159.61044594779622,-15.961364058511343,15.961364058511343,0.0,1,CbC,90.00000000000001,69.61044594779618,0.0,1.1500559151630079,-0.3766489465140412,0.528663740391477,0.528663740391477,0.9053126869055181,1.1500559151630079,1.335312686905518,0.743663740391477
283.0,98.07181000630752,82.13519675085455,-175.07181000630754,175.07181000630754,-159.13519675085453,159.13519675085453,-15.93661325545296,15.93661325545296,-4.440892098500626e-16,1,CbC,90.00000000000001,69.13519675085455,0.0,1.1441655597882037,-0.37664874674909754,0.5284467318060002,0.5284467318060002,0.9050954785550978,1.1441655597882037,1.3350954785550977,0.7434467318060002
283.5,98.07181000630752,82.16046285633404,-174.57181000630752,174.57181000630752,-158.66046285633402,158.66046285633402,-15.911347149973482,15.911347149973482,-4.440892098500626e-16,1,CbC,90.00000000000001,68.66046285633401,0.0,1.1382897128525664,-0.37669303356249423,0.5281805402357398,0.5281805402357398,0.9048735737982341,1.1382897128525664,1.334873573798234,0.7431805402357398
284.0,98.07181000630752,82.18624086135092,-174.07181000630754,174.07181000630754,-158.18624086135094,158.18624086135094,-15.885569144956584,15.885569144956584,0.0,1,CbC,90.00000000000001,68.18624086135091,0.0,1.1324287788712217,-0.3767818217315035,0.5278651701015872,0.5278651701015872,0.9046469918330906,1.1324287788712217,1.3346469918330905,0.7428651701015871
284.5,98.07181000630752,82.21252735468282,-173.57181000630752,173.57181000630752,-157.71252735468278,157.71252735468278,-15.859282651624694,15.859282651624694,-4.440892098500626e-16,1,CbC,90.00000000000001,67.71252735468279,0.0,1.1265831616237523,-0.37691512184715587,0.5275006299685159,0.5275006299685159,0.9044157518156717,1.1265831616237523,1.3344157518156716,0.7425006299685158
285.0,98.07181000630752,82.23931891717965,-173.07181000630754,173.07181000630754,-157.23931891717967,157.23931891717967,-15.832491089127863,15.832491089127863,-4.440892098500626e-16,1,CbC,90.00000000000001,67.23931891717963,0.0,1.1207532641316031,-0.3770929403159633,0.5270869325455467,0.5270869325455467,0.90417987286151,1.1207532641316031,1.33417987286151,0.7420869325455467
285.5,98.07181000630752,82.26661212216604,-172.57181000630754,172.57181000630754,-156.76661212216607,156.76661212216607,-15.805197884141467,15.805197884141467,-4.440892098500626e-16,1,CbC,90.00000000000001,66.76661212216604,-2.7480597310158243e-17,1.1149394886352957,-0.3773152793621035,0.5266240946852955,0.5266240946852955,0.903939374047399,1.1149394886352957,1.333939374047399,0.7416240946852954
286.0,98.07181000630752,82.29440353583466,-172.07181000630752,172.07181000630752,-156.29440353583468,156.29440353583468,-15.777406470472847,15.777406470472847,0.0,1,CbC,89.99999999999999,66.29440353583466,0.0,1.1091422365714805,-0.3775821370300678,0.5261121373830951,0.5261121373830951,0.903694274413163,1.1091422365714805,1.333694274413163,0.7411121373830951
286.5,98.07181000630752,82.32268971763106,-171.57181000630754,171.57181000630754,-155.8226897176311,155.8226897176311,-15.74912028867645,15.74912028867645,0.0,1,CbC,90.00000000000003,65.82268971763105,0.0,1.1033619085498148,-0.37789350718776354,0.5255510857757101,0.5255510857757101,0.9034445929634736,1.1033619085498148,1.3334445929634735,0.74055108577571
287.0,98.07181000630752,82.35146722062947,-171.07181000630752,171.07181000630752,-155.35146722062947,155.35146722062947,-15.72034278567804,15.72034278567804,0.0,1,CbC,90.00000000000001,65.35146722062944,5.4961194620316486e-17,1.097598904329672,-0.3782493795300715,0.5249409691396254,0.5249409691396254,0.9031903486696968,1.097598904329672,1.3331903486696968,0.7399409691396254
287.5,98.07181000630752,82.38073259190068,-170.57181000630752,170.57181000630752,-154.88073259190065,154.88073259190065,-15.691077414406823,15.691077414406823,-4.440892098500626e-16,1,CbC,90.00000000000001,64.88073259190067,-2.7480597310158243e-17,1.0918536227966993,-0.3786497395828494,0.5242818208889326,0.5242818208889326,0.902931560471782,1.0918536227966993,1.332931560471782,0.7392818208889326
288.0,98.07181000630752,82.41048237287096,-170.07181000630754,170.07181000630754,-154.410482372871,154.410482372871,-15.661327633436546,15.661327633436546,0.0,1,CbC,90.00000000000001,64.41048237287096,-5.4961194620316486e-17,1.0861264619392093,-0.3790945687073852,0.5235736785727958,0.5235736785727958,0.902668247280181,1.0861264619392093,1.332668247280181,0.7385736785727958
288.5,98.07181000630752,82.4407130996729,-169.57181000630752,169.57181000630752,-153.9407130996729,153.9407130996729,-15.631096906634605,15.631096906634605,-4.440892098500626e-16,1,CbC,90.00000000000001,63.940713099672884,-1.5589098361004953e-17,1.080417818824418,-0.37958384410528573,0.5228165838725164,0.5228165838725164,0.9024004279778022,1.080417818824418,1.3324004279778021,0.7378165838725164
289.0,98.07181000630752,82.47142130348799,-169.07181000630754,169.07181000630754,-153.471421303488,153.471421303488,-15.600388702819526,15.600388702819526,-4.440892098500626e-16,1,CbC,89.99999999999999,63.47142130348801,0.0,1.0747280895745421,-0.380117538823806,0.522010582598187,0.522010582598187,0.902128121421993,1.0747280895745421,1.3321281214219929,0.737010582598187
289.5,98.07181000630752,82.50260351088112,-168.57181000630752,168.57181000630752,-153.00260351088113,153.00260351088113,-15.569206495426391,15.569206495426391,0.0,1,CbC,90.00000000000001,63.0026035108811,0.0,1.0690576693427432,-0.3806956217616128,0.5211557246849406,0.5211557246849406,0.9018513464465534,1.0690576693427432,1.3318513464465533,0.7361557246849406
290.0,98.07181000630752,82.5342562441269,-168.07181000630752,168.07181000630752,-152.5342562441269,152.5342562441269,-15.537553762180623,15.537553762180623,4.440892098500626e-16,1,CbC,90.00000000000001,62.53425624412686,1.5589098361004953e-17,1.0634069522889336,-0.38131805767497357,0.5202520641888008,0.5202520641888008,0.9015701218637744,1.0634069522889336,1.3315701218637743,0.7352520641888007
290.5,98.07181000630752,82.56637602152824,-167.57181000630754,167.57181000630754,-152.0663760215283,152.0663760215283,-15.505433984779266,15.505433984779266,4.440892098500626e-16,1,CbC,90.00000000000003,62.06637602152825,0.0,1.0577763315554505,-0.38198480718437633,0.5192996592821264,0.5192996592821264,0.9012844664665027,1.0577763315554505,1.3312844664665027,0.7342996592821264
291.0,98.07181000630752,82.5989593577271,-167.07181000630752,167.07181000630752,-151.5989593577271,151.5989593577271,-15.472850648580417,15.472850648580417,0.0,1,CbC,90.00000000000001,61.598959357727075,0.0,1.052166199242586,-0.38269582678156855,0.5182985722486618,0.5182985722486618,0.9009943990302304,1.052166199242586,1.3309943990302304,0.7332985722486618
291.5,98.07181000630752,82.63200276400734,-166.57181000630754,166.57181000630754,-151.13200276400735,151.13200276400735,-15.439807242300171,15.439807242300171,-4.440892098500626e-16,1,CbC,90.00000000000001,61.13200276400735,0.0,1.0465769463840084,-0.38345106883701674,0.51724886947819,0.51724886947819,0.9006999383152068,1.0465769463840084,1.3306999383152067,0.73224886947819
292.0,98.07181000630752,82.66550274859019,-166.07181000630754,166.07181000630754,-150.6655027485902,150.6655027485902,-15.40630725771733,15.40630725771733,0.0,1,CbC,90.00000000000001,60.66550274859015,0.0,1.0410089629220398,-0.3842504816077778,0.5161506214607914,0.5161506214607914,0.9004011030685692,1.0410089629220398,1.3304011030685692,0.7311506214607914
292.5,98.07181000630752,82.69945581692203,-165.57181000630752,165.57181000630752,-150.19945581692198,150.19945581692198,-15.372354189385488,15.372354189385488,-4.440892098500626e-16,1,CbC,90.00000000000001,60.199455816922,-5.4961194620316486e-17,1.03546263768283,-0.3850940092457843,0.5150039027807111,0.5150039027807111,0.9000979120264954,1.03546263768283,1.3300979120264953,0.730003902780711
293.0,98.07181000630752,82.73385847195489,-165.07181000630754,165.07181000630754,-149.73385847195493,149.73385847195493,-15.337951534352616,15.337951534352616,4.440892098500626e-16,1,CbC,90.00000000000003,59.733858471954875,0.0,1.02993835835141,-0.38598159180653757,0.5138087921098351,0.5138087921098351,0.8997903839163727,1.02993835835141,1.3297903839163727,0.7288087921098351
293.5,98.07181000630752,82.76870721441955,-164.57181000630752,164.57181000630752,-149.26870721441958,149.26870721441958,-15.303102791887953,15.303102791887953,0.0,1,CbC,90.00000000000001,59.26870721441954,0.0,1.024436511446632,-0.3869131652582029,0.5125653722007817,0.5125653722007817,0.8994785374589847,1.024436511446632,1.3294785374589846,0.7275653722007817
294.0,98.07181000630752,82.8039985430915,-164.07181000630752,164.07181000630752,-148.80399854309152,148.80399854309152,-15.267811463216013,15.267811463216013,4.440892098500626e-16,1,CbC,90.00000000000001,58.80399854309152,0.0,1.0189574822960143,-0.38788866149110673,0.5112737298796051,0.5112737298796051,0.8991623913707119,1.0189574822960143,1.3291623913707118,0.726273729879605
294.5,98.07181000630752,82.83972895504972,-163.57181000630754,163.57181000630754,-148.3397289550497,148.3397289550497,-15.232081051257785,15.232081051257785,-4.440892098500626e-16,1,CbC,89.99999999999999,58.33972895504975,0.0,1.0135016550104725,-0.3889080083276305,0.5099339560381171,0.5099339560381171,0.8988419643657476,1.0135016550104725,1.3288419643657476,0.7249339560381171
295.0,98.07181000630752,82.87589494592864,-163.07181000630752,163.07181000630752,-147.87589494592862,147.87589494592862,-15.195915060378875,15.195915060378875,-4.440892098500626e-16,1,CbC,90.00000000000001,57.875894945928614,0.0,1.008069412458968,-0.3899711295324994,0.5085461456258276,0.5085461456258276,0.898517275158327,1.008069412458968,1.328517275158327,0.7235461456258275
295.5,98.07181000630752,82.91249301016278,-162.57181000630754,162.57181000630754,-147.4124930101628,147.4124930101628,-15.15931699614473,15.15931699614473,-4.440892098500626e-16,1,CbC,89.99999999999999,57.41249301016281,0.0,1.0026611362430522,-0.3910779448234573,0.5071103976415064,0.5071103976415064,0.8981883424649637,1.0026611362430522,1.3281883424649636,0.7221103976415064
296.0,98.07181000630752,82.94951964122525,-162.07181000630752,162.07181000630752,-146.94951964122524,146.94951964122524,-15.122290365082257,15.122290365082257,-4.440892098500626e-16,1,CbC,90.00000000000001,56.94951964122523,0.0,0.9972772066713298,-0.3922283698823363,0.505626815124367,0.505626815124367,0.8978551850067034,0.9972772066713298,1.3278551850067033,0.720626815124367
296.5,98.07181000630752,82.98697133185883,-161.5718100063075,161.5718100063075,-146.48697133185883,146.48697133185883,-15.08483867444868,15.08483867444868,4.440892098500626e-16,1,CbC,90.00000000000001,56.48697133185879,0.0,0.9919180027338382,-0.3934223163664988,0.5040955051448798,0.5040955051448798,0.8975178215113786,0.9919180027338382,1.3275178215113785,0.7190955051448797
297.0,98.07181000630752,83.02484457430096,-161.07181000630754,161.07181000630754,-146.02484457430094,146.02484457430094,-15.046965432006552,15.046965432006552,-4.440892098500626e-16,1,CbC,90.00000000000001,56.02484457430095,5.4961194620316486e-17,0.9865839020763539,-0.39465969192067185,0.5025165787952078,0.5025165787952078,0.8971762707158797,0.9865839020763539,1.3271762707158796,0.7175165787952078
297.5,98.07181000630752,83.06313586050204,-160.57181000630752,160.57181000630752,-145.56313586050206,145.56313586050206,-15.008674145805463,15.008674145805463,0.0,1,CbC,90.00000000000001,55.56313586050202,0.0,0.9812752809746109,-0.39594040018914745,0.5008901511792766,0.5008901511792766,0.896830551368424,0.9812752809746109,1.326830551368424,0.7158901511792766
298.0,98.07181000630752,83.10184168233731,-160.07181000630754,160.07181000630754,-145.10184168233732,145.10184168233732,-14.969968323970203,14.969968323970203,-4.440892098500626e-16,1,CbC,90.00000000000001,55.101841682337316,0.0,0.975992514308471,-0.3972643408283647,0.4992163414024754,0.4992163414024754,0.8964806822308401,0.975992514308471,1.3264806822308401,0.7142163414024754
298.5,98.07181000630752,83.14095853181243,-159.57181000630752,159.57181000630752,-144.64095853181246,144.64095853181246,-14.930851474495077,14.930851474495077,4.440892098500626e-16,1,CbC,90.00000000000001,54.64095853181243,0.0,0.9707359755360063,-0.39863140951985576,0.4974952725609919,0.4974952725609919,0.8961266820808477,0.9707359755360063,1.3261266820808477,0.7124952725609919
299.0,98.07181000630752,83.1804829012629,-159.0718100063075,159.0718100063075,-144.1804829012629,144.1804829012629,-14.891327105044608,14.891327105044608,4.440892098500626e-16,1,CbC,89.99999999999999,54.1804829012629,-5.4961194620316486e-17,0.9655060366675452,-0.40004149798356403,0.4957270717307843,0.4957270717307843,0.8957685697143483,0.9655060366675452,1.3257685697143482,0.7107270717307843
299.5,98.07181000630752,83.22041128354739,-158.57181000630754,158.57181000630754,-143.72041128354743,143.72041128354743,-14.851398722760122,14.851398722760122,4.440892098500626e-16,1,CbC,90.00000000000001,53.72041128354738,0.0,0.9603030682396467,-0.4014944939915238,0.49391186995619335,0.49391186995619335,0.8954063639477172,0.9603030682396467,1.3254063639477172,0.7089118699561934
300.0,98.07181000630752,83.26074017223482,-158.07181000630752,158.07181000630752,-143.26074017223482,143.26074017223482,-14.81106983407269,14.81106983407269,-4.440892098500626e-16,1,CbC,90.00000000000001,53.260740172234804,-5.4961194620316486e-17,0.955127439289027,-0.4029902813818989,0.4920498022381928,0.4920498022381928,0.8950400836200917,0.955127439289027,1.3250400836200917,0.7070498022381928
300.5,98.07181000630752,83.30146606178589,-157.57181000630754,157.57181000630754,-142.80146606178593,142.80146606178593,-14.770343944521619,14.770343944521619,0.0,1,CbC,90.00000000000001,52.8014660617859,5.4961194620316486e-17,0.9499795173264478,-0.4045287400733837,0.49014100752228645,0.49014100752228645,0.8946697475956702,0.9499795173264478,1.3246697475956701,0.7051410075222865
301.0,98.07181000630752,83.34258544772851,-157.07181000630754,157.07181000630754,-142.34258544772854,142.34258544772854,-14.729224558578998,14.729224558578998,0.0,1,CbC,90.00000000000001,52.34258544772851,0.0,0.944859668310555,-0.40610974607995354,0.488185628686049,0.488185628686049,0.8942953747660025,0.944859668310555,1.3242953747660025,0.703185628686049
301.5,98.07181000630752,83.38409482682756,-156.57181000630752,156.57181000630752,-141.88409482682755,141.88409482682755,-14.687715179479948,14.687715179479948,0.0,1,CbC,90.00000000000001,51.884094826827535,0.0,0.9397682566216843,-0.40773317152597016,0.4861838125263155,0.4861838125263155,0.8939169840522856,0.9397682566216843,1.3239169840522855,0.7011838125263155
302.0,98.07181000630752,83.42599069724906,-156.07181000630754,156.07181000630754,-141.42599069724906,141.42599069724906,-14.645819309058455,14.645819309058455,-4.440892098500626e-16,1,CbC,90.00000000000001,51.42599069724905,5.4961194620316486e-17,0.9347056450356341,-0.4093988846616324,0.4841357097460212,0.4841357097460212,0.8935345944076536,0.9347056450356341,1.3235345944076535,0.6991357097460212
302.5,98.07181000630752,83.4682695587187,-155.57181000630752,155.57181000630752,-140.96826955871867,140.96826955871867,-14.60354044758881,14.60354044758881,-4.440892098500626e-16,1,CbC,90.00000000000003,50.96826955871866,0.0,0.9296721946974076,-0.41110674987877605,0.48204147494069255,0.48204147494069255,0.8931482248194687,0.9296721946974076,1.3231482248194686,0.6970414749406926
303.0,98.07181000630752,83.51092791267503,-155.07181000630754,155.07181000630754,-140.5109279126751,140.5109279126751,-14.560882093632475,14.560882093632475,4.440892098500626e-16,1,CbC,90.00000000000003,50.51092791267504,5.4961194620316486e-17,0.9246682650949376,-0.41285662772701076,0.4799012665845956,0.4799012665845956,0.8927578943116063,0.9246682650949376,1.3227578943116063,0.6949012665845956
303.5,98.07181000630752,83.55396226241719,-154.57181000630754,154.57181000630754,-140.0539622624172,140.0539622624172,-14.517847743890327,14.517847743890327,-4.440892098500626e-16,1,CbC,89.99999999999999,50.05396226241719,0.0,0.9196942140327868,-0.4146483749302018,0.47771524701653667,0.47771524701653667,0.8923636219467385,0.9196942140327868,1.3223636219467385,0.6927152470165366
304.0,98.07181000630752,83.59736911324747,-154.0718100063075,154.0718100063075,-139.59736911324742,139.59736911324742,-14.47444089306005,14.47444089306005,0.0,1,CbC,90.00000000000001,49.59736911324743,0.0,0.9147503976058412,-0.4164818444032845,0.4754835824253289,0.4754835824253289,0.8919654268286135,0.9147503976058412,1.3219654268286134,0.6904835824253289
304.5,98.07181000630752,83.64114497260837,-153.57181000630754,153.57181000630754,-139.1411449726084,139.1411449726084,-14.430665033699135,14.430665033699135,-4.440892098500626e-16,1,CbC,89.99999999999999,49.141144972608394,0.0,0.909837170172982,-0.41835688526941167,0.47320644283491475,0.47320644283491475,0.8915633281043265,0.909837170172982,1.3215633281043264,0.6882064428349147
305.0,98.07181000630752,83.68528635021521,-153.07181000630752,153.07181000630752,-138.68528635021525,138.68528635021525,-14.3865236560923,14.3865236560923,4.440892098500626e-16,1,CbC,90.00000000000003,48.68528635021518,0.0,0.904954884330764,-0.4202733428774349,0.47088400208915326,0.47088400208915326,0.8911573449665882,0.904954884330764,1.321157344966588,0.6858840020891532
305.5,98.07181000630752,83.72978975818285,-152.5718100063075,152.5718100063075,-138.22978975818282,138.22978975818282,-14.34202024812466,14.34202024812466,0.0,1,CbC,90.00000000000001,48.22978975818282,0.0,0.9001038908870885,-0.4222310588197092,0.46851643783627683,0.46851643783627683,0.8907474966559861,0.9001038908870885,1.320747496655986,0.6835164378362768
306.0,98.07181000630752,83.77465171114831,-152.07181000630754,152.07181000630754,-137.77465171114832,137.77465171114832,-14.297158295159202,14.297158295159202,0.0,1,CbC,90.00000000000003,47.77465171114831,-5.4961194620316486e-17,0.8952845388348797,-0.42422987095022535,0.4661039315130124,0.4661039315130124,0.8903338024632377,0.8952845388348797,1.3203338024632376,0.6811039315130124
306.5,98.07181000630752,83.81986872638801,-151.5718100063075,151.5718100063075,-137.319868726388,137.319868726388,-14.251941279919505,14.251941279919505,0.0,1,CbC,89.99999999999999,47.31986872638801,5.4961194620316486e-17,0.8904971753257666,-0.42626961340306213,0.46364666832837464,0.46364666832837464,0.8899162817314368,0.8904971753257666,1.3199162817314367,0.6786466683283746
307.0,98.07181000630752,83.86543732393056,-151.07181000630754,151.07181000630754,-136.8654373239306,136.8654373239306,-14.206372682376951,14.206372682376951,0.0,1,CbC,90.00000000000001,46.86543732393056,0.0,0.8857421456437895,-0.42835011661115985,0.4611448372471334,0.4611448372471334,0.8894949538582932,0.8857421456437895,1.3194949538582932,0.6761448372471334
307.5,98.07181000630752,83.91135402666457,-150.57181000630752,150.57181000630752,-136.4113540266646,136.4113540266646,-14.160455979642942,14.160455979642942,4.440892098500626e-16,1,CbC,90.00000000000001,46.411354026664554,0.0,0.8810197931791036,-0.43047120732540595,0.4585986309729542,0.4585986309729542,0.8890698382983602,0.8810197931791036,1.31906983829836,0.6735986309729542
308.0,98.07181000630752,83.95761536044225,-150.07181000630752,150.07181000630752,-135.95761536044225,135.95761536044225,-14.114194645865258,14.114194645865258,-4.440892098500626e-16,1,CbC,90.00000000000001,45.957615360442226,0.0,0.8763304594017246,-0.43263270863403763,0.45600824593121814,0.45600824593121814,0.8886409545652558,0.8763304594017246,1.3186409545652558,0.6710082459312181
308.5,98.07181000630752,84.00421785417818,-149.57181000630754,149.57181000630754,-135.5042178541782,135.5042178541782,-14.067592152129338,14.067592152129338,-4.440892098500626e-16,1,CbC,90.00000000000001,45.50421785417817,0.0,0.8716744838352819,-0.434834439982353,0.4533738822515203,0.4533738822515203,0.8882083222338732,0.8716744838352819,1.3182083222338732,0.6683738822515203
309.0,98.07181000630752,84.05115803994383,-149.07181000630752,149.07181000630752,-135.05115803994386,135.05115803994386,-14.020651966363676,14.020651966363676,0.0,1,CbC,90.00000000000001,45.051158039943815,0.0,0.8670522040308182,-0.4370762171927315,0.45069574374985116,0.45069574374985116,0.8877719609425827,0.8670522040308182,1.3177719609425826,0.6656957437498512
309.5,98.07181000630752,84.09843245305771,-148.57181000630754,148.57181000630754,-134.59843245305777,134.59843245305777,-13.973377553249806,13.973377553249806,4.440892098500626e-16,1,CbC,90.00000000000001,44.59843245305771,0.0,0.8624639555406107,-0.4393578524849561,0.4479740379104625,0.4479740379104625,0.8873318903954186,0.8624639555406107,1.3173318903954185,0.6629740379104625
310.0,98.07181000630752,84.14603763217112,-148.07181000630752,148.07181000630752,-134.14603763217113,134.14603763217113,-13.925772374136393,13.925772374136393,0.0,1,CbC,89.99999999999999,44.14603763217113,0.0,0.8579100718920344,-0.44167915449684175,0.44520897586741864,0.44520897586741864,0.8868881303642604,0.8579100718920344,1.3168881303642603,0.6602089758674187
310.5,98.07181000630752,84.19397011935,-147.5718100063075,147.5718100063075,-133.69397011935,133.69397011935,-13.877839886957512,13.877839886957512,8.881784197001252e-16,1,CbC,89.99999999999999,43.69397011934999,0.0,0.8533908845614769,-0.4440399283051607,0.4424007723858398,0.4440399283051607,0.8864407006910004,0.8533908845614769,1.3164407006910004,0.6590399283051607
311.0,98.07181000630752,84.24222646015231,-147.07181000630754,147.07181000630754,-133.24222646015232,133.24222646015232,-13.829583546155204,13.829583546155204,-4.440892098500626e-16,1,CbC,90.00000000000001,43.24222646015231,0.0,0.8489067229482844,-0.44643997544686403,0.43954964584283385,0.44643997544686403,0.8859896212896978,0.8489067229482844,1.3159896212896978,0.6614399754468641
311.5,98.07181000630752,84.29080320370157,-146.57181000630752,146.57181000630752,-132.79080320370159,132.79080320370159,-13.781006802605942,13.781006802605942,0.0,1,CbC,89.99999999999999,42.790803203701586,0.0,0.8444579143487714,-0.44887909394059977,0.43665581820812294,0.44887909394059977,0.8855349121487227,0.8444579143487714,1.3155349121487228,0.6638790939405997
312.0,98.07181000630752,84.33969690275661,-146.07181000630754,146.07181000630754,-132.33969690275666,132.33969690275666,-13.732113103550892,13.732113103550892,0.0,1,CbC,90.00000000000001,42.33969690275663,-5.4961194620316486e-17,0.8400447839302826,-0.4513570783085199,0.43371951502436645,0.4513570783085199,0.8850765933328864,0.8400447839302826,1.3150765933328863,0.6663570783085199
312.5,98.07181000630752,84.38890411377697,-145.57181000630754,145.57181000630754,-131.888904113777,131.888904113777,-13.682905892530536,13.682905892530536,0.0,1,CbC,90.00000000000003,41.88890411377695,0.0,0.8356676547053121,-0.4538737195983785,0.4307409653871831,0.4538737195983785,0.8846146849855616,0.8356676547053121,1.3146146849855616,0.6688737195983785
313.0,98.07181000630752,84.43842139698491,-145.0718100063075,145.0718100063075,-131.4384213969849,131.4384213969849,-13.633388609322605,13.633388609322605,0.0,1,CbC,90.00000000000003,41.43842139698487,0.0,0.8313268475056861,-0.4564288054059113,0.4277204019248718,0.4564288054059113,0.8841492073307831,0.8313268475056861,1.314149207330783,0.6714288054059113
313.5,98.07181000630752,84.4882453164235,-144.57181000630754,144.57181000630754,-130.98824531642353,130.98824531642353,-13.583564689884005,13.583564689884005,0.0,1,CbC,90.00000000000001,40.9882453164235,0.0,0.8270226809568187,-0.4590221198975043,0.4246580607778377,0.4590221198975043,0.883680180675342,0.8270226809568187,1.313680180675342,0.6740221198975043
314.0,98.07181000630752,84.53837244001116,-144.0718100063075,144.0718100063075,-130.5383724400112,130.5383724400112,-13.53343756629635,13.53343756629635,8.881784197001252e-16,1,CbC,90.00000000000003,40.53837244001114,0.0,0.8227554714520334,-0.46165344383314055,0.4215541815777221,0.46165344383314055,0.8832076254108627,0.8227554714520334,1.3132076254108627,0.6766534438331405
314.5,98.07181000630752,84.58879933959228,-143.57181000630752,143.57181000630752,-130.0887993395923,130.0887993395923,-13.483010666715233,13.483010666715233,4.440892098500626e-16,1,CbC,90.00000000000001,40.08879933959225,0.0,0.8185255331269592,-0.46432255458962157,0.41840900742624115,0.46432255458962157,0.8827315620158627,0.8185255331269592,1.3127315620158626,0.6793225545896215
315.0,98.07181000630752,84.63952259098478,-143.07181000630752,143.07181000630752,-129.63952259098483,129.63952259098483,-13.432287415322735,13.432287415322735,8.881784197001252e-16,1,CbC,90.00000000000001,39.639522590984775,-1.0992238924063297e-16,0.8143331778340196,-0.46702922618407144,0.41522278487373543,0.46702922618407144,0.8822520110578069,0.8143331778340197,1.3122520110578069,0.6820292261840715
315.5,98.07181000630752,84.69053877402382,-142.57181000630752,142.57181000630752,-129.19053877402382,129.19053877402382,-13.381271232283689,13.381271232283689,0.0,1,CbC,90.00000000000001,39.19053877402379,0.0,0.8101787151169825,-0.4697732292977071,0.4119957638974289,0.4697732292977071,0.881768993195136,0.8101787151169825,1.311768993195136,0.6847732292977071
316.0,98.07181000630752,84.74184447260232,-142.07181000630754,142.07181000630754,-128.74184447260234,128.74184447260234,-13.329965533705192,13.329965533705192,-4.440892098500626e-16,1,CbC,90.00000000000001,38.74184447260233,0.0,0.8060624521856223,-0.4725543312998817,0.4087281978794087,0.4725543312998817,0.8812825291792904,0.8060624521856223,1.3112825291792904,0.6875543312998817
316.5,98.07181000630752,84.7934362747081,-141.57181000630752,141.57181000630752,-128.2934362747081,128.2934362747081,-13.27837373159941,13.27837373159941,-4.440892098500626e-16,1,CbC,90.00000000000001,38.29343627470808,0.0,0.8019846938904519,-0.47537229627239597,0.4054203435843137,0.47537229627239597,0.8807926398567096,0.8019846938904519,1.3107926398567096,0.6903722962723959
317.0,98.07181000630752,84.84531077245772,-141.07181000630752,141.07181000630752,-127.8453107724577,127.8453107724577,-13.22649923384979,13.22649923384979,-4.440892098500626e-16,1,CbC,90.00000000000001,37.84531077245769,0.0,0.7979457426975687,-0.47822688503407285,0.40207246113675255,0.47822688503407285,0.8802993461708254,0.7979457426975687,1.3102993461708254,0.6932268850340728
317.5,98.07181000630752,84.8974645621272,-140.57181000630754,140.57181000630754,-127.39746456212723,127.39746456212723,-13.174345444180313,13.174345444180313,0.0,1,CbC,90.00000000000003,37.39746456212718,0.0,0.7939458986635868,-0.4811178551655967,0.39868481399843586,0.4811178551655967,0.8798026691640326,0.7939458986635868,1.3098026691640325,0.6961178551655967
318.0,98.07181000630752,84.94989424417952,-140.07181000630752,140.07181000630752,-126.94989424417953,126.94989424417953,-13.121915762128,13.121915762128,4.440892098500626e-16,1,CbC,90.00000000000001,36.9498942441795,0.0,0.789985459410672,-0.4840449610346095,0.3952576689450364,0.4840449610346095,0.8793026299796458,0.789985459410672,1.3093026299796457,0.6990449610346094
318.5,98.07181000630752,85.00259642328918,-139.57181000630754,139.57181000630754,-126.50259642328922,126.50259642328922,-13.069213583018337,13.069213583018337,0.0,1,CbC,90.00000000000001,36.50259642328919,0.0,0.7860647201017007,-0.4870079538210679,0.39179129604277685,0.4870079538210679,0.8787992498638447,0.7860647201017007,1.3087992498638448,0.7020079538210678
319.0,98.07181000630752,85.05556770836358,-139.07181000630752,139.07181000630752,-126.0555677083636,126.0555677083636,-13.016242297943922,13.016242297943922,0.0,1,CbC,90.00000000000001,36.05556770836357,0.0,0.7821839734155002,-0.49000658154285176,0.3882859686247427,0.49000658154285176,0.8782925501675944,0.7821839734155002,1.3082925501675944,0.7050065815428518
319.5,98.07181000630752,85.10880471256162,-138.5718100063075,138.5718100063075,-125.60880471256162,125.60880471256162,-12.963005293745885,12.963005293745885,4.440892098500626e-16,1,CbC,90.00000000000001,35.60880471256159,0.0,0.7783435095222315,-0.4930405890816258,0.38474196326693394,0.4930405890816258,0.8777825523485597,0.7783435095222315,1.3077825523485598,0.7080405890816258
320.0,98.07181000630752,85.1623040533093,-138.07181000630754,138.07181000630754,-125.16230405330933,125.16230405330933,-12.909505952998213,12.909505952998213,0.0,1,CbC,90.00000000000001,35.1623040533093,0.0,0.7745436160588736,-0.4961097182089514,0.3811595597640438,0.4961097182089514,0.8772692779729951,0.7745436160588736,1.307269277972995,0.7111097182089514
320.5,98.07181000630752,85.21606235231252,-137.5718100063075,137.5718100063075,-124.71606235231252,124.71606235231252,-12.855747653994996,12.855747653994996,0.0,1,CbC,90.00000000000001,34.71606235231249,0.0,0.7707845781048281,-0.49921370761264583,0.37753904110497594,0.49921370761264583,0.8767527487176218,0.7707845781048281,1.3067527487176218,0.7142137076126458
321.0,98.07181000630752,85.27007623556715,-137.07181000630754,137.07181000630754,-124.27007623556717,124.27007623556717,-12.801733770740368,12.801733770740368,-4.440892098500626e-16,1,CbC,90.00000000000001,34.27007623556716,0.0,0.7670666781576636,-0.5023522929233838,0.3738806934481046,0.5023522929233838,0.8762329863714884,0.7670666781576636,1.3062329863714883,0.7173522929233838
321.5,98.07181000630752,85.32434233336639,-136.57181000630752,136.57181000630752,-123.82434233336637,123.82434233336637,-12.747467672941127,12.747467672941127,0.0,1,CbC,90.00000000000001,33.824342333366374,0.0,0.7633901961089683,-0.5055252067415439,0.3701848060962695,0.5055252067415439,0.8757100128378135,0.7633901961089683,1.3057100128378134,0.7205252067415439
322.0,98.07181000630752,85.37885728030541,-136.0718100063075,136.0718100063075,-123.37885728030541,123.37885728030541,-12.692952726002106,12.692952726002106,4.440892098500626e-16,1,CbC,90.00000000000001,33.378857280305375,0.0,0.7597554092203528,-0.5087321786642908,0.3664516714715209,0.5087321786642908,0.8751838501358117,0.7597554092203528,1.3051838501358117,0.7237321786642907
322.5,98.07181000630752,85.43361771528343,-135.57181000630754,135.57181000630754,-122.93361771528348,122.93361771528348,-12.638192291024078,12.638192291024078,4.440892098500626e-16,1,CbC,90.00000000000001,32.93361771528344,0.0,0.7561625920995743,-0.5119729353128972,0.3626815850896064,0.5119729353128972,0.8746545204025036,0.7561625920995743,1.3046545204025035,0.7269729353128972
323.0,98.07181000630752,85.48862028150336,-135.07181000630752,135.07181000630752,-122.48862028150334,122.48862028150334,-12.583189724804159,12.583189724804159,-4.440892098500626e-16,1,CbC,90.00000000000001,32.48862028150334,0.0,0.7526120166768103,-0.5152472003603009,0.35887484553420723,0.5152472003603009,0.8741220458945081,0.7526120166768103,1.3041220458945082,0.7302472003603009
323.5,98.07181000630752,85.54386162646867,-134.5718100063075,134.5718100063075,-122.04386162646863,122.04386162646863,-12.527948379838836,12.527948379838836,0.0,1,CbC,90.00000000000001,32.04386162646864,0.0,0.7491039521810662,-0.5185546945588886,0.35503175443092844,0.5185546945588886,0.8735864489898171,0.7491039521810662,1.303586448989817,0.7335546945588886
324.0,98.07181000630752,85.59933840197822,-134.07181000630752,134.07181000630752,-121.59933840197822,121.59933840197822,-12.472471604329295,12.472471604329295,0.0,1,CbC,90.00000000000001,31.599338401978216,0.0,0.7456386651167335,-0.5218951357685137,0.35115261642103995,0.5218951357685137,0.8730477521895537,0.7456386651167335,1.3030477521895536,0.7368951357685136
324.5,98.07181000630752,85.65504726411837,-133.5718100063075,133.5718100063075,-121.15504726411835,121.15504726411835,-12.416762742189151,12.416762742189151,0.0,1,CbC,90.00000000000003,31.15504726411832,1.5589098361004953e-17,0.7422164192402951,-0.5252682389847401,0.34723773913497236,0.5252682389847401,0.8725059781197124,0.7422164192402951,1.3025059781197124,0.74026823898474
325.0,98.07181000630752,85.71098487325285,-133.07181000630754,133.07181000630754,-120.71098487325291,120.71098487325291,-12.360825133054664,12.360825133054664,4.440892098500626e-16,1,CbC,90.00000000000001,30.710984873252855,0.0,0.7388374755371857,-0.5286737163673076,0.34328743316557714,0.5286737163673076,0.8719611495328847,0.7388374755371857,1.3019611495328847,0.7436737163673076
325.5,98.07181000630752,85.76714789401059,-132.57181000630752,132.57181000630752,-120.26714789401063,120.26714789401063,-12.304662112296924,12.304662112296924,4.440892098500626e-16,1,CbC,90.00000000000001,30.26714789401058,0.0,0.7355020921987987,-0.5321112772688222,0.3393020120411403,0.5321112772688222,0.8714132893099625,0.7355020921987987,1.3014132893099626,0.7471112772688222
326.0,98.07181000630752,85.82353299527088,-132.07181000630752,132.07181000630752,-119.82353299527088,119.82353299527088,-12.248277011036636,12.248277011036636,0.0,1,CbC,89.99999999999999,29.823532995270863,-1.5589098361004953e-17,0.7322105245996633,-0.5355806282636618,0.3352817921981653,0.5355806282636618,0.8708624204618272,0.7322105245996633,1.300862420461827,0.7505806282636618
326.5,98.07181000630752,85.8801368501468,-131.57181000630752,131.57181000630752,-119.38013685014683,119.38013685014683,-12.19167315616071,12.19167315616071,4.440892098500626e-16,1,CbC,90.00000000000001,29.380136850146798,0.0,0.7289630252747777,-0.5390814731771018,0.33122709295392117,0.5390814731771018,0.8703085661310229,0.7289630252747777,1.300308566131023,0.7540814731771017
327.0,98.07181000630752,85.9369561359661,-131.07181000630752,131.07181000630752,-118.9369561359661,118.9369561359661,-12.13485387034141,12.13485387034141,-4.440892098500626e-16,1,CbC,89.99999999999999,28.936956135966103,-7.794549180502477e-18,0.7257598438971047,-0.5426135131146536,0.3271382364787535,0.5426135131146536,0.8697517495934071,0.7257598438971047,1.299751749593407,0.7576135131146535
327.5,98.07181000630752,85.99398753425048,-130.57181000630754,130.57181000630754,-118.4939875342505,118.4939875342505,-12.077822472057036,12.077822472057036,-4.440892098500626e-16,1,CbC,90.00000000000003,28.493987534250472,-1.0992238924063297e-16,0.7226012272552387,-0.5461764464916125,0.323015547768176,0.5461764464916125,0.8691919942597884,0.7226012272552388,1.2991919942597885,0.7611764464916124
328.0,98.07181000630752,86.05122773069222,-130.07181000630754,130.07181000630754,-118.05122773069223,118.05122773069223,-12.020582275615293,12.020582275615293,0.0,1,CbC,90.00000000000001,28.05122773069221,-1.1771693842113545e-16,0.719487419231245,-0.5497699690628183,0.31885935461472653,0.5497699690628183,0.8686293236775449,0.7194874192312452,1.2986293236775448,0.7647699690628182
328.5,98.07181000630752,86.10867341512946,-129.57181000630752,129.57181000630752,-117.60867341512946,117.60867341512946,-11.963136591178047,11.963136591178047,0.0,1,CbC,89.99999999999999,27.608673415129456,7.794549180502477e-18,0.716418660778671,-0.5533937739526195,0.31466998757960524,0.5533937739526195,0.8680637615322246,0.716418660778671,1.2980637615322246,0.7683937739526194
329.0,98.07181000630752,86.16632128151917,-129.07181000630754,129.07181000630754,-117.16632128151919,117.16632128151919,-11.90548872478833,11.90548872478833,-4.440892098500626e-16,1,CbC,89.99999999999999,27.166321281519213,0.0,0.7133951899007319,-0.5570475516850404,0.31044777996408895,0.5570475516850404,0.8674953316491294,0.7133951899007319,1.2974953316491293,0.7720475516850404
329.5,98.07181000630752,86.22416802790822,-128.57181000630752,128.57181000630752,-116.72416802790826,116.72416802790826,-11.847641978399292,11.847641978399292,4.440892098500626e-16,1,CbC,90.00000000000001,26.7241680279082,1.5589098361004953e-17,0.7104172416286815,-0.5607309902141545,0.3061930677807246,0.5607309902141545,0.8669240579948791,0.7104172416286815,1.296924057994879,0.7757309902141545
330.0,98.07181000630752,86.28221035640262,-128.07181000630752,128.07181000630752,-116.28221035640263,116.28221035640263,-11.789599649904897,11.789599649904897,0.0,1,CbC,90.00000000000003,26.28221035640262,0.0,0.7074850480003642,-0.5644437749546494,0.3019061897243113,0.5644437749546494,0.8663499646789607,0.7074850480003642,1.2963499646789607,0.7794437749546493
330.5,98.07181000630752,86.34044497313513,-127.57181000630753,127.57181000630753,-115.84044497313512,115.84044497313512,-11.731365033172382,11.731365033172382,-4.440892098500626e-16,1,CbC,90.00000000000001,25.84044497313512,-7.794549180502477e-18,0.7045988380389454,-0.5681855888125944,0.2975874871426636,0.5681855888125944,0.865773075955258,0.7045988380389454,1.295773075955258,0.7831855888125944
331.0,98.07181000630752,86.398868588231,-127.07181000630752,127.07181000630752,-115.39886858823097,115.39886858823097,-11.67294141807652,11.67294141807652,-4.440892098500626e-16,1,CbC,90.00000000000003,25.39886858823095,-1.1771693842113545e-16,0.7017588377318495,-0.5719561122163982,0.29323730400716763,0.5719561122163982,0.8651934162235658,0.7017588377318497,1.2951934162235659,0.7869561122163982
331.5,98.07181000630752,86.45747791577169,-126.57181000630752,126.57181000630752,-114.95747791577173,114.95747791577173,-11.61433209053582,11.61433209053582,8.881784197001252e-16,1,CbC,90.00000000000001,24.957477915771694,1.5589098361004953e-17,0.6989652700098646,-0.575755023147958,0.28885598688312425,0.575755023147958,0.8646110100310822,0.6989652700098646,1.2946110100310821,0.790755023147958
332.0,98.07181000630752,86.51626967375756,-126.07181000630753,126.07181000630753,-114.51626967375755,114.51626967375755,-11.555540332549947,11.555540332549947,-4.440892098500626e-16,1,CbC,90.00000000000001,24.51626967375754,7.794549180502477e-18,0.6962183547264594,-0.5795819971739982,0.2844438848998893,0.5795819971739982,0.8640258820738875,0.6962183547264594,1.2940258820738875,0.7945819971739981
332.5,98.07181000630752,86.57524058406814,-125.5718100063075,125.5718100063075,-114.07524058406815,114.07524058406815,-11.496569422239364,11.496569422239364,4.440892098500626e-16,1,CbC,89.99999999999999,24.07524058406814,-7.794549180502477e-18,0.6935183086372897,-0.5834367074775936,0.2800013497208101,0.5834367074775936,0.8634380571984037,0.6935183086372897,1.2934380571984037,0.7984367074775935
333.0,98.07181000630752,86.63438737242153,-125.07181000630753,125.07181000630753,-113.63438737242157,113.63438737242157,-11.437422633885983,11.437422633885983,4.440892098500626e-16,1,CbC,90.00000000000003,23.634387372421507,1.5589098361004953e-17,0.6908653453799042,-0.5873188248898772,0.2755287355129593,0.5873188248898772,0.8628475604028365,0.6908653453799042,1.2928475604028364,0.8023188248898772
333.5,98.07181000630752,86.69370676833152,-124.57181000630752,124.57181000630752,-113.19370676833152,113.19370676833152,-11.378103237975992,11.378103237975992,0.0,1,CbC,90.00000000000001,23.19370676833149,-7.794549180502477e-18,0.6882596754536565,-0.5912280179219281,0.2710263989166705,0.5912280179219281,0.8622544168385986,0.6882596754536565,1.2922544168385985,0.8062280179219281
334.0,98.07181000630752,86.75319550506391,-124.07181000630754,124.07181000630754,-112.75319550506396,112.75319550506396,-11.318614501243598,11.318614501243598,0.0,1,CbC,90.00000000000001,22.753195505063925,-7.794549180502477e-18,0.6857015061998185,-0.5951639527968376,0.266494699014881,0.5951639527968376,0.8616586518117186,0.6857015061998185,1.2916586518117186,0.8101639527968376
334.5,98.07181000630752,86.81285031959081,-123.57181000630753,123.57181000630753,-112.31285031959081,112.31285031959081,-11.258959686716711,11.258959686716711,0.0,1,CbC,90.00000000000001,22.312850319590783,7.794549180502477e-18,0.6831910417818953,-0.5991262934819519,0.2619339973022754,0.5991262934819519,0.8610602907842273,0.6831910417818953,1.2910602907842272,0.8141262934819519
335.0,98.07181000630752,86.87266795254362,-123.0718100063075,123.0718100063075,-111.87266795254362,111.87266795254362,-11.19914205376389,11.19914205376389,0.0,1,CbC,90.00000000000001,21.87266795254359,-7.794549180502477e-18,0.6807284831661672,-0.6031147017212853,0.25734465765424624,0.6031147017212853,0.8604593593755316,0.6807284831661672,1.2904593593755316,0.8181147017212853
335.5,98.07181000630752,86.93264514816485,-122.57181000630754,122.57181000630754,-111.4326451481649,111.4326451481649,-11.139164858142657,11.139164858142657,4.440892098500626e-16,1,CbC,90.00000000000003,21.432645148164838,-1.5589098361004953e-17,0.6783140281024246,-0.6071288370681066,0.2527270462956608,0.6071288370681066,0.8598558833637674,0.6783140281024246,1.2898558833637674,0.8221288370681066
336.0,98.07181000630752,86.99277865425816,-122.07181000630752,122.07181000630752,-110.99277865425813,110.99277865425813,-11.079031352049347,11.079031352049347,-4.440892098500626e-16,1,CbC,90.00000000000001,20.992778654258146,-7.794549180502477e-18,0.675947871104924,-0.6111683569176917,0.2480815317694432,0.6111683569176917,0.8592498886871349,0.675947871104924,1.2892498886871349,0.8261683569176916
336.5,98.07181000630752,87.0530652221374,-121.57181000630754,121.57181000630754,-110.55306522213746,110.55306522213746,-11.018744784170105,11.018744784170105,4.440892098500626e-16,1,CbC,90.00000000000001,20.553065222137416,7.794549180502477e-18,0.673630203433573,-0.6152329165402419,0.24340848490497777,0.6152329165402419,0.8586414014452197,0.673630203433573,1.2886414014452197,0.8302329165402419
337.0,98.07181000630752,87.11350160657419,-121.07181000630753,121.07181000630753,-110.11350160657418,110.11350160657418,-10.958308399733328,10.958308399733328,-4.440892098500626e-16,1,CbC,90.00000000000001,20.113501606574175,-1.5589098361004953e-17,0.6713612130753142,-0.6193221691139656,0.23870827878632617,0.6193221691139656,0.8580304479002918,0.6713612130753142,1.2880304479002918,0.8343221691139656
337.5,98.07181000630752,87.1740845657442,-120.57181000630752,120.57181000630752,-109.67408456574417,109.67408456574417,-10.897725440563319,10.897725440563319,-4.440892098500626e-16,1,CbC,90.00000000000001,19.674084565744163,-7.794549180502477e-18,0.6691410847257457,-0.623435765758317,0.23398128872027435,0.623435765758317,0.8574170544785914,0.6691410847257457,1.2874170544785914,0.838435765758317
338.0,98.07181000630752,87.23481086117232,-120.07181000630754,120.07181000630754,-109.23481086117235,109.23481086117235,-10.83699914513519,10.83699914513519,0.0,1,CbC,90.00000000000001,19.23481086117232,-7.794549180502477e-18,0.6669699997709615,-0.6275733555673952,0.22922789220419798,0.6275733555673952,0.8568012477715932,0.6669699997709615,1.286801247771593,0.8425733555673952
338.5,98.07181000630752,87.29567725767657,-119.57181000630752,119.57181000630752,-108.79567725767657,108.79567725767657,-10.776132748630936,10.776132748630936,-4.440892098500626e-16,1,CbC,89.99999999999999,18.79567725767658,7.794549180502477e-18,0.6648481362696166,-0.6317345856434986,0.22444846889375797,0.6317345856434986,0.8561830545372566,0.6648481362696166,1.2861830545372566,0.8467345856434986
339.0,98.07181000630752,87.35668052331087,-119.07181000630756,119.07181000630756,-108.3566805233109,108.3566805233109,-10.71512948299664,10.71512948299664,-4.440892098500626e-16,1,CbC,90.00000000000001,18.356680523310885,7.794549180502477e-18,0.6627756689352224,-0.6359191011308267,0.21964340057043039,0.6359191011308267,0.8555625017012571,0.6627756689352224,1.285562501701257,0.8509191011308267
339.5,98.07181000630752,87.4178174293065,-118.5718100063075,118.5718100063075,-107.9178174293065,107.9178174293065,-10.653992577001022,10.653992577001022,0.0,1,CbC,90.00000000000001,17.917817429306485,-7.794549180502477e-18,0.6607527691186698,-0.6401265452493365,0.21481307110886166,0.6401265452493365,0.8549396163581982,0.6607527691186698,1.284939616358198,0.8551265452493365
340.0,98.07181000630752,87.47908475001276,-118.07181000630752,118.07181000630752,-107.47908475001275,107.47908475001275,-10.592725256294747,10.592725256294747,-4.440892098500626e-16,1,CbC,90.00000000000001,17.47908475001274,-7.794549180502477e-18,0.6587796047909947,-0.6443565593287427,0.20995786644406916,0.6443565593287427,0.8543144257728119,0.6587796047909947,1.2843144257728119,0.8593565593287427
340.5,98.07181000630752,87.54047926283639,-117.57181000630752,117.57181000630752,-107.04047926283641,107.04047926283641,-10.53133074347113,10.53133074347113,4.440892098500626e-16,1,CbC,90.00000000000001,17.040479262836385,-1.216142130113867e-16,0.6568563405263604,-0.648608782842662,0.2050781745384717,0.648608782842662,0.8536869573811336,0.6568563405263605,1.2836869573811336,0.863608782842662
341.0,98.07181000630752,87.60199774817993,-117.0718100063075,117.0718100063075,-106.60199774817993,106.60199774817993,-10.46981225812759,10.46981225812759,0.0,1,CbC,90.00000000000001,16.6019977481799,1.1691823770753715e-17,0.6549831374852989,-0.6528828534429019,0.2001743853487657,0.6528828534429019,0.8530572387916675,0.6549831374852989,1.2830572387916674,0.8678828534429018
341.5,98.07181000630752,87.66363698937914,-116.5718100063075,116.5718100063075,-106.16363698937911,106.16363698937911,-10.408173016928366,10.408173016928366,-4.440892098500626e-16,1,CbC,90.00000000000001,16.16363698937911,-1.1691823770753715e-17,0.6531601533981715,-0.6571784069938824,0.19524689079264584,0.6571784069938824,0.8524252977865283,0.6531601533981715,1.2824252977865283,0.8721784069938824
342.0,98.07181000630752,87.72539377263945,-116.07181000630753,116.07181000630753,-105.72539377263945,105.72539377263945,-10.346416233668057,10.346416233668057,-4.440892098500626e-16,1,CbC,90.00000000000001,15.72539377263945,1.1691823770753715e-17,0.6513875425488836,-0.6614950776071997,0.19029608471537052,0.6614950776071997,0.8517911623225702,0.6513875425488836,1.2817911623225702,0.8764950776071997
342.5,98.07181000630752,87.78726488697139,-115.57181000630752,115.57181000630752,-105.28726488697141,105.28726488697141,-10.284545119336121,10.284545119336121,4.440892098500626e-16,1,CbC,90.00000000000001,15.287264886971366,-1.1691823770753715e-17,0.649665455758837,-0.6658324976763214,0.18532236285617484,0.6658324976763214,0.8511548605324962,0.649665455758837,1.2811548605324963,0.8808324976763213
343.0,98.07181000630752,87.84924712412521,-115.07181000630754,115.07181000630754,-104.84924712412524,104.84924712412524,-10.2225628821823,10.2225628821823,0.0,1,CbC,90.00000000000003,14.849247124125206,-7.794549180502477e-18,0.6479940403711277,-0.6701902979114078,0.1803261228145435,0.6701902979114078,0.8505164207259513,0.6479940403711277,1.2805164207259514,0.8851902979114078
343.5,98.07181000630752,87.9113372785245,-114.57181000630752,114.57181000630752,-104.41133727852453,104.41133727852453,-10.160472727783008,10.160472727783008,4.440892098500626e-16,1,CbC,90.00000000000003,14.411337278524476,-1.1691823770753715e-17,0.6463734402349904,-0.6745681073742708,0.17530776401632583,0.6745681073742708,0.8498758713905966,0.6463734402349904,1.2798758713905967,0.8895681073742707
344.0,98.07181000630752,87.97353214719908,-114.0718100063075,114.0718100063075,-103.97353214719905,103.97353214719905,-10.09827785910843,10.09827785910843,-2.220446049250313e-16,1,CbC,90.00000000000001,13.97353214719905,-1.216142130113867e-16,0.6448037956904897,-0.6789655535134462,0.17026768767972206,0.6789655535134462,0.8492332411931682,0.6448037956904898,1.2792332411931682,0.8939655535134462
344.5,98.07181000630752,88.03582852971697,-113.57181000630753,113.57181000630753,-103.53582852971698,103.53582852971698,-10.035981476590544,10.035981476590544,0.0,1,CbC,90.00000000000001,13.535828529716962,7.794549180502477e-18,0.6432852435534698,-0.6833822621993992,0.16520629678112,0.6833822621993992,0.8485885589805192,0.6432852435534698,1.2785885589805193,0.8983822621993992
345.0,98.07181000630752,88.09822322811556,-113.0718100063075,113.0718100063075,-103.09822322811557,103.09822322811557,-9.973586778191947,9.973586778191947,2.220446049250313e-16,1,CbC,90.00000000000001,13.098223228115543,-1.1691823770753715e-17,0.6418179171007424,-0.6878178577598436,0.16012399602079755,0.6878178577598436,0.8479418537806411,0.6418179171007424,1.277941853780641,0.9028178577598436
345.5,98.07181000630752,88.1607130468321,-112.57181000630754,112.57181000630754,-102.6607130468321,102.6607130468321,-9.911096959475415,9.911096959475415,-4.440892098500626e-16,1,CbC,90.00000000000001,12.660713046832107,1.1691823770753715e-17,0.6404019460555431,-0.6922719630151781,0.15502119178849466,0.6922719630151781,0.8472931548036728,0.6404019460555431,1.2772931548036728,0.9072719630151781
346.0,98.07181000630752,88.22329479263331,-112.07181000630752,112.07181000630752,-102.22329479263333,102.22329479263333,-9.848515213674197,9.848515213674197,0.0,1,CbC,90.00000000000001,12.223294792633302,-1.1691823770753715e-17,0.6390374565732302,-0.6967441993140412,0.14989829212884578,0.6967441993140412,0.846642491442887,0.6390374565732302,1.2766424914428869,0.9117441993140412
346.5,98.07181000630752,88.2859652745444,-111.5718100063075,111.5718100063075,-101.7859652745444,101.7859652745444,-9.785844731763108,9.785844731763108,2.220446049250313e-16,1,CbC,90.00000000000001,11.78596527454437,1.1691823770753715e-17,0.6377245712272526,-0.7012341865689713,0.1447557067066944,0.7012341865689713,0.8459898932756658,0.6377245712272526,1.2759898932756657,0.9162341865689713
347.0,98.07181000630752,88.34872130377735,-111.07181000630753,111.07181000630753,-101.34872130377735,101.34872130377735,-9.723088702530157,9.723088702530157,-4.440892098500626e-16,1,CbC,90.00000000000001,11.348721303777355,-1.1691823770753715e-17,0.6364634089953675,-0.7057415432921801,0.13959384677227163,0.7057415432921801,0.8453353900644517,0.6364634089953675,1.2753353900644517,0.92074154329218
347.5,98.07181000630752,88.41155969365848,-110.57181000630752,110.57181000630752,-100.91155969365849,100.91155969365849,-9.66025031264904,9.66025031264904,4.440892098500626e-16,1,CbC,90.00000000000001,10.911559693658452,-7.794549180502477e-18,0.6352540852461201,-0.7102658866314341,0.13441312512625514,0.7102658866314341,0.8446790117576892,0.6352540852461201,1.2746790117576892,0.925265886631434
348.0,98.07181000630752,88.47447725955544,-110.07181000630754,110.07181000630754,-100.47447725955548,100.47447725955548,-9.597332746752063,9.597332746752063,2.220446049250313e-16,1,CbC,90.00000000000001,10.474477259555458,1.1691823770753715e-17,0.6340967117255925,-0.7148068324060296,0.12921395608471253,0.7148068324060296,0.8440207884907421,0.6340967117255925,1.2740207884907422,0.9298068324060296
348.5,98.07181000630752,88.53747081880367,-109.57181000630752,109.57181000630752,-100.0374708188037,100.0374708188037,-9.534339187503837,9.534339187503837,2.220446049250313e-16,1,CbC,90.00000000000001,10.037470818803667,-7.794549180502477e-18,0.6329913965444052,-0.719363995142881,0.12399675544391794,0.719363995142881,0.8433607505867989,0.6329913965444052,1.273360750586799,0.9343639951428809
349.0,98.07181000630752,88.60053719063201,-109.0718100063075,109.0718100063075,-99.600537190632,99.600537190632,-9.4712728156755,9.4712728156755,0.0,1,CbC,90.00000000000001,9.600537190631984,-7.794549180502477e-18,0.6319382441649894,-0.7239369881126956,0.11876194044506243,0.7239369881126956,0.842698928557758,0.6319382441649894,1.272698928557758,0.9389369881126955
349.5,98.07181000630752,88.66367319608808,-108.57181000630753,108.57181000630753,-99.16367319608811,99.16367319608811,-9.408136810219432,9.408136810219432,2.220446049250313e-16,1,CbC,90.00000000000001,9.163673196088086,-7.794549180502477e-18,0.6309373553891263,-0.7285254233662487,0.11350992973884802,0.7285254233662487,0.8420353531050967,0.6309373553891263,1.2720353531050967,0.9435254233662487
350.0,98.07181000630752,88.72687565796289,-108.07181000630752,108.07181000630752,-98.72687565796289,98.72687565796289,-9.344934348344612,9.344934348344612,-2.220446049250313e-16,1,CbC,90.00000000000001,8.726875657962882,-1.1691823770753715e-17,0.6299888273457526,-0.7331289117707528,0.10824114334997063,0.7331289117707528,0.8413700551207234,0.6299888273457526,1.2713700551207234,0.9481289117707528
350.5,98.07181000630752,88.79014140071506,-107.57181000630749,107.57181000630749,-98.29014140071506,98.29014140071506,-9.281668605592458,9.281668605592458,4.440892098500626e-16,1,CbC,90.00000000000001,8.290141400715015,-7.794549180502477e-18,0.6290927534790319,-0.7377470630463089,0.10295600264150287,0.7377470630463089,0.8407030656878117,0.6290927534790319,1.2707030656878118,0.9527470630463089
351.0,98.07181000630752,88.85346725039443,-107.07181000630753,107.07181000630753,-97.85346725039446,97.85346725039446,-9.218342755913076,9.218342755913076,2.220446049250313e-16,1,CbC,90.00000000000001,7.85346725039443,-1.1691823770753715e-17,0.6282492235367041,-0.7423794858024491,0.09765493027916887,0.7423794858024491,0.8400344160816179,0.6282492235367041,1.270034416081618,0.957379485802449
351.5,98.07181000630752,88.9168500345655,-106.5718100063075,106.5718100063075,-97.41685003456547,97.41685003456547,-9.154959971742018,9.154959971742018,-2.220446049250313e-16,1,CbC,90.00000000000001,7.416850034565472,-7.794549180502477e-18,0.6274583235586981,-0.7470257875747637,0.09233835019551631,0.7470257875747637,0.83936413777028,0.6274583235586981,1.26936413777028,0.9620257875747636
352.0,98.07181000630752,88.98028658222994,-106.07181000630753,106.07181000630753,-96.98028658222995,96.98028658222995,-9.091523424077577,9.091523424077577,-2.220446049250313e-16,1,CbC,90.00000000000001,6.980286582229941,-7.794549180502477e-18,0.6267201358660219,-0.7516855748616039,0.08700668755399774,0.7516855748616039,0.8386922624156017,0.6267201358660219,1.2686922624156016,0.9666855748616039
352.5,98.07181000630752,89.04377372374924,-105.57181000630752,105.57181000630752,-96.54377372374925,96.54377372374925,-9.02803628255827,9.02803628255827,2.220446049250313e-16,1,CbC,90.00000000000001,6.5437737237492275,-9.743186475628096e-18,0.6260347390499273,-0.7563584531608679,0.08166036871294885,0.7563584531608679,0.8380188218738167,0.6260347390499273,1.2680188218738166,0.9713584531608679
353.0,98.07181000630752,89.1073082907666,-105.0718100063075,105.0718100063075,-96.1073082907666,96.1073082907666,-8.964501715540914,8.964501715540914,2.220446049250313e-16,1,CbC,90.00000000000001,6.107308290766563,-9.743186475628096e-18,0.6254022079613484,-0.7610440270068561,0.07629982118948145,0.7610440270068561,0.8373438481963376,0.6254022079613484,1.2673438481963375,0.9760440270068561
353.5,98.07181000630752,89.17088711612851,-104.57181000630753,104.57181000630753,-95.6708871161285,95.6708871161285,-8.900922890179,8.900922890179,-4.440892098500626e-16,1,CbC,90.00000000000003,5.670887116128494,-1.1691823770753715e-17,0.6248226137006149,-0.765741900007204,0.07092547362328162,0.765741900007204,0.8366673736304856,0.6248226137006149,1.2666673736304856,0.980741900007204
354.0,98.07181000630752,89.23450703380618,-104.0718100063075,104.0718100063075,-95.23450703380617,95.23450703380617,-8.837302972501325,8.837302972501325,-2.220446049250313e-16,1,CbC,90.00000000000001,5.234507033806163,-1.1966557571626106e-16,0.6242960236074465,-0.7704516748798796,0.06553775574032433,0.7704516748798796,0.835989430620204,0.6242960236074466,1.265989430620204,0.9854516748798796
354.5,98.07181000630752,89.29816487881646,-103.57181000630754,103.57181000630754,-94.79816487881651,94.79816487881651,-8.773645127491045,8.773645127491045,2.220446049250313e-16,1,CbC,90.00000000000003,4.798164878816462,-9.743186475628096e-18,0.6238225012512244,-0.7751729534902495,0.06013709831650407,0.7751729534902495,0.8353100518067536,0.6238225012512244,1.2653100518067535,0.9901729534902495
355.0,98.07181000630752,89.3618574871425,-103.07181000630752,103.07181000630752,-94.36185748714249,94.36185748714249,-8.709952519165013,8.709952519165013,-2.220446049250313e-16,1,CbC,90.00000000000003,4.361857487142474,-1.1691823770753715e-17,0.6234021064215384,-0.7799053368882078,0.05472393314118288,0.7799053368882078,0.8346292700293907,0.6234021064215384,1.2646292700293906,0.9949053368882078
355.5,98.07181000630752,89.42558169565416,-102.5718100063075,102.5718100063075,-93.92558169565416,93.92558169565416,-8.646228310653356,8.646228310653356,2.220446049250313e-16,1,CbC,89.99999999999999,3.92558169565415,-9.743186475628096e-18,0.6230348951190268,-0.7846484253453643,0.04929869298066489,0.7846484253453643,0.8339471183260292,0.6230348951190268,1.2639471183260291,0.9996484253453642
356.0,98.07181000630752,89.48933434202834,-102.07181000630753,102.07181000630753,-93.48933434202836,93.48933434202836,-8.582475664279166,8.582475664279166,0.0,1,CbC,90.00000000000001,3.4893343420283456,-0.00018865769611408058,0.622720919546479,-0.789401818392291,0.043861811541589926,0.789401818392291,0.8332636299338809,0.6229095772425931,1.2632636299338809,1.004401818392291
356.5,98.07181000630752,89.55311226466867,-101.57181000630752,101.57181000630752,-93.05311226466868,93.05311226466868,-8.518697741638846,8.518697741638846,2.220446049250313e-16,1,CbC,90.00000000000001,3.053112264668647,-0.0012605674842620827,0.622460228100237,-0.7941651148558243,0.03841372343425798,0.7941651148558243,0.8325788382900823,0.6237207955844991,1.2625788382900822,1.0091651148558243
357.0,98.07181000630752,89.61691230262542,-101.07181000630754,101.07181000630754,-92.61691230262545,92.61691230262545,-8.454897703682084,8.454897703682084,0.0,1,CbC,90.00000000000001,2.6169123026254395,-0.002278656623452223,0.6222528653618764,-0.7989379128964146,0.032954864135887295,0.7989379128964146,0.8318927770323019,0.6245315219853286,1.2618927770323018,1.0139379128964146
357.5,98.07181000630752,89.6807312955151,-100.57181000630752,100.57181000630752,-92.1807312955151,92.1807312955151,-8.391078710792408,8.391078710792408,-2.220446049250313e-16,1,CbC,90.00000000000001,2.1807312955150944,-0.003242842442539616,0.6220988720901643,-0.8037198100455306,0.027485669953798874,0.8037198100455306,0.8312054799993295,0.6253417145327039,1.2612054799993295,1.0187198100455306
358.0,98.07181000630752,89.74456608343971,-100.0718100063075,100.0718100063075,-91.74456608343968,91.74456608343968,-8.327243922867803,8.327243922867803,-2.220446049250313e-16,1,CbC,90.00000000000001,1.7445660834396786,-0.004153046259513461,0.6219982852133098,-0.8085104032431026,0.022006577988545096,0.8085104032431026,0.8305169812316477,0.6261513314728233,1.2605169812316477,1.0235104032431026
358.5,98.07181000630752,89.80841350690613,-99.57181000630753,99.57181000630753,-91.30841350690616,91.30841350690616,-8.263396499401372,8.263396499401372,0.0,1,CbC,90.00000000000001,1.3084135069061424,-0.0050091933885168805,0.6219511378214995,-0.8133092888750123,0.016518026096973466,0.8133092888750123,0.8298273149719858,0.6269603312100164,1.2598273149719859,1.0283092888750123
359.0,98.07181000630752,89.87227040674533,-99.07181000630752,99.07181000630752,-90.87227040674534,90.87227040674534,-8.199539599562186,8.199539599562186,2.220446049250313e-16,1,CbC,90.00000000000001,0.8722704067453092,-0.005811213146564477,0.6219574591597191,-0.8181160628106244,0.011020452855231292,0.8181160628106244,0.8291365156658558,0.6277686723062836,1.2591365156658558,1.0331160628106244
359.5,98.07181000630752,89.93613362403123,-98.57181000630749,98.57181000630749,-90.43613362403123,90.43613362403123,-8.13567638227628,8.13567638227628,2.220446049250313e-16,1,CbC,89.99999999999999,0.436133624031222,-0.006559038859957008,0.6220172746208581,-0.8229303204403474,0.005514297521721287,0.8229303204403474,0.8284446179620687,0.6285763134808151,1.2584446179620687,1.0379303204403474
