theta0_degrees,theta_tangent_degrees,theta_error_degrees,theta_error_abs_degrees,tau0,family_plain,forward_arc_iota_degrees,backward_arc_iota_degrees,s_min,s_max,q_min,q_max,q_abs_max,lateral_width_reference,longitudinal_width_reference,required_corridor_width,candidate_disk_distance_max,candidate_disk_residual_max
0.0,90.00000000000001,-90.00000000000001,90.00000000000001,1,C,90.00000000000001,0.0,1.4419720152664705e-32,0.7321950886849805,-0.732195088684981,8.96680371709474e-17,0.732195088684981,0.7321950886849811,0.7321950886849805,1.162195088684981,0.7321950886849811,2.220446049250313e-16
0.5,89.91422048564053,-89.41422048564053,89.41422048564053,1,C,89.41422048564053,0.0,-6.220088473693159e-19,0.7321568224153455,-0.7247094166997223,4.1546580688076405e-16,0.7247094166997223,0.7247094166997228,0.7321568224153455,1.1547094166997227,0.7321950886849808,0.0
1.0,89.82845125003901,-88.82845125003901,88.82845125003901,1,C,88.82845125003901,0.0,-7.583110562956028e-19,0.7320420302918935,-0.71722465847977,2.5326849226579543e-16,0.71722465847977,0.7172246584797702,0.7320420302918935,1.1472246584797703,0.7321950886849808,0.0
1.5,89.74270256928301,-88.24270256928303,88.24270256928303,1,C,88.24270256928303,0.0,3.271831306593323e-19,0.7318507323679991,-0.7097417275372581,-7.285765135122275e-17,0.7097417275372581,0.709741727537258,0.7318507323679991,1.1397417275372579,0.7321950886849808,0.0
2.0,89.65698471412094,-87.65698471412094,87.65698471412094,1,C,87.65698471412094,0.0,-2.4716983078412015e-18,0.7315829620560026,-0.7022615368781463,4.1285678854525066e-16,0.7022615368781463,0.7022615368781467,0.7315829620560026,1.1322615368781468,0.7321950886849808,0.0
2.5,89.57130794729648,-87.07130794729648,87.07130794729648,1,C,87.07130794729648,0.0,-7.268370059929759e-19,0.7312387661122944,-0.6947849987495619,9.714179551286962e-17,0.6947849987495619,0.694784998749562,0.7312387661122944,1.124784998749562,0.7321950886849808,0.0
3.0,89.4856825208882,-86.48568252088819,86.48568252088819,1,C,86.48568252088819,0.0,6.851501411644408e-19,0.7308182046164541,-0.6873130243876562,-7.63247577857634e-17,0.6873130243876562,0.6873130243876561,0.7308182046164541,1.1173130243876561,0.7321950886849808,0.0
3.5,89.4001186736555,-85.9001186736555,85.9001186736555,1,C,85.9001186736555,0.0,-2.6153361935539753e-18,0.7303213509444624,-0.6798465237661423,2.4978648925580647e-16,0.6798465237661423,0.6798465237661425,0.7303213509444624,1.1098465237661426,0.7321950886849808,0.0
4.0,89.3146266283927,-85.31462662839269,85.31462662839269,1,C,85.31462662839269,0.0,-9.960146597369653e-19,0.7297482917360114,-0.6723864053456877,8.326076960124521e-17,0.6723864053456877,0.6723864053456878,0.7297482917360114,1.1023864053456878,0.7321950886849808,0.0
4.5,89.22921658929324,-84.72921658929324,84.72921658929324,1,C,84.72921658929324,0.0,-1.165195583817222e-16,0.7290991268559459,-0.6649335758243297,4.0786419010364954e-16,0.6649335758243297,0.6649335758243301,0.729099126855946,1.0949335758243302,0.732195088684981,1.1102230246251565e-16
5.0,89.143898739325,-84.143898739325,84.143898739325,1,C,84.143898739325,0.0,-1.2441072971142974e-18,0.7283739693498742,-0.6574889398890751,8.32574320816305e-17,0.6574889398890751,0.6574889398890752,0.7283739693498742,1.0874889398890752,0.7321950886849808,0.0
5.5,89.05868323761855,-83.55868323761855,83.55868323761855,1,C,83.55868323761855,0.0,-9.575537379894208e-18,0.7275729453939792,-0.6500533999688581,5.827884275393555e-16,0.6500533999688581,0.6500533999688587,0.7275729453939792,1.0800533999688586,0.7321950886849808,0.0
6.0,88.97358021687043,-82.97358021687043,82.97358021687043,1,C,82.97358021687043,0.0,-4.723381189573435e-18,0.7266961942391008,-0.6426278559890146,2.636356589358071e-16,0.6426278559890146,0.6426278559890148,0.7266961942391008,1.0726278559890148,0.7321950886849808,0.0
6.5,88.88859978076204,-82.38859978076204,82.38859978076204,1,C,82.38859978076204,0.0,-1.1288566772591954e-16,0.7257438681491132,-0.6352132051274343,9.497280870675066e-17,0.6352132051274343,0.6352132051274344,0.7257438681491133,1.0652132051274343,0.732195088684981,1.1102230246251565e-16
7.0,88.80375200139656,-81.80375200139656,81.80375200139656,1,C,81.80375200139656,0.0,-8.402050350632002e-18,0.7247161323336754,-0.6278103415725546,4.0236813227798245e-16,0.6278103415725546,0.627810341572555,0.7247161323336754,1.057810341572555,0.7321950886849808,0.0
7.5,88.7190469167549,-81.2190469167549,81.2190469167549,1,C,81.2190469167549,0.0,-1.1657883721088748e-16,0.7236131648754169,-0.6204201562833495,2.472558524217013e-16,0.6204201562833495,0.6204201562833497,0.723613164875417,1.0504201562833497,0.732195088684981,1.1102230246251565e-16
8.0,88.63449452817244,-80.63449452817244,80.63449452817244,1,C,80.63449452817244,0.0,1.9842719456460216e-18,0.7224351566516148,-0.6130435367514713,-8.324308058114964e-17,0.6130435367514713,0.6130435367514712,0.7224351566516148,1.0430435367514712,0.7321950886849808,0.0
8.5,88.55010479783785,-80.05010479783785,80.05010479783785,1,C,80.05010479783785,0.0,-1.21169994338396e-16,0.7211823112504464,-0.6056813667656951,3.9951782493285317e-16,0.6056813667656951,0.6056813667656955,0.7211823112504465,1.0356813667656954,0.732195088684981,1.1102230246251565e-16
9.0,88.4658876463157,-79.4658876463157,79.4658876463157,1,C,79.4658876463157,0.0,-2.600763875213273e-18,0.7198548448818973,-0.5983345261788197,9.710969444274265e-17,0.5983345261788197,0.5983345261788198,0.7198548448818973,1.0283345261788197,0.7321950886849808,0.0
9.5,88.38185295009394,-78.88185295009394,78.88185295009394,1,C,78.88185295009394,0.0,-1.1364644620444842e-17,0.7184529862833919,-0.5910038906771635,4.022953556475858e-16,0.5910038906771635,0.591003890677164,0.7184529862833919,1.021003890677164,0.7321950886849808,0.0
10.0,88.29801053915791,-78.29801053915791,78.29801053915791,1,C,78.29801053915791,0.0,-1.1839262571821354e-16,0.7169769766202541,-0.5836903315528078,2.4639250803904684e-16,0.5836903315528078,0.583690331552808,0.7169769766202542,1.013690331552808,0.732195088684981,1.1102230246251565e-16
10.5,88.2143701945923,-77.7143701945923,77.7143701945923,1,C,77.7143701945923,0.0,-1.2826570696457412e-16,0.7154270693810774,-0.5763947154787225,5.51382490801906e-16,0.5763947154787225,0.576394715478723,0.7154270693810775,1.006394715478723,0.732195088684981,1.1102230246251565e-16
11.0,88.13094164621191,-77.13094164621191,77.13094164621191,1,C,77.13094164621191,0.0,-1.236368789783157e-16,0.7138035302681002,-0.5691179042869072,3.8475028452301233e-16,0.5691179042869072,0.5691179042869076,0.7138035302681003,0.9991179042869076,0.732195088684981,1.1102230246251565e-16
11.5,88.04773457022344,-76.54773457022344,76.54773457022344,1,C,76.54773457022344,0.0,-1.14740042203354e-16,0.7121066370826976,-0.5618607547496929,1.0717567822658816e-16,0.5618607547496929,0.561860754749693,0.7121066370826977,0.9918607547496929,0.732195088684981,1.1102230246251565e-16
12.0,87.96475858691826,-75.96475858691825,75.96475858691825,1,C,75.96475858691825,0.0,-1.3066660446522348e-16,0.7103366796060744,-0.5546241183643121,5.508184648534986e-16,0.5546241183643121,0.5546241183643127,0.7103366796060745,0.9846241183643127,0.732195088684981,1.1102230246251565e-16
12.5,87.88202325839892,-75.38202325839892,75.38202325839892,1,C,75.38202325839892,0.0,-1.2017838489925527e-16,0.7084939594752945,-0.5474088411408884,2.455264499910981e-16,0.5474088411408884,0.5474088411408886,0.7084939594752946,0.9774088411408886,0.732195088684981,1.1102230246251565e-16
13.0,87.79953808633925,-74.79953808633924,74.79953808633924,1,C,74.79953808633924,0.0,-3.1970980078517074e-18,0.7065787900547291,-0.5402157633939426,8.320532653696061e-17,0.5402157633939426,0.5402157633939427,0.7065787900547291,0.9702157633939428,0.7321950886849808,0.0
13.5,87.71731250978009,-74.21731250978009,74.21731250978009,1,C,74.21731250978009,0.0,-1.264112186192474e-16,0.7045914963030606,-0.5330457195375476,3.838477082010969e-16,0.5330457195375476,0.533045719537548,0.7045914963030607,0.9630457195375479,0.732195088684981,1.1102230246251565e-16
14.0,87.63535590296122,-73.63535590296124,73.63535590296124,1,C,73.63535590296124,0.0,-1.1436327584842469e-16,0.7025324146359541,-0.5258995378842362,7.861514218704615e-17,0.5258995378842362,0.5258995378842363,0.7025324146359542,0.9558995378842363,0.732195088684981,1.1102230246251565e-16
14.5,87.55367757319132,-73.05367757319132,73.05367757319132,1,C,73.05367757319132,0.0,1.184702604002403e-18,0.7004018927845114,-0.5187780404477773,-2.7730280515980438e-17,0.5187780404477773,0.5187780404477773,0.7004018927845114,0.9487780404477772,0.7321950886849808,0.0
15.0,87.47228675875581,-72.47228675875583,72.47228675875583,1,C,72.47228675875583,0.0,-1.2193111822923755e-16,0.6982002896496433,-0.5116820427499146,2.446607533904701e-16,0.5116820427499146,0.5116820427499148,0.6982002896496434,0.9416820427499148,0.732195088684981,1.1102230246251565e-16
15.5,87.39119262686494,-71.89119262686494,71.89119262686494,1,C,71.89119262686494,0.0,-1.1469725115831839e-16,0.6959279751524833,-0.5046123536311742,7.812707610424182e-17,0.5046123536311742,0.5046123536311743,0.6959279751524834,0.9346123536311743,0.732195088684981,1.1102230246251565e-16
16.0,87.31040427164196,-71.31040427164196,71.31040427164196,1,C,71.31040427164196,0.0,-1.3043648358202252e-16,0.6935853300809667,-0.4975697750658342,4.1066527779894696e-16,0.4975697750658342,0.4975697750658346,0.6935853300809668,0.9275697750658346,0.732195088684981,1.1102230246251565e-16
16.5,87.22993071215309,-70.72993071215308,70.72993071215308,1,C,70.72993071215308,0.0,-1.2296491754605277e-16,0.6911727459327188,-0.4905551019811415,2.441428084034367e-16,0.4905551019811415,0.4905551019811417,0.6911727459327189,0.9205551019811418,0.732195088684981,1.1102230246251565e-16
17.0,87.14978089047955,-70.14978089047955,70.14978089047955,1,C,70.14978089047955,0.0,-2.4937294911591975e-16,0.6886906247543781,-0.48356912208086594,5.433835937231634e-16,0.48356912208086594,0.4835691220808665,0.6886906247543784,0.9135691220808665,0.7321950886849811,2.220446049250313e-16
17.5,87.06996366983304,-69.56996366983304,69.56996366983304,1,C,69.56996366983304,0.0,-1.293211432304369e-16,0.686139378977496,-0.4766126156732689,3.546757079336394e-16,0.4766126156732689,0.47661261567326924,0.6861393789774961,0.9066126156732692,0.732195088684981,1.1102230246251565e-16
18.0,86.99048783271513,-68.99048783271513,68.99048783271513,1,C,68.99048783271513,0.0,-4.3716485961478625e-18,0.6835194312511487,-0.4696863555035628,8.315188806242374e-17,0.4696863555035628,0.46968635550356286,0.6835194312511487,0.8996863555035628,0.7321950886849808,0.0
18.5,86.9113620791211,-68.41136207912112,68.41136207912112,1,C,68.41136207912112,0.0,-1.3179792394063859e-16,0.6808312142714034,-0.46279110659092804,3.8203163027290714e-16,0.46279110659092804,0.4627911065909284,0.6808312142714035,0.8927911065909284,0.732195088684981,1.1102230246251565e-16
19.0,86.83259502478973,-67.83259502478973,67.83259502478973,1,C,67.83259502478973,0.0,-1.3802332407738477e-17,0.6780751706077831,-0.4559276260701584,2.494185755276714e-16,0.4559276260701584,0.45592762607015863,0.6780751706077831,0.8859276260701586,0.7321950886849808,0.0
19.5,86.75419519949854,-67.25419519949855,67.25419519949855,1,C,67.25419519949855,0.0,4.714535855826309e-18,0.6752517525268649,-0.44909666303799023,-8.3133151939874e-17,0.44909666303799023,0.4490966630379902,0.6752517525268649,0.8790966630379902,0.7321950886849808,0.0
20.0,86.67617104540636,-66.67617104540636,66.67617104540636,1,C,66.67617104540636,0.0,-1.3336499470927061e-16,0.6723614218131637,-0.4422989584041721,3.814874014567635e-16,0.4422989584041721,0.4422989584041725,0.6723614218131638,0.8722989584041725,0.732195088684981,1.1102230246251565e-16
20.5,86.5985309154426,-66.0985309154426,66.0985309154426,1,C,66.0985309154426,0.0,-3.2935858922128996e-18,0.6694046495874466,-0.43553524474732525,5.5413357622419826e-17,0.43553524474732525,0.4355352447473253,0.6694046495874466,0.8655352447473252,0.7321950886849808,0.0
21.0,86.52128307174465,-65.52128307174465,65.52128307174465,1,C,65.52128307174465,0.0,6.736585567364906e-18,0.6663819161226167,-0.4288062461756405,-1.1081773350403752e-16,0.4288062461756405,0.4288062461756404,0.6663819161226167,0.8588062461756404,0.7321950886849808,0.0
21.5,86.44443568414347,-64.94443568414347,64.94443568414347,1,C,64.94443568414347,0.0,-1.245790237192032e-16,0.6632937106573144,-0.42211267819245163,2.1473198427239888e-16,0.42211267819245163,0.42211267819245185,0.6632937106573145,0.8521126781924518,0.732195088684981,1.1102230246251565e-16
22.0,86.36799682869763,-64.36799682869763,64.36799682869763,1,C,64.36799682869763,0.0,-7.033037288512228e-18,0.6601405312073962,-0.4154552475667163,1.1079931421528161e-16,0.4154552475667163,0.4154552475667164,0.6601405312073962,0.8454552475667164,0.7321950886849808,0.0
22.5,86.29197448627677,-63.79197448627677,63.79197448627677,1,C,63.79197448627677,0.0,1.077006605487271e-17,0.6569228843754119,-0.4088346522084447,-1.6618482745530614e-16,0.4088346522084447,0.40883465220844456,0.6569228843754119,0.8388346522084446,0.7321950886849808,0.0
23.0,86.21637654119412,-63.21637654119414,63.21637654119414,1,C,63.21637654119412,0.0,-1.144434237383449e-16,0.6536412851582513,-0.4022515810490879,4.806393989409861e-17,0.4022515810490879,0.402251581049088,0.6536412851582514,0.832251581049088,0.732195088684981,1.1102230246251565e-16
23.5,86.141210779889,-62.641210779888986,62.641210779888986,1,C,62.641210779888986,0.0,-3.659337679952509e-16,0.6502962567530927,-0.3957067139269193,4.760531094637325e-16,0.3957067139269193,0.3957067139269198,0.650296256753093,0.8257067139269199,0.7321950886849812,3.3306690738754696e-16
24.0,86.06648488965897,-62.06648488965895,62.06648488965895,1,C,62.066484889658966,0.0,-1.3741678680720299e-16,0.6468883303618083,-0.389200721477415,3.8004668922070787e-16,0.389200721477415,0.3892007214774154,0.6468883303618084,0.8192007214774154,0.732195088684981,1.1102230246251565e-16
24.5,85.99220645744249,-61.492206457442485,61.492206457442485,1,C,61.492206457442485,0.0,-7.759589052554572e-18,0.643418044993958,-0.38273426502865154,1.1075080325584002e-16,0.38273426502865154,0.38273426502865165,0.643418044993958,0.8127342650286516,0.7321950886849808,0.0
25.0,85.9183829686515,-60.91838296865151,60.91838296865151,1,C,60.91838296865151,0.0,-2.451882694043628e-16,0.6398859472685332,-0.37630799650171803,3.1641757839840634e-16,0.37630799650171803,0.37630799650171837,0.6398859472685334,0.8063079965017184,0.7321950886849811,2.220446049250313e-16
25.5,85.84502180605463,-60.34502180605463,60.34502180605463,1,C,60.34502180605463,0.0,-4.0220330440468436e-18,0.6362925912145876,-0.36992255831615434,5.536525229069378e-17,0.36992255831615434,0.3699225583161544,0.6362925912145876,0.7999225583161544,0.7321950886849808,0.0
26.0,85.77213024871084,-59.77213024871084,59.77213024871084,1,C,59.77213024871084,0.0,-1.1890511196476481e-16,0.6326385380708877,-0.3635785833004047,1.0253525070337206e-16,0.3635785833004047,0.3635785833004048,0.6326385380708878,0.7935785833004048,0.732195088684981,1.1102230246251565e-16
26.5,85.69971547095378,-59.19971547095376,59.19971547095376,1,C,59.19971547095376,0.0,-2.463940783390671e-16,0.6289243560847435,-0.3572766946072873,3.1547952315873e-16,0.3572766946072873,0.3572766946072876,0.6289243560847437,0.7872766946072876,0.7321950886849811,2.220446049250313e-16
27.0,85.62778454142628,-58.62778454142628,58.62778454142628,1,C,58.62778454142628,0.0,-1.1493113092216035e-16,0.6251506203101496,-0.35101750563445283,4.6885762231738594e-17,0.35101750563445283,0.3510175056344529,0.6251506203101497,0.7810175056344528,0.732195088684981,1.1102230246251565e-16
27.5,85.5563444221656,-58.05634442216561,58.05634442216561,1,C,58.05634442216561,0.0,-2.5148366102257074e-16,0.6213179124053615,-0.3448016199498331,3.702062701453843e-16,0.3448016199498331,0.3448016199498335,0.6213179124053617,0.7748016199498335,0.7321950886849811,2.220446049250313e-16
28.0,85.48540196773902,-57.48540196773902,57.48540196773902,1,C,57.48540196773902,0.0,-8.738908651449526e-18,0.617426820430082,-0.33862963122205025,1.1067783481646147e-16,0.33862963122205025,0.33862963122205036,0.617426820430082,0.7686296312220504,0.7321950886849808,0.0
28.5,85.41496392442946,-56.91496392442945,56.91496392442945,1,C,56.91496392442946,0.0,-8.87496666222503e-18,0.6134779386423475,-0.3325021231557593,1.1066700777929574e-16,0.3325021231557593,0.3325021231557594,0.6134779386423475,0.7625021231557594,0.7321950886849808,0.0
29.0,85.34503692947155,-56.34503692947155,56.34503692947155,1,C,56.34503692947155,0.0,-2.5284727263578195e-16,0.6094718672952819,-0.32641966943190615,3.6927627995434407e-16,0.32641966943190615,0.32641966943190653,0.6094718672952821,0.7564196694319065,0.7321950886849811,2.220446049250313e-16
29.5,85.27562751033706,-55.77562751033705,55.77562751033705,1,C,55.77562751033705,0.0,-9.144068947189511e-18,0.6054092124338374,-0.3203828336528513,1.1064509770960191e-16,0.3203828336528513,0.3203828336528514,0.6054092124338374,0.7503828336528514,0.7321950886849808,0.0
30.0,85.20674208407038,-55.20674208407038,55.20674208407038,1,C,55.20674208407038,0.0,-2.490993133255239e-16,0.6012905856916392,-0.31439216929234237,3.133478952757949e-16,0.31439216929234237,0.3143921692923427,0.6012905856916394,0.7443921692923428,0.7321950886849811,2.220446049250313e-16
30.5,85.13838695667313,-54.63838695667313,54.63838695667313,1,C,54.63838695667313,0.0,-9.40907061230287e-18,0.597116604088092,-0.3084482196502806,1.1062287753575662e-16,0.3084482196502806,0.3084482196502807,0.597116604088092,0.7384482196502806,0.7321950886849808,0.0
31.0,85.07056832253771,-54.0705683225377,54.0705683225377,1,C,54.0705683225377,0.0,-4.770001847650834e-18,0.5928878898258338,-0.30255151781224354,5.530583145919592e-17,0.30255151781224354,0.3025515178122436,0.5928878898258338,0.7325515178122436,0.7321950886849808,0.0
31.5,85.00329226392977,-53.503292263929765,53.503292263929765,1,C,53.503292263929765,0.0,-2.502103979809412e-16,0.5886050700886954,-0.2967025866137183,3.124614026007645e-16,0.2967025866137183,0.2967025866137186,0.5886050700886957,0.7267025866137187,0.7321950886849811,2.220446049250313e-16
32.0,84.93656475051856,-52.93656475051855,52.93656475051855,1,C,52.93656475051854,0.0,-1.203877245379114e-16,0.5842687768402599,-0.2909019386089874,1.0079037190496215e-16,0.2909019386089874,0.2909019386089875,0.58426877684026,0.7209019386089874,0.732195088684981,1.1102230246251565e-16
32.5,84.87039163895552,-52.37039163895553,52.37039163895553,1,C,52.37039163895553,0.0,-1.1554085425806542e-16,0.5798796466231503,-0.28515007604462367,4.536243547710345e-17,0.28515007604462367,0.2851500760446237,0.5798796466231504,0.7151500760446237,0.732195088684981,1.1102230246251565e-16
33.0,84.80477867250025,-51.80477867250025,51.80477867250025,1,C,51.80477867250024,0.0,-2.512914839740896e-16,0.5754383203591602,-0.2794474908375324,3.1159262098951874e-16,0.2794474908375324,0.27944749083753273,0.5754383203591604,0.7094474908375328,0.7321950886849811,2.220446049250313e-16
33.5,84.73973148069283,-51.239731480692825,51.239731480692825,1,C,51.23973148069283,0.0,-1.2073326755414075e-16,0.5709454431503311,-0.273794664557473,1.0037619933956893e-16,0.273794664557473,0.2737946645574731,0.5709454431503312,0.7037946645574731,0.732195088684981,1.1102230246251565e-16
34.0,84.67525557907348,-50.675255579073486,50.675255579073486,1,C,50.67525557907348,0.0,-2.5199522894466427e-16,0.5664016640810915,-0.26819206841401694,3.110237546589396e-16,0.26819206841401694,0.26819206841401727,0.5664016640810917,0.6981920684140173,0.7321950886849811,2.220446049250313e-16
34.5,84.61135636894737,-50.11135636894737,50.11135636894737,1,C,50.11135636894737,0.0,-1.0426213790928882e-17,0.5618076360215672,-0.2626401632478552,1.1053165026391379e-16,0.2626401632478552,0.26264016324785533,0.5618076360215672,0.6926401632478554,0.7321950886849808,0.0
35.0,84.54803913719503,-49.54803913719503,49.54803913719503,1,C,49.54803913719503,0.0,-1.1579423846659246e-16,0.5571640154321488,-0.2571393995264027,4.471167513122057e-17,0.2571393995264027,0.25713939952640275,0.5571640154321489,0.6871393995264028,0.732195088684981,1.1102230246251565e-16
35.5,84.48530905612769,-48.9853090561277,48.9853090561277,1,C,48.9853090561277,0.0,-2.5302494581469537e-16,0.5524714621694342,-0.251690217343624,3.1018663441303925e-16,0.251690217343624,0.25169021734362435,0.5524714621694344,0.6816902173436243,0.7321950886849811,2.220446049250313e-16
36.0,84.42317118338612,-48.42317118338611,48.42317118338611,1,C,48.4231711833861,0.0,-1.1589140610039442e-16,0.5477306392936367,-0.2462930464240016,4.44592121744341e-17,0.2462930464240016,0.24629304642400165,0.5477306392936369,0.6762930464240017,0.732195088684981,1.1102230246251565e-16
36.5,84.36163046188369,-47.86163046188369,47.86163046188369,1,C,47.86163046188369,0.0,-2.5369392426474315e-16,0.5429422128775413,-0.24094830613058604,3.0963973285767573e-16,0.24094830613058604,0.24094830613058635,0.5429422128775415,0.6709483061305863,0.7321950886849811,2.220446049250313e-16
37.0,84.3006917197918,-47.30069171979179,47.30069171979179,1,C,47.30069171979179,0.0,-5.51268678714513e-18,0.5381068518171173,-0.235656405477038,5.523674678514669e-17,0.235656405477038,0.23565640547703806,0.5381068518171173,0.6656564054770381,0.7321950886849808,0.0
37.5,84.24035967056749,-46.740359670567486,46.740359670567486,1,C,46.740359670567486,0.0,-5.570847622553459e-18,0.5332252276438557,-0.230417743143589,5.523091134306828e-17,0.230417743143589,0.23041774314358907,0.5332252276438557,0.660417743143589,0.7321950886849808,0.0
38.0,84.1806389130227,-46.180638913022705,46.180638913022705,1,C,46.1806389130227,0.0,-2.490423642677618e-16,0.528298014338933,-0.2252327074968427,2.5361172124278106e-16,0.2252327074968427,0.22523270749684296,0.5282980143389332,0.6552327074968429,0.7321950886849811,2.220446049250313e-16
38.5,84.12153393143403,-45.62153393143402,45.62153393143402,1,C,45.62153393143403,0.0,-5.6853789684080606e-18,0.5233258881492671,-0.22010167661332797,5.521923919256006e-17,0.22010167661332797,0.22010167661332802,0.5233258881492671,0.6501016766133281,0.7321950886849808,0.0
39.0,84.0630490956925,-45.063049095692506,45.063049095692506,1,C,45.063049095692506,0.0,-3.65730889539451e-16,0.5183095274055436,-0.21502501830672635,2.96829995165737e-16,0.21502501830672635,0.21502501830672666,0.5183095274055439,0.6450250183067266,0.7321950886849812,3.3306690738754696e-16
39.5,84.00518866149278,-44.50518866149278,44.50518866149278,1,C,44.50518866149279,0.0,-5.797495800389159e-18,0.5132496123423007,-0.2100030901586873,5.520758057969981e-17,0.2100030901586873,0.21000309015868734,0.5132496123423007,0.6400030901586873,0.7321950886849808,0.0
40.0,83.94795677056051,-43.94795677056051,43.94795677056051,1,C,43.94795677056051,0.0,-5.852638919410677e-18,0.5081468249201218,-0.20503623955314101,5.520176200719119e-17,0.20503623955314101,0.20503623955314107,0.5081468249201218,0.635036239553141,0.7321950886849808,0.0
40.5,83.89135745091767,-43.39135745091767,43.39135745091767,1,C,43.391357450917674,0.0,-3.666187223283243e-16,0.5030018486500197,-0.20012480371402977,2.957327205970902e-16,0.20012480371402977,0.20012480371403008,0.5030018486500201,0.6301248037140301,0.7321950886849812,3.3306690738754696e-16
41.0,83.8353946171845,-42.835394617184505,42.835394617184505,1,C,42.835394617184505,0.0,-1.1634139086030033e-16,0.4978153684200683,-0.1952691097463584,4.3268005821723674e-17,0.1952691097463584,0.19526910974635844,0.4978153684200684,0.6252691097463584,0.732195088684981,1.1102230246251565e-16
41.5,83.78007207091773,-42.280072070917726,42.280072070917726,1,C,42.280072070917726,0.0,-1.2028724993939836e-17,0.4925880703243417,-0.19046947468048478,1.1036875200480649e-16,0.19046947468048478,0.1904694746804849,0.4925880703243417,0.6204694746804849,0.7321950886849808,0.0
42.0,83.72539350098396,-41.72539350098395,41.72539350098395,1,C,41.72539350098395,0.0,-3.674738076282336e-16,0.487320641494223,-0.18572620551955696,2.9466952726845976e-16,0.18572620551955696,0.18572620551955726,0.4873206414942234,0.6157262055195573,0.7321950886849812,3.3306690738754696e-16
42.5,83.67136248396743,-41.17136248396742,41.17136248396742,1,C,41.17136248396742,0.0,-1.223811028949702e-17,0.4820137699321333,-0.18103959929000135,1.1034573077659333e-16,0.18103959929000135,0.18103959929000146,0.4820137699321333,0.6110395992900015,0.7321950886849808,0.0
43.0,83.6179824846114,-40.617982484611396,40.617982484611396,1,C,40.6179824846114,0.0,-3.6185511678219527e-16,0.47666814434772786,-0.17640994309497823,2.3881297500499846e-16,0.17640994309497823,0.17640994309497848,0.47666814434772825,0.6064099430949785,0.7321950886849812,3.3306690738754696e-16
43.5,83.56525685629238,-40.06525685629238,40.06525685629238,1,C,40.06525685629238,0.0,-1.244243762497697e-17,0.47128445399661817,-0.17183751417071047,1.1032287790855923e-16,0.17183751417071047,0.17183751417071058,0.47128445399661817,0.6018375141707106,0.7321950886849808,0.0
44.0,83.51318884152597,-39.513188841525974,39.513188841525974,1,C,39.513188841525974,0.0,-1.2285421449073824e-16,0.4658633885216509,-0.1673225799455906,9.776883588352835e-17,0.1673225799455906,0.16732257994559072,0.465863388521651,0.5973225799455907,0.732195088684981,1.1102230246251565e-16
44.5,83.46178157250411,-38.96178157250411,38.96178157250411,1,C,38.96178157250411,0.0,-3.6882565734285177e-16,0.4604056377967929,-0.16286539810198028,2.9297570561229615e-16,0.16286539810198028,0.16286539810198059,0.4604056377967933,0.5928653981019806,0.7321950886849812,3.3306690738754696e-16
45.0,83.411038071662,-38.411038071662006,38.411038071662006,1,C,38.411038071662006,0.0,-1.2302832800256487e-16,0.45491189177366076,-0.15846621664060132,9.754964785712932e-17,0.15846621664060132,0.15846621664060143,0.45491189177366087,0.5884662166406014,0.732195088684981,1.1102230246251565e-16
45.5,83.36096125227472,-37.86096125227471,37.86096125227471,1,C,37.86096125227471,0.0,-3.6934061975614775e-16,0.44938284033072273,-0.15412527394743664,2.9232624957665744e-16,0.15412527394743664,0.15412527394743694,0.4493828403307231,0.584125273947437,0.7321950886849812,3.3306690738754696e-16
46.0,83.31155391908213,-37.31155391908213,37.31155391908213,1,C,37.31155391908213,0.0,-1.1026670204224112e-16,0.4438191731252167,-0.14984279886304194,-1.2930818412069944e-17,0.14984279886304194,0.14984279886304194,0.4438191731252168,0.5798427988630419,0.732195088684981,1.1102230246251565e-16
46.5,83.26281876894123,-36.76281876894122,36.76281876894122,1,C,36.76281876894122,0.0,-1.1025566334479302e-16,0.43822157944779827,-0.14561901075417744,-1.3024605348261969e-17,0.14561901075417744,0.14561901075417744,0.4382215794477984,0.5756190107541774,0.732195088684981,1.1102230246251565e-16
47.0,83.21475839150538,-36.21475839150538,36.21475839150538,1,C,36.21475839150538,0.0,-2.5984065225856826e-16,0.43259074807995973,-0.141454119587672,3.044999290752952e-16,0.141454119587672,0.14145411958767232,0.43259074807996,0.5714541195876723,0.7321950886849811,2.220446049250313e-16
47.5,83.16737526992901,-35.66737526992901,35.66737526992901,1,C,35.667375269929,0.0,-1.2344206539092906e-16,0.42692736715423263,-0.13734832600642202,9.702556250895024e-17,0.13734832600642202,0.1373483260064221,0.42692736715423274,0.567348326006422,0.732195088684981,1.1102230246251565e-16
48.0,83.12067178159761,-35.12067178159759,35.12067178159759,1,C,35.1206717815976,0.0,-6.840960733857487e-17,0.4212321240171994,-0.13330182140744198,1.0357395994592409e-16,0.13330182140744198,0.1333018214074421,0.42123212401719945,0.5633018214074421,0.732195088684981,1.1102230246251565e-16
48.5,83.07465019888163,-34.57465019888163,34.57465019888163,1,C,34.57465019888162,0.0,-1.235989257447914e-16,0.415505705095331,-0.12931478802187377,9.682566210922677e-17,0.12931478802187377,0.12931478802187385,0.41550570509533113,0.5593147880218738,0.732195088684981,1.1102230246251565e-16
49.0,83.02931268991324,-34.02931268991324,34.02931268991324,1,C,34.02931268991324,0.0,-6.857467073830481e-17,0.4097487957636602,-0.12538739899685783,1.0346474804604208e-16,0.12538739899685783,0.12538739899685794,0.40974879576366025,0.555387398996858,0.732195088684981,1.1102230246251565e-16
49.5,82.98466131938618,-33.48466131938617,33.48466131938617,1,C,33.48466131938618,0.0,-3.7125254351238425e-16,0.4039620802173144,-0.12151981847919706,2.898942540461863e-16,0.12151981847919706,0.12151981847919735,0.4039620802173148,0.5515198184791974,0.7321950886849812,3.3306690738754696e-16
50.0,82.94069804937614,-32.940698049376145,32.940698049376145,1,C,32.94069804937615,0.0,-6.873460902172038e-17,0.39814624134590465,-0.11771220170070085,1.033585655750365e-16,0.11771220170070085,0.11771220170070094,0.3981462413459047,0.5477122017007009,0.732195088684981,1.1102230246251565e-16
50.5,82.89742474018246,-32.39742474018245,32.39742474018245,1,C,32.397424740182444,0.0,-5.5085179828487924e-17,0.39230196061078526,-0.11396469506514191,-6.86373617519819e-18,0.11396469506514191,0.11396469506514191,0.3923019606107853,0.5439646950651419,0.7321950886849808,0.0
51.0,82.85484315118914,-31.854843151189144,31.854843151189144,1,C,31.854843151189147,0.0,-3.7190841921191706e-16,0.38642991792518727,-0.11027743623673275,2.8905234355165247e-16,0.11027743623673275,0.11027743623673304,0.38642991792518766,0.5402774362367331,0.7321950886849812,3.3306690738754696e-16
51.5,82.81295494174505,-31.31295494174504,31.31295494174504,1,C,31.31295494174504,0.0,0.0,0.38053079153722963,-0.10665055423003383,0.0,0.10665055423003383,0.10665055423003383,0.38053079153722963,0.5366505542300338,0.7321950886849808,0.0
52.0,82.7717616720618,-30.771761672061793,30.771761672061793,1,C,30.771761672061793,0.0,-3.5835809853054227e-16,0.37460525791579874,-0.10308416950121385,1.783727686352157e-16,0.10308416950121385,0.10308416950121403,0.3746052579157991,0.5330841695012141,0.7321950886849812,3.3306690738754696e-16
52.5,82.73126480412931,-30.23126480412931,30.23126480412931,1,C,30.231264804129317,0.0,0.0,0.36865399163931517,-0.09957839404058032,0.0,0.09957839404058032,0.09957839404058032,0.36865399163931517,0.5295783940405803,0.7321950886849808,0.0
53.0,82.69146570264743,-29.69146570264744,29.69146570264744,1,C,29.691465702647434,0.0,-5.506015116682365e-17,0.36267766528735,-0.09613333146629398,-7.061704079477221e-18,0.09613333146629398,0.09613333146629396,0.36267766528735007,0.5261333314662939,0.7321950886849808,0.0
53.5,82.6523656359733,-29.152365635973293,29.152365635973293,1,C,29.15236563597329,0.0,-3.5872902298358277e-16,0.35667694933512417,-0.09274907711919109,1.776256159518163e-16,0.09274907711919109,0.09274907711919127,0.3566769493351245,0.5227490771191913,0.7321950886849812,3.3306690738754696e-16
54.0,82.61396577708332,-28.61396577708333,28.61396577708333,1,C,28.61396577708333,0.0,-1.1010109787153296e-16,0.3506525120508439,-0.08942571815863132,-1.4272347093643402e-17,0.08942571815863132,0.0894257181586313,0.350652512050844,0.5194257181586313,0.732195088684981,1.1102230246251565e-16
54.5,82.5762672045493,-28.076267204549296,28.076267204549296,1,C,28.076267204549296,0.0,-4.1401046487465164e-16,0.34460501939588717,-0.08616333365929561,1.699766136577247e-16,0.08616333365929561,0.08616333365929578,0.34460501939588756,0.5161633336592958,0.7321950886849813,4.440892098500626e-16
55.0,82.53927090352765,-27.539270903527655,27.539270903527655,1,C,27.539270903527655,0.0,-1.1008239786331425e-16,0.3385351349278212,-0.08296199470885823,-1.441587058561835e-17,0.08296199470885823,0.08296199470885822,0.33853513492782134,0.5129619947088582,0.732195088684981,1.1102230246251565e-16
55.5,82.50297776676103,-27.00297776676103,27.00297776676103,1,C,27.002977766761035,0.0,-5.5036622133045845e-17,0.3324435197062276,-0.0798217645064534,-7.242798851542522e-18,0.0798217645064534,0.07982176450645338,0.33244351970622765,0.5098217645064533,0.7321950886849808,0.0
56.0,82.46738859559167,-26.46738859559167,26.46738859559167,1,C,26.467388595591668,0.0,-3.447466426904394e-16,0.3263308322013375,-0.07674269846187,6.640232521872718e-17,0.07674269846187,0.07674269846187007,0.32633083220133785,0.50674269846187,0.7321950886849812,3.3306690738754696e-16
56.5,82.43250410098537,-25.932504100985373,25.932504100985373,1,C,25.932504100985366,0.0,-1.246763202840497e-16,0.3201977282054385,-0.0737248442953936,9.543436722997476e-17,0.0737248442953936,0.0737248442953937,0.3201977282054386,0.5037248442953937,0.732195088684981,1.1102230246251565e-16
57.0,82.39832490456597,-25.398324904565957,25.398324904565957,1,C,25.39832490456596,0.0,-1.4686626282828174e-17,0.314044860747048,-0.07076824213823352,1.100466021851963e-16,0.07076824213823352,0.07076824213823363,0.314044860747048,0.5007682421382336,0.7321950886849808,0.0
57.5,82.36485153965891,-24.86485153965891,24.86485153965891,1,C,24.864851539658908,0.0,-5.501900158918812e-17,0.30787288000782453,-0.06787292463346105,-7.375457622988052e-18,0.06787292463346105,0.06787292463346103,0.3078728800078246,0.497872924633461,0.7321950886849808,0.0
58.0,82.33208445234357,-24.332084452343558,24.332084452343558,1,C,24.332084452343558,0.0,-1.1002954923076605e-16,0.30168243324220023,-0.06503891703738798,-1.4813842855678618e-17,0.06503891703738798,0.06503891703738797,0.30168243324220034,0.49503891703738795,0.732195088684981,1.1102230246251565e-16
58.5,82.3000240025138,-23.8000240025138,23.8000240025138,1,C,23.800024002513805,0.0,-4.297005758185251e-16,0.2954741646997041,-0.06226623732133132,2.7799979780189053e-16,0.06226623732133132,0.062266237321331595,0.29547416469970456,0.49226623732133157,0.7321950886849813,4.440892098500626e-16
59.0,82.26867046494529,-23.26867046494529,23.26867046494529,1,C,23.26867046494529,0.0,-6.994215564567835e-17,0.2892487155499559,-0.059554896273683156,1.0254527984619083e-16,0.059554896273683156,0.05955489627368326,0.28924871554995596,0.48955489627368326,0.732195088684981,1.1102230246251565e-16
59.5,82.23802403036987,-22.738024030369864,22.738024030369864,1,C,22.73802403036987,0.0,-6.999699517895187e-17,0.28300672381029535,-0.05690489760223592,1.0250785443572446e-16,0.05690489760223592,0.05690489760223602,0.2830067238102954,0.486904897602236,0.732195088684981,1.1102230246251565e-16
60.0,82.20808480655569,-22.20808480655569,22.20808480655569,1,C,22.208084806555693,0.0,-1.2504916558755446e-16,0.27674882427603675,-0.05431623803669718,9.494529727170802e-17,0.05431623803669718,0.05431623803669728,0.27674882427603686,0.48431623803669727,0.732195088684981,1.1102230246251565e-16
60.5,82.17885281939243,-21.678852819392425,21.678852819392425,1,C,21.678852819392418,0.0,-1.250975898715562e-16,0.2704756484532945,-0.051788907431329335,9.4881485530553e-17,0.051788907431329335,0.05178890743132943,0.27047564845329464,0.4817889074313294,0.732195088684981,1.1102230246251565e-16
61.0,82.15032801398146,-21.150328013981472,21.150328013981472,1,C,21.150328013981465,0.0,-4.1526262631455326e-16,0.2641878244943734,-0.04932288886766751,1.6689417426205228e-16,0.04932288886766751,0.049322888867667676,0.2641878244943738,0.47932288886766766,0.7321950886849813,4.440892098500626e-16
61.5,82.1225102557298,-20.622510255729793,20.622510255729793,1,C,20.622510255729797,0.0,-1.2519083233712923e-16,0.25788597713567923,-0.04691815875724503,9.475842330312076e-17,0.04691815875724503,0.04691815875724513,0.25788597713567935,0.47691815875724514,0.732195088684981,1.1102230246251565e-16
62.0,82.0953993314474,-20.095399331447393,20.095399331447393,1,C,20.0953993314474,0.0,-7.025194783584502e-17,0.2515707276381131,-0.04457468694428395,1.0233329556096392e-16,0.04457468694428395,0.044574686944284056,0.25157072763811317,0.47457468694428406,0.732195088684981,1.1102230246251565e-16
62.5,82.06899495044742,-19.568994950447415,19.568994950447415,1,C,19.568994950447408,0.0,-4.1549911908989355e-16,0.24524269372993668,-0.04229243680828961,1.6630452865690404e-16,0.04229243680828961,0.04229243680828978,0.2452426937299371,0.47229243680828975,0.7321950886849813,4.440892098500626e-16
63.0,82.04329674564838,-19.043296745648377,19.043296745648377,1,C,19.04329674564838,0.0,-1.09953485764593e-16,0.23890248955205254,-0.04007136536649911,-1.5368233870349388e-17,0.04007136536649911,0.0400713653664991,0.23890248955205265,0.47007136536649907,0.732195088684981,1.1102230246251565e-16
63.5,82.0183042746783,-18.518304274678293,18.518304274678293,1,C,18.51830427467829,0.0,-5.4973385833382776e-17,0.23255072560567203,-0.037911423376137274,-7.708097108470239e-18,0.037911423376137274,0.03791142337613727,0.23255072560567208,0.4679114233761373,0.7321950886849808,0.0
64.0,81.99401702097957,-17.99401702097957,17.99401702097957,1,C,17.994017020979573,0.0,-5.497011348964997e-17,0.22618800870234584,-0.035812555436426086,-7.731399223593378e-18,0.035812555436426086,0.03581255543642608,0.2261880087023459,0.4658125554364261,0.7321950886849808,0.0
64.5,81.97043439491443,-17.47043439491444,17.47043439491444,1,C,17.47043439491445,0.0,-7.047497455803107e-17,0.21981494191630255,-0.03377470009030396,1.0217982930178911e-16,0.03377470009030396,0.03377470009030406,0.21981494191630263,0.4637747000903041,0.732195088684981,1.1102230246251565e-16
65.0,81.94755573487072,-16.947555734870715,16.947555734870715,1,C,16.947555734870708,0.0,-3.6088684433992464e-16,0.21343212453907892,-0.03179778992581091,1.7319947157941631e-16,0.03179778992581091,0.03179778992581108,0.21343212453907928,0.46179778992581105,0.7321950886849812,3.3306690738754696e-16
65.5,81.92538030836636,-16.425380308366364,16.425380308366364,1,C,16.42538030836636,0.0,-5.496081232310424e-17,0.20704015203638215,-0.02988175167709045,-7.797244372474858e-18,0.02988175167709045,0.029881751677090444,0.2070401520363822,0.45988175167709044,0.7321950886849808,0.0
66.0,81.90390731315374,-15.90390731315373,15.90390731315373,1,C,15.903907313153729,0.0,-5.495788625528586e-17,0.20063961600716598,-0.028026506324972434,-7.81784173353737e-18,0.028026506324972434,0.028026506324972427,0.20063961600716604,0.45802650632497244,0.7321950886849808,0.0
66.5,81.88313587832188,-15.383135878321882,15.383135878321882,1,C,15.383135878321887,0.0,-7.06305786380777e-17,0.19423110414487713,-0.026231969197093575,1.0207233178657285e-16,0.026231969197093575,0.026231969197093676,0.1942311041448772,0.4562319691970937,0.732195088684981,1.1102230246251565e-16
67.0,81.86306506539681,-14.863065065396812,14.863065065396812,1,C,14.863065065396803,0.0,-7.066633042216078e-17,0.18781520020082068,-0.024498050067513794,1.0204758350771409e-16,0.024498050067513794,0.024498050067513894,0.18781520020082076,0.45449805006751387,0.732195088684981,1.1102230246251565e-16
67.5,81.84369386943963,-14.34369386943963,14.34369386943963,1,C,14.34369386943963,0.0,-3.4544902756503073e-16,0.18139248394962793,-0.02282465325579645,6.264571649488673e-17,0.02282465325579645,0.022824653255796513,0.18139248394962826,0.4528246532557965,0.7321950886849812,3.3306690738754696e-16
68.0,81.82502122014144,-13.82502122014143,13.82502122014143,1,C,13.825021220141437,0.0,-5.494707039160151e-17,0.1749635311567682,-0.021211677725511587,-7.89350152973732e-18,0.021211677725511587,0.02121167772551158,0.17496353115676824,0.4512116777255116,0.7321950886849808,0.0
68.5,81.8070459829151,-13.307045982915103,13.307045982915103,1,C,13.307045982915097,0.0,-5.4944591282434335e-17,0.1685289135480723,-0.01965901718213174,-7.910739524584197e-18,0.01965901718213174,0.019659017182131734,0.16852891354807237,0.44965901718213175,0.7321950886849808,0.0
69.0,81.78976695998324,-12.789766959983242,12.789766959983242,1,C,12.789766959983236,0.0,-7.079682134791468e-17,0.16208919878123496,-0.018166560170283383,1.0195709706601762e-16,0.018166560170283383,0.018166560170283483,0.16208919878123504,0.4481665601702835,0.732195088684981,1.1102230246251565e-16
69.5,81.77318289146189,-12.273182891461882,12.273182891461882,1,C,12.273182891461879,0.0,-1.0987981252369028e-16,0.1556449504192404,-0.01673419017032472,-1.5886423254999443e-17,0.01673419017032472,0.016734190170324702,0.1556449504192405,0.4467341901703247,0.732195088684981,1.1102230246251565e-16
70.0,81.75729245643998,-11.757292456439988,11.757292456439988,1,C,11.757292456439984,0.0,-4.554185061589496e-16,0.14919672790568858,-0.01536178569422085,4.6207815326869793e-17,0.01536178569422085,0.015361785694220897,0.14919672790568902,0.4453617856942209,0.7321950886849813,4.440892098500626e-16
70.5,81.74209427405361,-11.242094274053612,11.242094274053612,1,C,11.242094274053617,0.0,-8.240338229694688e-17,0.14274508654196894,-0.01404922038068387,-1.1959531170462815e-17,0.01404922038068387,0.014049220380683857,0.14274508654196902,0.44404922038068384,0.732195088684981,1.1102230246251565e-16
71.0,81.72758690455504,-10.727586904555034,10.727586904555034,1,C,10.72758690455503,0.0,-8.240035148590067e-17,0.13629057746624484,-0.01279636308955385,-1.1980395435630561e-17,0.01279636308955385,0.012796363089553838,0.13629057746624493,0.44279636308955383,0.732195088684981,1.1102230246251565e-16
71.5,81.71376885037627,-10.21376885037627,10.21376885037627,1,C,10.213768850376264,0.0,-4.439880125208262e-16,0.12983374763422054,-0.01160307799539485,1.5972522126756042e-16,0.01160307799539485,0.01160307799539501,0.12983374763422098,0.441603077995395,0.7321950886849813,4.440892098500626e-16
72.0,81.7006385571865,-9.700638557186501,9.700638557186501,1,C,9.700638557186506,0.0,-8.23947075440036e-17,0.1233751398016259,-0.010469224680277108,-1.2019150075282594e-17,0.010469224680277108,0.010469224680277096,0.12337513980162598,0.4404692246802771,0.732195088684981,1.1102230246251565e-16
72.5,81.68819441494333,-9.188194414943316,9.188194414943316,1,C,9.188194414943322,0.0,-9.844148874847198e-17,0.11691529250840318,-0.009394658225727714,9.781908166026106e-17,0.009394658225727714,0.009394658225727812,0.11691529250840328,0.4393946582257278,0.732195088684981,1.1102230246251565e-16
73.0,81.67643475893745,-8.676434758937448,8.676434758937448,1,C,8.676434758937447,0.0,-8.238962287106653e-17,0.11045474006454517,-0.008379229303825397,-1.2053955490107019e-17,0.008379229303825397,0.008379229303825385,0.11045474006454525,0.4383792293038254,0.732195088684981,1.1102230246251565e-16
73.5,81.66535787083019,-8.165357870830197,8.165357870830197,1,C,8.165357870830196,0.0,-8.238729096225658e-17,0.10399401253754026,-0.007422784267414888,-1.2069883499625231e-17,0.007422784267414888,0.007422784267414876,0.10399401253754034,0.4374227842674149,0.732195088684981,1.1102230246251565e-16
74.0,81.65496197968444,-7.654961979684446,7.654961979684446,1,C,7.65496197968445,0.0,-4.2803860722538194e-16,0.09753363574139948,-0.00652516523943046,4.9422640191361487e-17,0.00652516523943046,0.00652516523943051,0.09753363574139991,0.4365251652394305,0.7321950886849813,4.440892098500626e-16
74.5,81.64524526298743,-7.145245262987436,7.145245262987436,1,C,7.145245262987443,0.0,-8.238304898031532e-17,0.09107413122720992,-0.005686210201299817,-1.2098803267307736e-17,0.005686210201299817,0.005686210201299805,0.09107413122721,0.4356862102012998,0.732195088684981,1.1102230246251565e-16
75.0,81.63620584766633,-6.636205847666333,6.636205847666333,1,C,6.636205847666329,0.0,-8.238113915637328e-17,0.0846160162751825,-0.004905753080418997,-1.211180048928776e-17,0.004905753080418997,0.0049057530804189845,0.08461601627518259,0.43490575308041896,0.732195088684981,1.1102230246251565e-16
75.5,81.62784181109576,-6.1278418110957675,6.1278418110957675,1,C,6.127841811095763,0.0,-8.237937019824638e-17,0.07815980388816318,-0.004183623836678649,-1.2123826356985053e-17,0.004183623836678649,0.004183623836678637,0.07815980388816327,0.43418362383667863,0.732195088684981,1.1102230246251565e-16
76.0,81.62015118209689,-5.620151182096889,5.620151182096889,1,C,5.620151182096883,0.0,-8.237774211375728e-17,0.07170600278655116,-0.0035196485480279197,-1.213488376678371e-17,0.0035196485480279197,0.0035196485480279076,0.07170600278655125,0.4335196485480279,0.732195088684981,1.1102230246251565e-16
76.5,81.61313194192863,-5.113131941928624,5.113131941928624,1,C,5.113131941928618,0.0,-4.0061582360728737e-16,0.06525511740460226,-0.0029136494950625963,5.3158453321107695e-17,0.0029136494950625963,0.0029136494950626497,0.06525511740460266,0.43291364949506267,0.7321950886849813,4.440892098500626e-16
77.0,81.60678202526961,-4.606782025269601,4.606782025269601,1,C,4.606782025269596,0.0,-1.0983321115781302e-16,0.05880764788807156,-0.0023654452446233484,-1.620547348402902e-17,0.0023654452446233484,0.0023654452446233323,0.05880764788807167,0.43236544524462334,0.732195088684981,1.1102230246251565e-16
77.5,81.60109932119175,-4.101099321191756,4.101099321191756,1,C,4.10109932119175,0.0,-1.0983160332800329e-16,0.05236409009315425,-0.0018748507323941264,-1.6216366870493696e-17,0.0018748507323941264,0.0018748507323941102,0.05236409009315436,0.4318748507323941,0.732195088684981,1.1102230246251565e-16
78.0,81.59608167412482,-3.5960816741248163,3.5960816741248163,1,C,3.596081674124821,0.0,-1.0983018276723548e-16,0.045924935586701195,-0.0014416773444901898,-1.6225985251871802e-17,0.0014416773444901898,0.0014416773444901735,0.045924935586701306,0.4314416773444902,0.732195088684981,1.1102230246251565e-16
78.5,81.59172688481138,-3.091726884811373,3.091726884811373,1,C,3.0917268848113673,0.0,-8.237171189048386e-17,0.03949067164765226,-0.0010657329980243257,-1.2175749669945194e-17,0.0010657329980243257,0.0010657329980243136,0.039490671647652346,0.4310657329980243,0.732195088684981,1.1102230246251565e-16
79.0,81.58803271125288,-2.588032711252885,2.588032711252885,1,C,2.5880327112528794,0.0,-4.0063907198352883e-16,0.03306178126967013,-0.0007468222206439526,5.2982952769871496e-17,0.0007468222206439526,0.0007468222206440056,0.033061781269670534,0.430746822220644,0.7321950886849813,4.440892098500626e-16
79.5,81.58499686964603,-2.0849968696460333,2.0849968696460333,1,C,2.0849968696460293,0.0,-8.237028114744442e-17,0.026638743164925593,-0.00048474622903333617,-1.2185425043264227e-17,0.00048474622903333617,0.000484746229033324,0.026638743164925677,0.4304847462290333,0.732195088684981,1.1102230246251565e-16
80.0,81.5826170353093,-1.5826170353093048,1.5826170353093048,1,C,1.5826170353092992,0.0,-8.236977494324822e-17,0.02022203176900236,-0.0002793030063684712,-1.2188846360205094e-17,0.0002793030063684712,0.000279303006368459,0.020222031769002443,0.43027930300636846,0.732195088684981,1.1102230246251565e-16
80.5,81.58089084360003,-1.0808908436000229,1.0808908436000229,1,C,1.0808908436000284,0.0,-4.4183037699052883e-16,0.013812117246890881,-0.00013028737872676648,4.683734907206878e-17,0.00013028737872676648,0.00013028737872681332,0.013812117246891324,0.4301302873787268,0.7321950886849813,4.440892098500626e-16
81.0,81.5798158908212,-0.5798158908211882,0.5798158908211882,1,C,0.5798158908211825,0.0,-1.0982557192257894e-16,0.007409465500027477,-3.74910904391621e-05,-1.6257164450073988e-17,3.74910904391621e-05,3.749109043914584e-05,0.0074094655000275875,0.43003749109043915,0.732195088684981,1.1102230246251565e-16
81.5,81.57938973511831,-0.07938973511830483,0.07938973511830483,1,C,0.07938973511829943,0.0,-1.0982545100167591e-16,0.0010145381743500593,-7.02878383989189e-07,-1.625798131247518e-17,7.02878383989189e-07,7.028783839729311e-07,0.001014538174350169,0.430000702878384,0.732195088684981,1.1102230246251565e-16
82.0,81.57915279164403,0.4208472083559641,0.4208472083559641,-1,C,0.4208472083559596,0.0,-5.491269188338466e-17,0.005378048625586833,-8.129217744656492e-18,1.9751427990288176e-05,1.9751427990288176e-05,1.9751427990296304e-05,0.005378048625586888,0.4300197514279903,0.7321950886849808,0.0
82.5,81.57828411243302,0.92171588756697,0.92171588756697,-1,C,0.9217158875669655,0.0,-5.49125686274638e-17,0.01177829752100175,-8.130050292197185e-18,9.474064387129037e-05,9.474064387129037e-05,9.47406438712985e-05,0.011778297521001806,0.43009474064387127,0.7321950886849808,0.0
83.0,81.57676495390089,1.4232350460991057,1.4232350460991057,-1,C,1.4232350460991001,0.0,8.236852956813153e-17,0.018185956385945883,1.2197259387989291e-17,0.00022588244421590655,0.00022588244421590655,0.00022588244421589435,0.0181859563859458,0.4302258824442159,0.7321950886849807,-1.1102230246251565e-16
83.5,81.57459288463683,1.9254071153631722,1.9254071153631722,-1,C,1.9254071153631662,0.0,9.609607829939214e-17,0.02460056086899302,1.4233778942169616e-17,0.00041338605820852683,0.00041338605820852683,0.00041338605820851257,0.024600560868992923,0.4304133860582085,0.7321950886849807,-1.1102230246251565e-16
84.0,81.57176550517569,2.428234494824314,2.428234494824314,-1,C,2.4282344948243204,0.0,-8.491214954585247e-17,0.031021642444391144,9.965291448095828e-17,0.0006574576676426309,0.0006574576676426309,0.0006574576676425313,0.031021642444391227,0.4306574576676425,0.732195088684981,1.1102230246251565e-16
84.5,81.56828044877783,2.931719551222173,2.931719551222173,-1,C,2.931719551222179,0.0,-6.86389353864672e-17,0.03744872840594298,-1.0174547163410821e-17,0.0009583003358271871,0.0009583003358271871,0.0009583003358271973,0.03744872840594305,0.4309583003358272,0.732195088684981,1.1102230246251565e-16
85.0,81.56413538221905,3.435864617780951,3.435864617780951,-1,C,3.4358646177809464,0.0,9.609347878008177e-17,0.043881341861818114,1.425131795447112e-17,0.0013161139355267024,0.0013161139355267024,0.001316113935526688,0.04388134186181802,0.43131611393552666,0.7321950886849807,-1.1102230246251565e-16
85.5,81.55932800659154,3.9406719934084604,3.9406719934084604,-1,C,3.940671993408467,0.0,8.92285482136813e-17,0.05031900173031225,1.324085339828302e-17,0.001731095075937968,0.001731095075937968,0.0017310950759379547,0.05031900173031216,0.43173109507593793,0.7321950886849807,-1.1102230246251565e-16
86.0,81.55385605811479,4.446143941885221,4.446143941885221,-1,C,4.446143941885227,0.0,-6.863637173745136e-17,0.0567612227365967,-1.0191826906226348e-17,0.0022034370287078693,0.0022034370287078693,0.0022034370287078798,0.05676122273659677,0.4322034370287079,0.732195088684981,1.1102230246251565e-16
86.5,81.54771730895737,4.952282691042627,4.952282691042627,-1,C,4.952282691042633,0.0,-8.495396840686099e-17,0.06320751541048025,9.961726635966509e-17,0.002733329652993751,0.002733329652993751,0.0027333296529936514,0.06320751541048034,0.43273332965299366,0.732195088684981,1.1102230246251565e-16
87.0,81.54090956806895,5.459090431931036,5.459090431931036,-1,C,5.459090431931031,0.0,-6.863406705150187e-17,0.06965738608521965,-1.0207335643449507e-17,0.003320959319572766,0.003320959319572766,0.0033209593195727763,0.06965738608521972,0.43332095931957276,0.732195088684981,1.1102230246251565e-16
87.5,81.53343068202285,5.966569317977143,5.966569317977143,-1,C,5.966569317977138,0.0,8.922255431852407e-17,0.07611033689740626,1.3281182775419243e-17,0.00396650883400419,0.00396650883400419,0.003966508834004177,0.07611033689740618,0.43396650883400417,0.7321950886849807,-1.1102230246251565e-16
88.0,81.52527853586842,6.474721464131571,6.474721464131571,-1,C,6.474721464131578,0.0,8.922066374493641e-17,0.08256586578796832,1.3293877385814086e-17,0.00467015735885081,0.00467015735885081,0.004670157358850797,0.08256586578796823,0.4346701573588508,0.7321950886849807,-1.1102230246251565e-16
88.5,81.51645105399437,6.98354894600563,6.98354894600563,-1,C,6.983548946005636,0.0,-7.206118864805119e-17,0.08902346650431013,-1.074846499958461e-17,0.0054320803349665716,0.0054320803349665716,0.005432080334966582,0.0890234665043102,0.43543208033496655,0.732195088684981,1.1102230246251565e-16
89.0,81.50694620100168,7.493053798998314,7.493053798998314,-1,C,7.49305379899831,0.0,-7.034370447399381e-17,0.09548262860363335,-1.0504218696791463e-17,0.006252449401857058,0.006252449401857058,0.006252449401857069,0.09548262860363342,0.43625244940185703,0.732195088684981,1.1102230246251565e-16
89.5,81.49676198258709,8.003238017412917,8.003238017412917,-1,C,8.00323801741292,0.0,8.92140362289003e-17,0.10194283745746374,1.3338281552903906e-17,0.0071314323171222565,0.0071314323171222565,0.0071314323171222434,0.10194283745746366,0.43713143231712226,0.7321950886849807,-1.1102230246251565e-16
90.0,81.48589644643592,8.514103553564087,8.514103553564087,-1,C,8.514103553564093,0.0,8.867984604834151e-17,0.10840357425742561,1.3275609023048866e-17,0.008069192874989941,0.008069192874989941,0.008069192874989927,0.10840357425742553,0.4380691928749899,0.7321950886849807,-1.1102230246251565e-16
90.5,81.47434768312577,9.025652316874229,9.025652316874229,-1,C,9.025652316874236,0.0,2.496131165757987e-16,0.11486431602228726,3.741919014870949e-17,0.00906589082394917,0.00906589082394917,0.009065890823949131,0.11486431602228701,0.43906589082394915,0.7321950886849806,-2.220446049250313e-16
91.0,81.46211382703918,9.53788617296083,9.53788617296083,-1,C,9.537886172960828,0.0,2.4874737154324827e-16,0.12132453560632371,3.734371552194577e-17,0.010121681783496204,0.010121681783496204,0.010121681783496166,0.12132453560632346,0.44012168178349614,0.7321950886849806,-2.220446049250313e-16
91.5,81.44919305728634,10.050806942713665,10.050806942713665,-1,C,10.05080694271367,0.0,2.50454384829994e-16,0.12778370170902537,3.7657739306504094e-17,0.011236717160004545,0.011236717160004545,0.011236717160004506,0.12778370170902512,0.4412367171600045,0.7321950886849806,-2.220446049250313e-16
92.0,81.4355835986374,10.564416401362616,10.564416401362616,-1,C,10.56441640136261,0.0,8.576898387912779e-17,0.13424127888618498,1.291685912304367e-17,0.012411144061729005,0.012411144061729005,0.012411144061728992,0.1342412788861849,0.442411144061729,0.7321950886849807,-1.1102230246251565e-16
92.5,81.42128372246425,11.078716277535746,11.078716277535746,-1,C,11.078716277535753,0.0,8.919638771595751e-17,0.14069672756240453,1.3455795534291314e-17,0.013645105212962768,0.013645105212962768,0.013645105212962754,0.14069672756240445,0.44364510521296274,0.7321950886849807,-1.1102230246251565e-16
93.0,81.40629174769154,11.593708252308463,11.593708252308463,-1,C,11.593708252308458,0.0,2.469956229089458e-16,0.14714950404505142,3.73268330021218e-17,0.01493873886735647,0.01493873886735647,0.014938738867356431,0.14714950404505117,0.4449387388673564,0.7321950886849806,-2.220446049250313e-16
93.5,81.39060604175688,12.109393958243114,12.109393958243114,-1,C,12.109393958243109,0.0,2.303656388317738e-16,0.1535990605397046,1.471657374793926e-16,0.016292178720419274,0.016292178720419274,0.016292178720419128,0.15359906053970437,0.4462921787204191,0.7321950886849806,-2.220446049250313e-16
94.0,81.37422502157996,12.62577497842004,12.62577497842004,-1,C,12.625774978420035,0.0,8.918530599332078e-17,0.16004484516712797,1.3529050591738205e-17,0.0177055538212175,0.0177055538212175,0.017705553821217485,0.16004484516712789,0.44770555382121746,0.7321950886849807,-1.1102230246251565e-16
94.5,81.35714715454077,13.142852845459233,13.142852845459233,-1,C,13.142852845459227,0.0,8.918126949505952e-17,0.16648630198179826,1.3555633009403752e-17,0.0191789884832867,0.0191789884832867,0.019178988483286686,0.16648630198179817,0.4491789884832867,0.7321950886849807,-1.1102230246251565e-16
95.0,81.33937095946624,13.660629040533774,13.660629040533774,-1,C,13.66062904053378,0.0,2.469518571471548e-16,0.1729228709920337,3.761529542244321e-17,0.02071260219477938,0.02071260219477938,0.020712602194779342,0.17292287099203346,0.4507126021947793,0.7321950886849806,-2.220446049250313e-16
95.5,81.32089500762542,14.179104992374576,14.179104992374576,-1,C,14.179104992374581,0.0,2.469397146467111e-16,0.17935398818175388,3.769492709035719e-17,0.022306509527866506,0.022306509527866506,0.022306509527866468,0.17935398818175363,0.45230650952786644,0.7321950886849806,-2.220446049250313e-16
96.0,81.30171792373305,14.698282076266956,14.698282076266956,-1,C,14.698282076266961,0.0,6.8590856722303e-17,0.18577908553391412,1.0493771251013265e-17,0.023960820047413733,0.023960820047413733,0.023960820047413723,0.18577908553391406,0.4539608200474137,0.7321950886849807,-1.1102230246251565e-16
96.5,81.28183838696096,15.21816161303904,15.21816161303904,-1,C,15.218161613039047,0.0,9.602209629533878e-17,0.19219759105564316,1.4724596787217703e-17,0.02567563821895535,0.02567563821895535,0.025675638218955337,0.19219759105564307,0.45567563821895535,0.7321950886849807,-1.1102230246251565e-16
97.0,81.26125513195768,15.73874486804231,15.73874486804231,-1,C,15.738744868042316,0.0,8.23001145883698e-17,0.19860892880512349,1.2650649727790701e-17,0.027451063315990384,0.027451063315990384,0.02745106331599037,0.1986089288051234,0.4574510633159904,0.7321950886849807,-1.1102230246251565e-16
97.5,81.23996694987524,16.26003305012476,16.26003305012476,-1,C,16.26003305012476,0.0,2.2997792256166597e-16,0.20501251892025868,1.4777089353605845e-16,0.02928718932662436,0.02928718932662436,0.029287189326624212,0.20501251892025846,0.4592871893266242,0.7321950886849806,-2.220446049250313e-16
98.0,81.21797268940364,16.782027310596355,16.782027310596355,-1,C,16.78202731059635,0.0,2.331565145255229e-16,0.2114077776491522,3.6019649180700674e-17,0.031184104859581934,0.031184104859581934,0.0311841048595819,0.21140777764915197,0.4611841048595819,0.7321950886849806,-2.220446049250313e-16
98.5,81.1952712578123,17.304728742187713,17.304728742187713,-1,C,17.30472874218772,0.0,8.22854910738678e-17,0.21779411738244736,1.2745421080783208e-17,0.033141893049621764,0.033141893049621764,0.03314189304962175,0.21779411738244728,0.4631418930496217,0.7321950886849807,-1.1102230246251565e-16
99.0,81.17186162199847,17.828138378001523,17.828138378001523,-1,C,17.828138378001526,0.0,9.599365619976827e-17,0.22417094668755297,1.4908879800244728e-17,0.0351606314623746,0.0351606314623746,0.03516063146237459,0.22417094668755289,0.4651606314623746,0.7321950886849807,-1.1102230246251565e-16
99.5,81.14774280954207,18.352257190457948,18.352257190457948,-1,C,18.352257190457944,0.0,2.4682467024467333e-16,0.23053767034480432,3.8441024397831936e-17,0.037240391998644644,0.037240391998644644,0.0372403919986446,0.23053767034480407,0.4672403919986446,0.7321950886849806,-2.220446049250313e-16
100.0,81.12291390976687,18.877086090233142,18.877086090233142,-1,C,18.877086090233146,0.0,2.2967555267867244e-16,0.2368936893855827,1.4824042074944038e-16,0.03938124079819514,0.03938124079819514,0.039381240798194994,0.23689368938558247,0.469381240798195,0.7321950886849806,-2.220446049250313e-16
100.5,81.09737407480758,19.40262592519243,19.40262592519243,-1,C,19.40262592519243,0.0,6.508226349841167e-17,0.24323840113244496,1.2257078943123303e-16,0.04158323814305843,0.04158323814305843,0.0415832381430583,0.2432384011324449,0.4715832381430583,0.7321950886849807,-1.1102230246251565e-16
101.0,81.07112252068286,19.928877479317137,19.928877479317137,-1,C,19.928877479317148,0.0,1.096769081285954e-16,0.2495711992412847,1.7231583427820932e-17,0.04384643836039857,0.04384643836039857,0.04384643836039855,0.2495711992412846,0.4738464383603985,0.7321950886849807,-1.1102230246251565e-16
101.5,81.04415852837319,20.45584147162681,20.45584147162681,-1,C,20.455841471626815,0.0,9.238559000413049e-17,0.2558914737455723,1.26951983236755e-16,0.046170889724968904,0.046170889724968904,0.04617088972496878,0.2558914737455722,0.4761708897249688,0.7321950886849807,-1.1102230246251565e-16
102.0,81.01648144490403,20.983518555095973,20.983518555095973,-1,C,20.983518555095976,0.0,2.467359564067373e-16,0.2621986111027054,3.9006384274873024e-17,0.04855663436119182,0.04855663436119182,0.04855663436119178,0.2621986111027052,0.4785566343611918,0.7321950886849806,-2.220446049250313e-16
102.5,80.98809068443362,21.51190931556638,21.51190931556638,-1,C,21.51190931556639,0.0,2.0191313590295833e-16,0.2684919942425022,1.444328348064422e-16,0.05100370814490728,0.05100370814490728,0.05100370814490714,0.268491994242502,0.4810037081449071,0.7321950886849806,-2.220446049250313e-16
103.0,80.9589857293448,22.041014270655207,22.041014270655207,-1,C,22.041014270655207,0.0,8.223222989471279e-17,0.2747710026178821,1.3084653848579737e-17,0.053512140604825564,0.053512140604825564,0.05351214060482555,0.27477100261788207,0.48351214060482556,0.7321950886849807,-1.1102230246251565e-16
103.5,80.92916613134103,22.570833868658966,22.570833868658966,-1,C,22.570833868658966,0.0,6.472214237795113e-17,0.2810350122577573,1.2276132831588529e-16,0.05608195482372454,0.05608195482372454,0.05608195482372442,0.28103501225775723,0.4860819548237244,0.7321950886849807,-1.1102230246251565e-16
104.0,80.89863151254538,23.101368487454625,23.101368487454625,-1,C,23.101368487454632,0.0,2.466552034931776e-16,0.2872833958221802,3.951380502919967e-17,0.058713167339438134,0.058713167339438134,0.05871316733943809,0.28728339582218,0.4887131673394381,0.7321950886849806,-2.220446049250313e-16
104.5,80.86738156660306,23.63261843339695,23.63261843339695,-1,C,23.632618433396956,0.0,2.290121360928012e-16,0.2935155226597685,1.4926326863779e-16,0.061405788045674266,0.061405788045674266,0.06140578804567411,0.29351552265976827,0.4914057880456741,0.7321950886849806,-2.220446049250313e-16
105.0,80.83541605978628,24.164583940213717,24.164583940213717,-1,C,24.164583940213728,0.0,6.452118792007009e-17,0.299730758867457,1.2286706537252102e-16,0.06415982009271162,0.06415982009271162,0.0641598200927115,0.2997307588674569,0.4941598200927115,0.7321950886849807,-1.1102230246251565e-16
105.5,80.80273483210156,24.697265167898447,24.697265167898447,-1,C,24.697265167898447,0.0,6.44510946648379e-17,0.30592846735259327,1.229038479478021e-16,0.06697525978802119,0.06697525978802119,0.06697525978802106,0.3059284673525932,0.49697525978802104,0.7321950886849807,-1.1102230246251565e-16
106.0,80.76933779839827,25.230662201601728,25.230662201601728,-1,C,25.230662201601735,0.0,8.218846955395823e-17,0.31210800789742,1.3356768777370172e-17,0.0698520964968616,0.0698520964968616,0.06985209649686158,0.31210800789741994,0.4998520964968616,0.7321950886849807,-1.1102230246251565e-16
106.5,80.73522494947895,25.764775050521052,25.764775050521052,-1,C,25.76477505052105,0.0,2.2866724130320214e-16,0.31826873722597043,1.4979110319711203e-16,0.07279031254289575,0.07279031254289575,0.0727903125428956,0.3182687372259702,0.5027903125428956,0.7321950886849806,-2.220446049250313e-16
107.0,80.70039635321018,26.299603646789816,26.299603646789816,-1,C,26.299603646789812,0.0,2.4651701537713853e-16,0.3244100090734067,4.036695836564949e-17,0.07578988310888302,0.07578988310888302,0.07578988310888297,0.3244100090734065,0.505789883108883,0.7321950886849806,-2.220446049250313e-16
107.5,80.66485215563361,26.8351478443664,26.8351478443664,-1,C,26.835147844366396,0.0,1.3693995875779668e-16,0.33053117425783896,2.2511044828823566e-17,0.07885077613749954,0.07885077613749954,0.07885077613749951,0.33053117425783884,0.5088507761374995,0.7321950886849807,-1.1102230246251565e-16
108.0,80.62859258207702,27.371407417922985,27.371407417922985,-1,C,27.37140741792298,0.0,6.407724904862868e-17,0.3366315807546407,1.230991697706868e-16,0.08197295223233841,0.08197295223233841,0.08197295223233829,0.33663158075464067,0.5119729522323383,0.7321950886849807,-1.1102230246251565e-16
108.5,80.59161793826418,27.908382061735836,27.908382061735836,-1,C,27.90838206173584,0.0,2.4643993279745374e-16,0.342710573773304,4.0834908117111286e-17,0.08515636455915229,0.08515636455915229,0.08515636455915225,0.3427105737733038,0.5151563645591523,0.7321950886849806,-2.220446049250313e-16
109.0,80.553928611424,28.44607138857601,28.44607138857601,-1,C,28.446071388576016,0.0,2.4641301816276385e-16,0.3487674958368422,4.0997008159911536e-17,0.08840095874738535,0.08840095874738535,0.08840095874738531,0.34876749583684197,0.5184009587473853,0.7321950886849806,-2.220446049250313e-16
109.5,80.51552507139706,28.98447492860295,28.98447492860295,-1,C,28.984474928602953,0.0,3.6458035625697514e-17,0.35480168686379354,1.1865180653244712e-16,0.09170667279206753,0.09170667279206753,0.0917066727920674,0.3548016868637935,0.5217066727920674,0.7321950886849808,0.0
110.0,80.47640787174025,29.523592128259747,29.523592128259747,-1,C,29.523592128259747,0.0,3.6377020707787136e-17,0.36081248425282164,1.1867666965129715e-16,0.0950734369561181,0.0950734369561181,0.09507343695611797,0.3608124842528216,0.525073436956118,0.7321950886849808,0.0
110.5,80.43657765082837,30.06342234917163,30.06342234917163,-1,C,30.06342234917164,0.0,5.4739673981431415e-17,0.36679922296995154,9.222581169400346e-18,0.09850117367312998,0.09850117367312998,0.09850117367312997,0.3667992229699515,0.52850117367313,0.7321950886849808,0.0
111.0,80.39603513295141,30.603964867048585,30.603964867048585,-1,C,30.603964867048585,0.0,2.189325375023929e-16,0.3727612356384691,3.704525069528577e-17,0.10198979745069683,0.10198979745069683,0.10198979745069679,0.37276123563846886,0.5319897974506967,0.7321950886849806,-2.220446049250313e-16
111.5,80.35478112940848,31.14521887059152,31.14521887059152,-1,C,31.14521887059152,0.0,2.0030436925573394e-16,0.37869785263148986,1.4665578023881003e-16,0.10553921477434283,0.10553921477434283,0.10553921477434268,0.37869785263148964,0.5355392147743426,0.7321950886849806,-2.220446049250313e-16
112.0,80.31281653959614,31.68718346040386,31.68718346040386,-1,C,31.687183460403865,0.0,1.0943925032358507e-16,0.3846084021672286,1.868159877232128e-17,0.10914932401212919,0.10914932401212919,0.10914932401212918,0.38460840216722847,0.5391493240121292,0.7321950886849807,-1.1102230246251565e-16
112.5,80.27014235209157,32.229857647908425,32.229857647908425,-1,C,32.22985764790843,0.0,3.594954841774333e-17,0.39049221040698523,1.1880685806660413e-16,0.11282001532000144,0.11282001532000144,0.11282001532000131,0.3904922104069852,0.5428200153200013,0.7321950886849808,0.0
113.0,80.22675964572902,32.77324035427099,32.77324035427099,-1,C,32.77324035427099,0.0,1.4527064858080642e-16,0.3963486015558646,1.3767999674668194e-16,0.11655117054794821,0.11655117054794821,0.11655117054794807,0.39634860155586443,0.5465511705479481,0.7321950886849807,-1.1102230246251565e-16
113.5,80.18266959067022,33.317330409329784,33.317330409329784,-1,C,33.31733040932979,0.0,1.451646585329714e-16,0.40217689796623723,1.377917441513109e-16,0.12034266314703952,0.12034266314703952,0.12034266314703938,0.40217689796623707,0.5503426631470394,0.7321950886849807,-1.1102230246251565e-16
114.0,80.13787344946628,33.86212655053372,33.86212655053372,-1,C,33.86212655053372,0.0,5.469084956477294e-17,0.40797642024397013,9.507832818416224e-18,0.1241943580774243,0.1241943580774243,0.12419435807742428,0.4079764202439701,0.5541943580774242,0.7321950886849808,0.0
114.5,80.09237257811189,34.407627421888115,34.407627421888115,-1,C,34.40762742188812,0.0,5.4683281769424196e-17,0.4137464873574296,9.551262007993313e-18,0.12810611171735276,0.12810611171735276,0.12810611171735276,0.4137464873574295,0.5581061117173527,0.7321950886849808,0.0
115.0,80.0461684270901,34.953831572909905,34.953831572909905,-1,C,34.953831572909905,0.0,5.4675561713087e-17,0.4194864167492651,9.59535629239435e-18,0.13207777177330488,0.13207777177330488,0.13207777177330488,0.41948641674926507,0.5620777717733049,0.7321950886849808,0.0
115.5,79.99926254240775,35.50073745759225,35.50073745759225,-1,C,35.50073745759225,0.0,3.538746027006848e-17,0.4251955244509888,1.189754899579414e-16,0.13610917719129723,0.13610917719129723,0.13610917719129711,0.42519552445098874,0.5661091771912972,0.7321950886849808,0.0
116.0,79.95165656661999,36.048343433380026,36.048343433380026,-1,C,36.048343433380026,0.0,5.465965938016368e-17,0.4308731252003542,9.685532895203148e-18,0.1402001580694503,0.1402001580694503,0.1402001580694503,0.43087312520035415,0.5702001580694502,0.7321950886849808,0.0
116.5,79.90335223984378,36.596647760156216,36.596647760156216,-1,C,36.59664776015622,0.0,3.518825169451014e-17,0.4365185325615374,1.1903456009824074e-16,0.1443505355718904,0.1443505355718904,0.1443505355718903,0.43651853256153733,0.5743505355718903,0.7321950886849808,0.0
117.0,79.85435140075926,37.14564859924075,37.14564859924075,-1,C,37.14564859924075,0.0,5.464313166602647e-17,0.44213105904812716,9.778347137879318e-18,0.1485601218440722,0.1485601218440722,0.1485601218440722,0.4421310590481271,0.5785601218440721,0.7321950886849808,0.0
117.5,79.8046559875982,37.695344012401804,37.695344012401804,-1,C,37.69534401240181,0.0,0.0,0.4477100162489201,0.0,0.15282871992959765,0.15282871992959765,0.15282871992959765,0.4477100162489201,0.5828287199295976,0.7321950886849808,0.0
118.0,79.75426803911903,38.24573196088099,38.24573196088099,-1,C,38.245731960880995,0.0,5.462596764751337e-17,0.45325471495652225,9.873781929554664e-18,0.1571561236886176,0.1571561236886176,0.1571561236886176,0.4532547149565222,0.5871561236886176,0.7321950886849808,0.0
118.5,79.7031896955671,38.79681030443291,38.79681030443291,-1,C,38.79681030443292,0.0,1.0923428722126546e-16,0.4587644652987521,1.9844952490252827e-17,0.16154211771789903,0.16154211771789903,0.161542117717899,0.458764465298752,0.591542117717899,0.7321950886849807,-1.1102230246251565e-16
119.0,79.65142319961987,39.34857680038014,39.34857680038014,-1,C,39.348576800380144,0.0,8.9272675711922e-17,0.46423857687283954,1.291599499047233e-16,0.1659864772726432,0.1659864772726432,0.16598647727264307,0.4642385768728394,0.5959864772726431,0.7321950886849807,-1.1102230246251565e-16
119.5,79.598970897316,39.901029102684,39.901029102684,-1,C,39.901029102684,0.0,1.091980093358218e-16,0.4696763588824097,2.0043612478096008e-17,0.17048896819013598,0.17048896819013598,0.17048896819013595,0.4696763588824096,0.600488968190136,0.7321950886849807,-1.1102230246251565e-16
120.0,79.54583523896731,40.45416476103267,40.45416476103267,-1,C,40.45416476103268,0.0,1.0917937409063381e-16,0.47507712027724347,2.0144873225109882e-17,0.17504934681532555,0.17504934681532555,0.17504934681532552,0.47507712027724336,0.6050493468153255,0.7321950886849807,-1.1102230246251565e-16
120.5,79.492018780053,41.00798121994701,41.00798121994701,-1,C,41.00798121994701,0.0,1.0916040436870274e-16,0.48044016989580307,2.024741371483314e-17,0.17966735992840618,0.17966735992840618,0.17966735992840616,0.48044016989580296,0.6096673599284061,0.7321950886849807,-1.1102230246251565e-16
121.0,79.43752418209513,41.562475817904875,41.562475817904875,-1,C,41.562475817904875,0.0,3.4219320627739e-17,0.4857648166104965,1.193167115322656e-16,0.18434274467450049,0.18434274467450049,0.18434274467450038,0.4857648166104964,0.6143427446745003,0.7321950886849808,0.0
121.5,79.3823542135146,42.1176457864854,42.1176457864854,-1,C,42.1176457864854,0.0,5.4560725367481514e-17,0.4910503694756773,1.0228155180375232e-17,0.18907522849553085,0.18907522849553085,0.18907522849553085,0.49105036947567726,0.6190752284955309,0.7321950886849808,0.0
122.0,79.32651175046645,42.67348824953354,42.67348824953354,-1,C,42.67348824953354,0.0,5.455073073867411e-17,0.496296137878346,1.0281327098008962e-17,0.19386452906436555,0.19386452906436555,0.19386452906436555,0.4962961378783459,0.6238645290643655,0.7321950886849808,0.0
122.5,79.2699997776542,43.23000022234581,43.23000022234581,-1,C,43.23000022234581,0.0,5.454056352764023e-17,0.5015014316915313,1.0335126564634683e-17,0.19871035422133065,0.19871035422133065,0.19871035422133065,0.5015014316915313,0.6287103542213306,0.7321950886849808,0.0
123.0,79.2128213891215,43.7871786108785,43.7871786108785,-1,C,43.7871786108785,0.0,3.375112196578246e-17,0.5066655614303297,1.194499950655033e-16,0.20361240191318022,0.20361240191318022,0.2036124019131801,0.5066655614303297,0.6336124019131801,0.7321950886849808,0.0
123.5,79.1549797890206,44.345020210979406,44.345020210979406,-1,C,44.345020210979406,0.0,0.0,0.511787838410572,0.0,0.20857036013461772,0.20857036013461772,0.20857036013461772,0.511787838410572,0.6385703601346178,0.7321950886849808,0.0
124.0,79.09647829235718,44.90352170764282,44.90352170764282,-1,C,44.903521707642824,0.0,5.450901330393226e-17,0.5168675749100715,1.0500256170747134e-17,0.21358390687245124,0.21358390687245124,0.21358390687245124,0.5168675749100715,0.6435839068724513,0.7321950886849808,0.0
124.5,79.03732032570952,45.46267967429047,45.46267967429047,-1,C,45.46267967429048,0.0,5.4498142722838094e-17,0.521904084332443,1.0556531190724842e-17,0.2186527100524854,0.2186527100524854,0.2186527100524854,0.521904084332443,0.6486527100524854,0.7321950886849808,0.0
125.0,78.97750942792241,46.022490572077594,46.022490572077594,-1,C,46.022490572077594,0.0,8.774735443457172e-17,0.5268966813734249,1.302010179602689e-16,0.2237764274892312,0.2237764274892312,0.22377642748923107,0.5268966813734248,0.653776427489231,0.7321950886849807,-1.1102230246251565e-16
125.5,78.91704925077335,46.58295074922667,46.58295074922667,-1,C,46.58295074922667,0.0,-2.1341812662079407e-17,0.5318446821896894,1.0895172635793807e-16,0.22895470683853647,0.22895470683853647,0.22895470683853636,0.5318446821896894,0.6589547068385364,0.7321950886849808,0.0
126.0,78.85594355961166,47.14405644038834,47.14405644038834,-1,C,47.14405644038834,0.0,8.747090642452622e-17,0.5367474045700741,1.3038690048248099e-16,0.23418718555321713,0.23418718555321713,0.234187185553217,0.536747404570074,0.664187185553217,0.7321950886849807,-1.1102230246251565e-16
126.5,78.79419623396835,47.70580376603164,47.70580376603164,-1,C,47.705803766031636,0.0,0.0,0.5416041681092022,0.0,0.23947349084179112,0.23947349084179112,0.23947349084179112,0.5416041681092022,0.6694734908417911,0.7321950886849808,0.0
127.0,78.73181126813672,48.26818873186329,48.26818873186329,-1,C,48.26818873186329,0.0,3.274713653576828e-17,0.5464142943834293,1.1972913013884983e-16,0.24481323963039603,0.24481323963039603,0.24481323963039592,0.5464142943834293,0.6748132396303959,0.7321950886849808,0.0
127.5,78.66879277172154,48.831207228278465,48.831207228278465,-1,C,48.83120722827847,0.0,8.704454511454353e-17,0.5511771071290721,1.3067191914852561e-16,0.250206038527994,0.250206038527994,0.2502060385279939,0.551177107129072,0.6802060385279939,0.7321950886849807,-1.1102230246251565e-16
128.0,78.60514497015755,49.394855029842454,49.394855029842454,-1,C,49.394855029842454,0.0,3.24823662771951e-17,0.5558919324228515,1.198012330326029e-16,0.2556514837949406,0.2556514837949406,0.2556514837949405,0.5558919324228515,0.6856514837949406,0.7321950886849808,0.0
128.5,78.54087220519486,49.959127794805134,49.959127794805134,-1,C,49.959127794805134,0.0,8.675258570435305e-17,0.5605580988644958,1.3086593201351334e-16,0.2611491613150174,0.2611491613150174,0.2611491613150173,0.5605580988644957,0.6911491613150174,0.7321950886849807,-1.1102230246251565e-16
129.0,78.47597893535092,50.52402106464907,50.52402106464907,-1,C,50.52402106464907,0.0,1.0878420765986079e-16,0.5651749377614378,2.2179896480700588e-17,0.26669864657101394,0.26669864657101394,0.26669864657101394,0.5651749377614377,0.6966986465710139,0.7321950886849807,-1.1102230246251565e-16
129.5,78.41046973632811,51.089530263671904,51.089530263671904,-1,C,51.089530263671904,0.0,1.0875877714965547e-16,0.5697417833155369,2.2304260512061114e-17,0.27229950462394775,0.27229950462394775,0.27229950462394775,0.5697417833155368,0.7022995046239477,0.7321950886849807,-1.1102230246251565e-16
130.0,78.34434930139626,51.65565069860374,51.65565069860374,-1,C,51.65565069860374,0.0,5.436648259405979e-17,0.5742579728117536,1.1214877679643756e-17,0.27795129009600483,0.27795129009600483,0.27795129009600483,0.5742579728117536,0.7079512900960048,0.7321950886849808,0.0
130.5,78.27762244173842,52.222377558261584,52.222377558261584,-1,C,52.222377558261584,0.0,5.4353384843674404e-17,0.5787228468087101,1.1278185450461554e-17,0.2836535471572989,0.2836535471572989,0.2836535471572989,0.5787228468087101,0.7136535471572989,0.7321950886849808,0.0
131.0,78.21029408675965,52.789705913240354,52.789705913240354,-1,C,52.78970591324035,0.0,5.434009430707627e-17,0.5831357493310483,1.1342048391610498e-17,0.28940580951652156,0.28940580951652156,0.28940580951652156,0.5831357493310483,0.7194058095165216,0.7321950886849808,0.0
131.5,78.14236928435783,53.35763071564219,53.35763071564219,-1,C,53.357630715642195,0.0,8.58402975724644e-17,0.587496028063511,1.314661424125139e-16,0.2952076004155734,0.2952076004155734,0.2952076004155733,0.5874960280635109,0.7252076004155733,0.7321950886849807,-1.1102230246251565e-16
132.0,78.07385320115519,53.926146798844826,53.926146798844826,-1,C,53.926146798844826,0.0,5.4312930952957444e-17,0.5918030345466586,1.1471418496369778e-17,0.3010584326282575,0.3010584326282575,0.3010584326282575,0.5918030345466586,0.7310584326282574,0.7321950886849808,0.0
132.5,78.0047511226901,54.49524887730991,54.49524887730991,-1,C,54.49524887730992,0.0,8.552428304964979e-17,0.5960561243741386,1.3167194195043988e-16,0.30695780846311643,0.30695780846311643,0.3069578084631163,0.5960561243741385,0.7369578084631163,0.7321950886849807,-1.1102230246251565e-16
133.0,77.93506845356778,55.06493154643221,55.06493154643221,-1,C,55.06493154643222,0.0,5.428498499251182e-17,0.600254657391408,1.1602944254901172e-17,0.3129052197704906,0.3129052197704906,0.3129052197704906,0.600254657391408,0.7429052197704906,0.7321950886849808,0.0
133.5,77.86481071756994,55.63518928243006,55.63518928243006,-1,C,55.63518928243006,0.0,-2.3339002655805648e-17,0.6043979978958205,1.0854143263800514e-16,0.31890014795387206,0.31890014795387206,0.31890014795387195,0.6043979978958205,0.7489001479538719,0.7321950886849808,0.0
134.0,77.79398355772099,56.206016442279015,56.206016442279015,-1,C,56.20601644227902,0.0,-2.347316014163202e-17,0.6084855148379807,1.0851249880563808e-16,0.3249420639856371,0.3249420639856371,0.32494206398563696,0.6084855148379807,0.754942063985637,0.7321950886849808,0.0
134.5,77.72259273631171,56.777407263688296,56.777407263688296,-1,C,56.77740726368829,0.0,1.6974963583443576e-16,0.6125165820242601,2.6418303179179187e-16,0.33103042842721947,0.33103042842721947,0.3310304284272192,0.6125165820242598,0.7610304284272191,0.7321950886849806,-2.220446049250313e-16
135.0,77.65064413487787,57.349355865122135,57.349355865122135,-1,C,57.349355865122135,0.0,-2.374455699036359e-17,0.6164905783203736,1.0845343543387497e-16,0.3371646914538078,0.3371646914538078,0.3371646914538077,0.6164905783203736,0.7671646914538077,0.7321950886849808,0.0
135.5,77.57814375413473,57.92185624586527,57.92185624586527,-1,C,57.92185624586527,0.0,-2.388177170617121e-17,0.6204068878559084,1.0842330295767893e-16,0.34334429288361795,0.34334429288361795,0.34334429288361784,0.6204068878559084,0.7733442928836178,0.7321950886849808,0.0
136.0,77.50509771386479,58.49490228613522,58.49490228613522,-1,C,58.49490228613522,0.0,1.0839276812752167e-16,0.6242649002296945,2.401998046901019e-17,0.3495686622118261,0.3495686622118261,0.3495686622118261,0.6242649002296944,0.7795686622118261,0.7321950886849807,-1.1102230246251565e-16
136.5,77.43151225275965,59.06848774724037,59.06848774724037,-1,C,59.06848774724037,0.0,-2.415917038276904e-17,0.6280640107158998,1.0836182967491203e-16,0.35583721864920637,0.35583721864920637,0.35583721864920625,0.6280640107158998,0.7858372186492062,0.7321950886849808,0.0
137.0,77.35739372821395,59.64260627178605,59.64260627178605,-1,C,59.64260627178605,0.0,-2.4299328323940797e-17,0.6318036204707403,1.0833048641579913e-16,0.3621493711655486,0.3621493711655486,0.36214937116554846,0.6318036204707403,0.7921493711655485,0.7321950886849808,0.0
137.5,77.2827486160716,60.2172513839284,60.2172513839284,-1,C,60.2172513839284,0.0,1.0829873725304919e-16,0.6354831367396778,2.444044094269425e-17,0.3685045185379026,0.3685045185379026,0.3685045185379026,0.6354831367396777,0.7985045185379026,0.7321950886849807,-1.1102230246251565e-16
138.0,77.20758351032286,60.79241648967712,60.79241648967712,-1,C,60.79241648967712,0.0,8.368408651485903e-17,0.639101973064986,1.3284907584296628e-16,0.37490204940370814,0.37490204940370814,0.374902049403708,0.6391019730649858,0.804902049403708,0.7321950886849807,-1.1102230246251565e-16
138.5,77.13190512275231,61.3680948772477,61.3680948772477,-1,C,61.3680948772477,0.0,9.587127943288548e-17,0.6426595494935575,7.88424843279274e-17,0.3813413423188567,0.3813413423188567,0.38134134231885664,0.6426595494935574,0.8113413423188567,0.7321950886849807,-1.1102230246251565e-16
139.0,77.05572028253627,61.944279717463736,61.944279717463736,-1,C,61.944279717463736,0.0,0.0,0.6461552927848285,0.0,0.38782176582073835,0.38782176582073835,0.38782176582073835,0.6461552927848285,0.8178217658207383,0.7321950886849808,0.0
139.5,76.97903593578944,62.52096406421057,62.52096406421057,-1,C,62.52096406421057,0.0,2.494604983746528e-16,0.6495886366186818,3.995454784427918e-16,0.3943426784963162,0.3943426784963162,0.3943426784963158,0.6495886366186816,0.8243426784963158,0.7321950886849806,-2.220446049250313e-16
140.0,76.90185914506058,63.098140854939416,63.098140854939416,-1,C,63.098140854939416,0.0,0.0,0.6529590218031996,0.0,0.4009034290552586,0.4009034290552586,0.4009034290552586,0.6529590218031996,0.8309034290552586,0.7321950886849808,0.0
140.5,76.82419708877563,63.67580291122439,63.67580291122439,-1,C,63.67580291122439,0.0,-2.53063890974384e-17,0.6562658964821337,1.0809966843116291e-16,0.4075033564081822,0.4075033564081822,0.4075033564081821,0.6562658964821337,0.8375033564081821,0.7321950886849808,0.0
141.0,76.7460570606287,64.2539429393713,64.2539429393713,-1,C,64.2539429393713,0.0,2.4783378933160746e-16,0.6595087163419424,4.0055654090146373e-16,0.41414178975002075,0.41414178975002075,0.41414178975002036,0.6595087163419422,0.8441417897500203,0.7321950886849806,-2.220446049250313e-16
141.5,76.6674464689199,64.8325535310801,64.8325535310801,-1,C,64.8325535310801,0.0,-1.2801017327629877e-17,0.6626869448182654,5.4015015193900456e-17,0.42081804864856426,0.42081804864856426,0.4208180486485642,0.6626869448182654,0.8508180486485641,0.7321950886849808,0.0
142.0,76.58837283583948,65.41162716416052,65.41162716416052,-1,C,65.41162716416052,0.0,-1.9023808658652857e-16,0.6658000533016947,-1.5949679818820192e-16,0.4275314431381791,0.4275314431381791,0.42753144313817926,0.6658000533016949,0.8575314431381793,0.7321950886849811,2.220446049250313e-16
142.5,76.50884379669851,65.99115620330149,65.99115620330149,-1,C,65.99115620330149,0.0,-1.2950489153326252e-17,0.6688475213426794,5.3979373298595794e-17,0.4342812738187332,0.4342812738187332,0.43428127381873316,0.6688475213426794,0.8642812738187331,0.7321950886849808,0.0
143.0,76.42886709910461,66.5711329008954,66.5711329008954,-1,C,66.5711329008954,0.0,-1.302582398215714e-17,0.6718288368554409,5.3961243690313857e-17,0.4410668319597491,0.4410668319597491,0.44106683195974905,0.6718288368554409,0.871066831959749,0.7321950886849808,0.0
143.5,76.34845060208339,67.15154939791661,67.15154939791661,-1,C,67.15154939791661,0.0,3.930464248385382e-17,0.6747434963207324,-1.6182872513368147e-16,0.44788739960978113,0.44788739960978113,0.4478873996097813,0.6747434963207324,0.8778873996097813,0.7321950886849808,0.0
144.0,76.26760227514465,67.73239772485535,67.73239772485535,-1,C,67.73239772485535,0.0,9.467108335454087e-17,0.6775910049873051,8.027967072413452e-17,0.4547422497110378,0.4547422497110378,0.45474224971103777,0.677591004987305,0.8847422497110378,0.7321950886849807,-1.1102230246251565e-16
144.5,76.1863301972933,68.31366980270668,68.31366980270668,-1,C,68.31366980270668,0.0,1.3609771570966496e-16,0.6803708770719175,3.764502399409904e-16,0.4616306462192401,0.4616306462192401,0.4616306462192397,0.6803708770719173,0.8916306462192397,0.7321950886849807,-1.1102230246251565e-16
145.0,76.10464255598458,68.89535744401543,68.89535744401543,-1,C,68.89535744401543,0.0,-6.778043278735258e-17,0.6830826359577458,-1.8832194713950278e-16,0.4685518442287188,0.4685518442287188,0.468551844228719,0.6830826359577459,0.898551844228719,0.732195088684981,1.1102230246251565e-16
145.5,76.02254764602384,69.47745235397618,69.47745235397618,-1,C,69.47745235397618,0.0,-2.681633090668078e-17,0.6857258143910389,1.0773502699114019e-16,0.4755050901027348,0.4755050901027348,0.4755050901027347,0.6857258143910389,0.9055050901027346,0.7321950886849808,0.0
146.0,75.94005386840973,70.05994613159027,70.05994613159027,-1,C,70.05994613159027,0.0,1.3447835502910655e-16,0.6882999546758566,3.770317538373706e-16,0.4824896216090251,0.4824896216090251,0.4824896216090247,0.6882999546758565,0.9124896216090247,0.7321950886849807,-1.1102230246251565e-16
146.5,75.85716972912225,70.64283027087774,70.64283027087774,-1,C,70.64283027087774,0.0,-2.7127183982356368e-17,0.6908046088667436,1.0765717594877593e-16,0.48950466806053095,0.48950466806053095,0.48950466806053083,0.6908046088667436,0.9195046680605308,0.7321950886849808,0.0
147.0,75.77390383785358,71.22609616214642,71.22609616214642,-1,C,71.22609616214642,0.0,-8.033402974438378e-17,0.6932393389591848,-1.349012488940895e-16,0.49654945046131416,0.49654945046131416,0.49654945046131427,0.6932393389591849,0.9265494504613143,0.732195088684981,1.1102230246251565e-16
147.5,75.69026490668372,71.80973509331629,71.80973509331629,-1,C,71.80973509331629,0.0,1.1911302063305641e-16,0.6956037170776737,4.3140329453069966e-16,0.5036231816576053,0.5036231816576053,0.5036231816576049,0.6956037170776735,0.9336231816576048,0.7321950886849807,-1.1102230246251565e-16
148.0,75.60626174869945,72.39373825130055,72.39373825130055,-1,C,72.39373825130055,0.0,-2.759837148100684e-17,0.6978973256612466,1.0753734949158203e-16,0.5107250664939691,0.5107250664939691,0.510725066493969,0.6978973256612466,0.940725066493969,0.7321950886849808,0.0
148.5,75.52190327655732,72.97809672344268,72.97809672344268,-1,C,72.97809672344268,0.0,-3.810491818142025e-17,0.7001197576463303,-2.964981696907335e-16,0.5178543019745409,0.5178543019745409,0.5178543019745412,0.7001197576463303,0.9478543019745411,0.7321950886849808,0.0
149.0,75.43719850099082,73.56280149900918,73.56280149900918,-1,C,73.56280149900918,0.0,9.349766544240766e-17,0.7022706166467346,8.164328577364766e-17,0.525010077429286,0.525010077429286,0.5250100774292858,0.7022706166467345,0.9550100774292858,0.7321950886849807,-1.1102230246251565e-16
149.5,75.35215652926165,74.14784347073837,74.14784347073837,-1,C,74.14784347073837,0.0,-2.8075023714051874e-17,0.7043495171306373,1.074138942946104e-16,0.5321915746852384,0.5321915746852384,0.5321915746852383,0.7043495171306373,0.9621915746852383,0.7321950886849808,0.0
150.0,75.26678656355558,74.73321343644442,74.73321343644442,-1,C,74.73321343644442,0.0,5.647007559018214e-17,0.7063560845944166,-2.147438873149882e-16,0.539397968242657,0.539397968242657,0.5393979682426572,0.7063560845944165,0.9693979682426572,0.7321950886849807,-1.1102230246251565e-16
150.5,75.1810978993231,75.31890210067691,75.31890210067691,-1,C,75.31890210067691,0.0,7.893401050730114e-17,0.7082899557331627,1.357251829005579e-16,0.5466284254560445,0.5466284254560445,0.5466284254560444,0.7082899557331626,0.9766284254560444,0.7321950886849807,-1.1102230246251565e-16
151.0,75.09509992356446,75.90490007643554,75.90490007643554,-1,C,75.90490007643554,0.0,7.338579563242435e-18,0.7101507786077192,4.040606446240856e-16,0.5538821067199607,0.5538821067199607,0.5538821067199603,0.7101507786077192,0.9838821067199603,0.7321950886849808,0.0
151.5,75.00880211306139,76.49119788693861,76.49119788693861,-1,C,76.49119788693861,0.0,-2.8718211238943513e-17,0.7119382128081057,1.0724372236785577e-16,0.5611581656595495,0.5611581656595495,0.5611581656595493,0.7119382128081057,0.9911581656595494,0.7321950886849808,0.0
152.0,74.92221403255347,77.07778596744654,77.07778596744654,-1,C,77.07778596744654,0.0,-1.444012507357486e-17,0.7136519296131684,5.360009980288369e-17,0.5684557493257174,0.5684557493257174,0.5684557493257174,0.7136519296131684,0.9984557493257173,0.7321950886849808,0.0
152.5,74.83534533286162,77.6646546671384,77.6646546671384,-1,C,77.6646546671384,0.0,1.1266296182267555e-16,0.7152916121463048,4.331325100354566e-16,0.575773998394868,0.575773998394868,0.5757739983948675,0.7152916121463047,1.0057739983948675,0.7321950886849807,-1.1102230246251565e-16
153.0,74.74820574895791,78.25179425104209,78.25179425104209,-1,C,78.25179425104209,0.0,-2.920568533810942e-17,0.7168569555271198,1.0711199553742638e-16,0.5831120473731132,0.5831120473731132,0.5831120473731131,0.7168569555271198,1.013112047373113,0.7321950886849808,0.0
153.5,74.6608050979835,78.83919490201649,78.83919490201649,-1,C,78.83919490201649,0.0,-4.832923362466678e-17,0.7183476670188703,-2.435036825135175e-16,0.590469024804857,0.590469024804857,0.5904690248048572,0.7183476670188703,1.0204690248048571,0.7321950886849808,0.0
154.0,74.57315327721406,79.42684672278595,79.42684672278595,-1,C,79.42684672278595,0.0,3.6574597712830635e-18,0.7197634661715469,4.0411073021148433e-16,0.5978440534856639,0.5978440534856639,0.5978440534856635,0.7197634661715469,1.0278440534856634,0.7321950886849808,0.0
154.5,74.48526026197442,80.01473973802558,80.01473973802558,-1,C,80.01473973802558,0.0,-1.4848470668174873e-17,0.7211040849604541,5.3488417716697585e-17,0.6052362506792988,0.6052362506792988,0.6052362506792988,0.7211040849604541,1.0352362506792987,0.7321950886849808,0.0
155.0,74.3971361035028,80.6028638964972,80.6028638964972,-1,C,80.6028638964972,0.0,5.972288517170082e-17,0.7223692679201632,-2.1386206667635352e-16,0.6126447283388321,0.6126447283388321,0.6126447283388323,0.7223692679201631,1.0426447283388323,0.7321950886849807,-1.1102230246251565e-16
155.5,74.30879092676503,81.19120907323497,81.19120907323497,-1,C,81.19120907323497,0.0,9.187171970809402e-17,0.7235587722736817,8.346871673252976e-17,0.6200685933317004,0.6200685933317004,0.6200685933317003,0.7235587722736816,1.0500685933317002,0.7321950886849807,-1.1102230246251565e-16
156.0,74.2202349282204,81.7797650717796,81.7797650717796,-1,C,81.7797650717796,0.0,2.148449035998882e-16,0.724672368056724,4.645084927467084e-16,0.6275069476685903,0.6275069476685903,0.6275069476685898,0.7246723680567237,1.0575069476685899,0.7321950886849806,-2.220446049250313e-16
156.5,74.13147837353986,82.36852162646015,82.36852162646015,-1,C,82.36852162646015,0.0,1.5720679367451668e-17,0.7257098382369465,3.507312028904883e-16,0.6349588887360285,0.6349588887360285,0.6349588887360281,0.7257098382369465,1.0649588887360282,0.7321950886849808,0.0
157.0,74.0425315952765,82.9574684047235,82.9574684047235,-1,C,82.9574684047235,0.0,9.148284145515573e-17,0.7266709788280294,8.389475117305448e-17,0.6424235095325541,0.6424235095325541,0.642423509532554,0.7266709788280293,1.072423509532554,0.7321950886849807,-1.1102230246251565e-16
157.5,73.95340499049118,83.54659500950882,83.54659500950882,-1,C,83.54659500950882,0.0,-7.137925285275166e-19,0.7275555989984764,4.0412665067310743e-16,0.6498998989083233,0.6498998989083233,0.6498998989083229,0.7275555989984764,1.0798998989083228,0.7321950886849808,0.0
158.0,73.86410901833288,84.13589098166712,84.13589098166712,-1,C,84.13589098166712,0.0,-3.085492373806618e-17,0.7283635211750106,1.066486067663166e-16,0.6573871418080175,0.6573871418080175,0.6573871418080174,0.7283635211750106,1.0873871418080174,0.7321950886849808,0.0
158.5,73.7746541975753,84.72534580242471,84.72534580242471,-1,C,84.72534580242471,0.0,-1.551069726215428e-17,0.7290945811404785,5.3300151795856804e-17,0.6648843195169121,0.6648843195169121,0.6648843195169121,0.7290945811404785,1.094884319516912,0.7321950886849808,0.0
159.0,73.68505110411125,85.31494889588875,85.31494889588875,-1,C,85.31494889588875,0.0,-2.6065691543855035e-18,0.7297486281261162,4.0411887493815607e-16,0.6723905099099494,0.6723905099099494,0.672390509909949,0.7297486281261162,1.102390509909949,0.7321950886849808,0.0
159.5,73.5953103684059,85.9046896315941,85.9046896315941,-1,C,85.9046896315941,0.0,-3.135491591674035e-17,0.7303255248981035,1.0650268021008885e-16,0.6799047877036688,0.6799047877036688,0.6799047877036687,0.7303255248981035,1.1099047877036687,0.7321950886849808,0.0
160.0,73.5054426729096,86.4945573270904,86.4945573270904,-1,C,86.4945573270904,0.0,-3.873369346326514e-18,0.7308251478382994,4.041087184087279e-16,0.6874262247108383,0.6874262247108383,0.6874262247108378,0.7308251478382994,1.1174262247108377,0.7321950886849808,0.0
160.5,73.41545874943242,87.08454125056758,87.08454125056758,-1,C,87.08454125056758,0.0,-2.37668048372209e-17,0.7312473870190469,7.980279937209911e-17,0.6949538900976218,0.6949538900976218,0.6949538900976217,0.7312473870190469,1.1249538900976217,0.7321950886849808,0.0
161.0,73.32536937648152,87.67463062351848,87.67463062351848,-1,C,87.67463062351848,0.0,-2.389225383083893e-17,0.7315921462719889,7.976533085668743e-17,0.70248685064312,0.70248685064312,0.7024868506431199,0.7315921462719889,1.1324868506431198,0.7321950886849808,0.0
161.5,73.2351853765622,88.26481462343781,88.26481462343781,-1,C,88.26481462343781,0.0,6.404740114645429e-17,0.7318593432507792,-2.1260700125512894e-16,0.7100241710011201,0.7100241710011201,0.7100241710011204,0.7318593432507791,1.1400241710011203,0.7321950886849807,-1.1102230246251565e-16
162.0,73.14491761344513,88.85508238655487,88.85508238655487,-1,C,88.85508238655487,0.0,-2.4143354026820822e-17,0.7320489094876358,7.968968726334447e-17,0.7175649139638757,0.7175649139638757,0.7175649139638756,0.7320489094876358,1.1475649139638755,0.7321950886849808,0.0
162.5,73.05457698940026,89.44542301059974,89.44542301059974,-1,C,89.44542301059974,0.0,1.036473249637762e-18,0.732160790443642,3.775152203658261e-16,0.725108140727748,0.725108140727748,0.7251081407277477,0.732160790443642,1.1551081407277477,0.7321950886849808,0.0
163.0,72.97369073139656,90.02630926860346,90.02630926860346,-1,CbC,90.00000000000003,0.02630926860344254,-2.4381396328211987e-17,0.7321951658764126,-0.0003362117898575235,0.7318588768951234,0.7318588768951234,0.732195088684981,0.7321951658764126,1.162195088684981,0.732195088684981,1.1102230246251565e-16
163.5,73.0400855347871,90.45991446521292,90.45991446521292,-1,CbC,89.99999999999999,0.4599144652129213,2.428911895985456e-17,0.7322186773496974,-0.005877282746513526,0.7263178059384674,0.7263178059384674,0.732195088684981,0.7322186773496974,1.162195088684981,0.732195088684981,1.1102230246251565e-16
164.0,73.10645649950146,90.89354350049854,90.89354350049854,-1,CbC,90.00000000000001,0.8935435004984997,2.419684212441497e-17,0.7322841264293181,-0.011418321702521897,0.7207767669824592,0.7207767669824592,0.7321950886849811,0.7322841264293181,1.162195088684981,0.7321950886849808,0.0
164.5,73.17280042819772,91.32719957180228,91.32719957180228,-1,CbC,90.00000000000001,1.3271995718022764,-1.6069713618959758e-17,0.7323915172289913,-0.016959052044006776,0.7152360366409741,0.7152360366409741,0.732195088684981,0.7323915172289913,1.162195088684981,0.7321950886849808,0.0
165.0,73.23911412621766,91.76088587378233,91.76088587378233,-1,CbC,89.99999999999999,1.7608858737823616,2.401230848072054e-17,0.7325408526946157,-0.022499197022248337,0.7096958916627324,0.7096958916627324,0.7321950886849807,0.7325408526946157,1.1621950886849808,0.7321950886849808,0.0
165.5,73.30539440148775,92.19460559851227,92.19460559851227,-1,CbC,90.00000000000001,2.1946055985122253,-2.392006089236032e-17,0.7327321346015329,-0.028038479749782866,0.704156608935198,0.704156608935198,0.732195088684981,0.7327321346015329,1.162195088684981,0.732195088684981,1.1102230246251565e-16
166.0,73.3716380644205,92.6283619355795,92.6283619355795,-1,CbC,90.00000000000001,2.6283619355794756,2.3827832276836352e-17,0.7329653635516686,-0.03357662319653868,0.6986184654884424,0.6986184654884424,0.7321950886849811,0.7329653635516686,1.162195088684981,0.7321950886849808,0.0
166.5,73.43784192781582,93.06215807218418,93.06215807218418,-1,CbC,90.00000000000001,3.0621580721841806,-2.373562725006484e-17,0.73324053897052,-0.03911335018600313,0.6930817384989778,0.6930817384989778,0.732195088684981,0.73324053897052,1.162195088684981,0.732195088684981,1.1102230246251565e-16
167.0,73.5040028067629,93.49599719323709,93.49599719323709,-1,CbC,90.00000000000001,3.49599719323707,2.3643450430463778e-17,0.7335576591040197,-0.044648383391436695,0.6875467052935442,0.6875467052935442,0.732195088684981,0.7335576591040197,1.162195088684981,0.7321950886849808,0.0
167.5,73.57011751854239,93.92988248145762,93.92988248145762,-1,CbC,89.99999999999996,3.9298824814576543,1.570087095934353e-17,0.7339167210152586,-0.050181445332124534,0.6820136433528559,0.6820136433528559,0.7321950886849804,0.7339167210152586,1.1621950886849803,0.732195088684981,1.1102230246251565e-16
168.0,73.63618288252866,94.36381711747134,94.36381711747134,-1,CbC,90.00000000000001,4.363817117471336,2.3459199899327777e-17,0.7343177205810761,-0.055712258369662385,0.6764828303153186,0.6764828303153186,0.7321950886849811,0.7343177205810761,1.162195088684981,0.732195088684981,1.1102230246251565e-16
168.5,73.70219572009312,94.79780427990688,94.79780427990688,-1,CbC,90.00000000000001,4.7978042799068685,1.5578090291797573e-17,0.7347606524885133,-0.06124054470429195,0.670954543980689,0.670954543980689,0.732195088684981,0.7347606524885133,1.162195088684981,0.7321950886849808,0.0
169.0,73.76815285450692,95.23184714549306,95.23184714549306,-1,CbC,89.99999999999999,5.231847145493062,-9.108003779060484e-17,0.7352455102311303,-0.06676602637127303,0.6654290623137078,0.6654290623137078,0.7321950886849808,0.7352455102311304,1.1621950886849808,0.732195088684981,1.1102230246251565e-16
169.5,73.83405111084487,95.66594888915513,95.66594888915513,-1,CbC,90.00000000000001,5.665948889155106,1.5455434178387083e-17,0.7357722861051927,-0.07228842523729767,0.6599066634476835,0.6599066634476835,0.7321950886849811,0.7357722861051927,1.162195088684981,0.7321950886849808,0.0
170.0,73.89988731588959,96.10011268411043,96.10011268411043,-1,CbC,90.00000000000003,6.100112684110412,2.309124082566249e-17,0.7363409712057181,-0.07780746299694889,0.6543876256880324,0.6543876256880324,0.7321950886849813,0.7363409712057181,1.1621950886849812,0.7321950886849808,0.0
170.5,73.96565829803566,96.53434170196434,96.53434170196434,-1,CbC,90.00000000000003,6.534341701964281,-2.2999390995050342e-17,0.7369515554223883,-0.08332286116920308,0.648872227515778,0.648872227515778,0.7321950886849811,0.7369515554223883,1.162195088684981,0.7321950886849808,0.0
171.0,74.03136088719506,96.96863911280494,96.96863911280494,-1,CbC,90.00000000000001,6.968639112804916,2.2907606416366653e-17,0.7376040274353294,-0.08883434109397843,0.6433607475910026,0.6433607475910026,0.7321950886849811,0.7376040274353294,1.162195088684981,0.7321950886849808,0.0
171.5,74.09699191470217,97.40300808529781,97.40300808529781,-1,CbC,90.00000000000001,7.4030080852978335,1.5210594488848513e-17,0.7382983747107538,-0.09434162392872424,0.6378534647562567,0.6378534647562567,0.732195088684981,0.7382983747107538,1.162195088684981,0.7321950886849808,0.0
172.0,74.16254821321999,97.83745178678002,97.83745178678002,-1,CbC,89.99999999999999,7.837451786779991,1.514950106168313e-17,0.7390345834964671,-0.09984443064506086,0.6323506580399197,0.6323506580399197,0.7321950886849806,0.7390345834964671,1.1621950886849806,0.7321950886849808,0.0
172.5,74.22802661664657,98.27197338335344,98.27197338335344,-1,CbC,90.00000000000003,8.271973383353412,1.8860575536690187e-17,0.73981263881724,-0.10534248202546656,0.6268526066595146,0.6268526066595146,0.7321950886849812,0.73981263881724,1.1621950886849812,0.7321950886849808,0.0
173.0,74.29342396002205,98.70657603997795,98.70657603997795,-1,CbC,90.00000000000001,8.706576039977966,1.8784344617411198e-17,0.7406325244700463,-0.11083549866000812,0.6213595900249731,0.6213595900249731,0.7321950886849812,0.7406325244700463,1.1621950886849812,0.7321950886849808,0.0
173.5,74.35873707943612,99.14126292056388,99.14126292056388,-1,CbC,89.99999999999999,9.14126292056388,2.2449824939488397e-17,0.7414942230191626,-0.11632320094312365,0.6158718877418571,0.6158718877418571,0.7321950886849807,0.7414942230191626,1.1621950886849808,0.7321950886849808,0.0
174.0,74.42396281193632,99.57603718806367,99.57603718806367,-1,CbC,90.00000000000003,9.576037188063617,-2.2358529499491712e-17,0.7423977157911322,-0.12180530907045586,0.6103897796145252,0.6103897796145252,0.7321950886849811,0.7423977157911322,1.162195088684981,0.7321950886849808,0.0
174.5,74.48909799543688,100.01090200456314,100.01090200456314,-1,CbC,90.00000000000001,10.01090200456314,-1.855610990328702e-17,0.7433429828695949,-0.1272815430357332,0.6049135456492478,0.6049135456492478,0.7321950886849811,0.7433429828695949,1.162195088684981,0.732195088684981,1.1102230246251565e-16
175.0,74.55413946862785,100.44586053137216,100.44586053137216,-1,CbC,90.00000000000001,10.445860531372139,2.2176236759301417e-17,0.7443300030899783,-0.13275162262769916,0.599443466057282,0.599443466057282,0.7321950886849812,0.7443300030899783,1.1621950886849812,0.7321950886849808,0.0
175.5,74.61908407088538,100.88091592911462,100.88091592911462,-1,CbC,90.00000000000001,10.880915929114584,1.840437399623443e-17,0.7453587540340542,-0.1382152674271047,0.5939798212578764,0.5939798212578764,0.7321950886849811,0.7453587540340542,1.162195088684981,0.7321950886849808,0.0
176.0,74.68392864218232,101.31607135781768,101.31607135781768,-1,CbC,90.00000000000001,11.316071357817654,2.0161508277089523e-17,0.7464292120243563,-0.1436721968037429,0.5885228918812381,0.5885228918812381,0.732195088684981,0.7464292120243563,1.162195088684981,0.7321950886849808,0.0
176.5,74.74867002299963,101.75132997700038,101.75132997700038,-1,CbC,90.00000000000001,11.75132997700037,-8.703392023051157e-17,0.7475413521184614,-0.14912212991354254,0.5830729587714385,0.5830729587714385,0.7321950886849811,0.7475413521184615,1.162195088684981,0.732195088684981,1.1102230246251565e-16
177.0,74.81330505423846,102.18669494576154,102.18669494576154,-1,CbC,90.00000000000001,12.186694945761502,1.9995226736036948e-17,0.7486951481031343,-0.1545647856957145,0.5776303029892665,0.5776303029892665,0.7321950886849811,0.7486951481031343,1.162195088684981,0.7321950886849808,0.0
177.5,74.87783057713303,102.62216942286697,102.62216942286697,-1,CbC,90.00000000000001,12.622169422866955,1.991225689820799e-17,0.7498905724883315,-0.15999988286996067,0.5721952058150203,0.5721952058150203,0.732195088684981,0.7498905724883315,1.162195088684981,0.7321950886849808,0.0
178.0,74.94224343316404,103.05775656683596,103.05775656683596,-1,CbC,90.00000000000001,13.057756566835963,1.802673340373417e-17,0.7511275965010701,-0.1654271399337314,0.5667679487512497,0.5667679487512497,0.7321950886849811,0.7511275965010701,1.162195088684981,0.7321950886849808,0.0
178.5,75.00654046397322,103.49345953602676,103.49345953602676,-1,CbC,89.99999999999999,13.493459536026775,1.9746680574465287e-17,0.7524061900791552,-0.1708462751595456,0.5613488135254351,0.5613488135254351,0.7321950886849806,0.7524061900791552,1.1621950886849806,0.732195088684981,1.1102230246251565e-16
179.0,75.07071851127824,103.92928148872176,103.92928148872176,-1,CbC,89.99999999999999,13.92928148872178,1.87702607528715e-17,0.7537263218647705,-0.17625700659237312,0.5559380820926076,0.5559380820926076,0.7321950886849807,0.7537263218647705,1.1621950886849808,0.7321950886849811,2.220446049250313e-16
179.5,75.13477441678876,104.36522558321124,104.36522558321124,-1,CbC,89.99999999999999,14.365225583211263,1.869154389029564e-17,0.7550879591979284,-0.18165905204707,0.5505360366379106,0.5505360366379106,0.7321950886849806,0.7550879591979284,1.1621950886849806,0.732195088684981,1.1102230246251565e-16
180.0,75.1987050221232,104.8012949778768,104.8012949778768,-1,CbC,89.99999999999996,14.801294977876807,1.862663698938005e-17,0.7564910681097766,-0.18705212910588348,0.545142959579097,0.545142959579097,0.7321950886849804,0.7564910681097766,1.1621950886849803,0.7321950886849811,2.220446049250313e-16
180.5,75.26250716872629,105.2374928312737,105.2374928312737,-1,CbC,89.99999999999999,15.23749283127368,1.8534506337578637e-17,0.7579356133157724,-0.19243595511601372,0.539759133568967,0.539759133568967,0.7321950886849807,0.7579356133157724,1.1621950886849808,0.7321950886849808,0.0
181.0,75.3261776977876,105.67382230221241,105.67382230221241,-1,CbC,90.00000000000001,15.673822302212425,1.8016760700530007e-17,0.7594215582087057,-0.19781024718724555,0.5343848414977357,0.5343848414977357,0.7321950886849813,0.7594215582087057,1.1621950886849812,0.7321950886849808,0.0
181.5,75.38971345016097,106.11028654983905,106.11028654983905,-1,CbC,89.99999999999999,16.110286549839046,1.8378024490275138e-17,0.7609488648515883,-0.20317472218963414,0.5290203664953465,0.5290203664953465,0.7321950886849806,0.7609488648515883,1.1621950886849806,0.732195088684981,1.1102230246251565e-16
182.0,75.45311126628465,106.54688873371535,106.54688873371535,-1,CbC,90.00000000000001,16.546888733715306,1.8300002272564667e-17,0.7625174939703979,-0.20852909675127465,0.5236659919337064,0.5236659919337064,0.7321950886849811,0.7625174939703979,1.162195088684981,0.732195088684981,1.1102230246251565e-16
182.5,75.51636798610286,106.98363201389712,106.98363201389712,-1,CbC,90.00000000000001,16.983632013897118,1.7354410826645425e-17,0.7641274049466795,-0.21387308725612414,0.518322001428857,0.518322001428857,0.7321950886849811,0.7641274049466795,1.162195088684981,0.7321950886849808,0.0
183.0,75.57948044898762,107.42051955101236,107.42051955101236,-1,CbC,90.00000000000001,17.420519551012365,1.9008435718238393e-17,0.765778555810005,-0.2192064098418988,0.5129886788430822,0.5129886788430822,0.732195088684981,0.765778555810005,1.162195088684981,0.7321950886849808,0.0
183.5,75.64244549366232,107.85755450633768,107.85755450633768,-1,CbC,90.00000000000001,17.85755450633765,1.8927186716104384e-17,0.7674709032302842,-0.22452878039804228,0.5076663082869388,0.5076663082869388,0.7321950886849811,0.7674709032302842,1.162195088684981,0.732195088684981,1.1102230246251565e-16
184.0,75.70525995812567,108.29474004187433,108.29474004187433,-1,CbC,90.00000000000003,18.294740041874316,1.8846109243836558e-17,0.7692044025099407,-0.22983991456376565,0.5023551741212156,0.5023551741212156,0.7321950886849812,0.7692044025099407,1.1621950886849812,0.7321950886849808,0.0
184.5,75.76792067957706,108.73207932042294,108.73207932042294,-1,CbC,89.99999999999999,18.732079320422958,2.0471135614049713e-17,0.7709790075759315,-0.23513952772615965,0.4970555609588212,0.4970555609588212,0.7321950886849808,0.7709790075759315,1.1621950886849808,0.732195088684981,1.1102230246251565e-16
185.0,75.83042449434289,109.16957550565711,109.16957550565711,-1,CbC,90.00000000000003,19.16957550565707,2.038307593296569e-17,0.772794670971628,-0.24042733501837885,0.49176775366660236,0.49176775366660236,0.7321950886849812,0.772794670971628,1.1621950886849812,0.7321950886849808,0.0
185.5,75.89276823780398,109.60723176219604,109.60723176219604,-1,CbC,90.00000000000003,19.607231762196,1.6912681339465595e-17,0.7746513438485529,-0.24570305131791242,0.4864920373670689,0.4864920373670689,0.7321950886849813,0.7746513438485529,1.1621950886849812,0.7321950886849808,0.0
186.0,75.954948744324,110.04505125567601,110.04505125567601,-1,CbC,90.00000000000003,20.045051255676,1.6839637824798203e-17,0.7765489759579577,-0.25096639124491826,0.4812286974400629,0.4812286974400629,0.7321950886849812,0.7765489759579577,1.1621950886849812,0.7321950886849808,0.0
186.5,76.01696284717914,110.48303715282086,110.48303715282086,-1,CbC,89.99999999999999,20.483037152820856,1.676677003083649e-17,0.7784875156422687,-0.25621706916064807,0.47597801952433266,0.47597801952433266,0.7321950886849807,0.7784875156422687,1.1621950886849808,0.732195088684981,1.1102230246251565e-16
187.0,76.07880737848889,110.92119262151111,110.92119262151111,-1,CbC,90.00000000000001,20.921192621511068,-1.6694081925228328e-17,0.7804669098263721,-0.2614547991659489,0.4707402895190321,0.4707402895190321,0.732195088684981,0.7804669098263721,1.162195088684981,0.7321950886849808,0.0
187.5,76.14047916914812,111.35952083085186,111.35952083085186,-1,CbC,90.00000000000001,21.359520830851856,1.662157747925487e-17,0.7824871040087581,-0.2666792950998483,0.4655157935851327,0.4655157935851327,0.732195088684981,0.7824871040087581,1.162195088684981,0.7321950886849808,0.0
188.0,76.20197504876009,111.79802495123991,111.79802495123991,-1,CbC,90.00000000000006,21.798024951239846,1.985911280141936e-17,0.7845480422525074,-0.2718902705382212,0.46030481814676055,0.46030481814676055,0.7321950886849817,0.7845480422525074,1.1621950886849817,0.7321950886849808,0.0
188.5,76.26329184557122,112.2367081544288,112.2367081544288,-1,CbC,90.00000000000001,22.236708154428747,-1.6477135469614366e-17,0.7866496671761314,-0.27708743879254727,0.4551076498924336,0.4551076498924336,0.7321950886849808,0.7866496671761314,1.1621950886849808,0.7321950886849808,0.0
189.0,76.32442638640622,112.67557361359378,112.67557361359378,-1,CbC,90.00000000000001,22.675573613593766,1.3124164693469965e-17,0.788791919944267,-0.2822705129087556,0.4499245757762254,0.4499245757762254,0.7321950886849811,0.788791919944267,1.162195088684981,0.732195088684981,1.1102230246251565e-16
189.5,76.38537549660562,113.11462450339438,113.11462450339438,-1,CbC,90.00000000000003,23.114624503394374,1.20969461899335e-16,0.7909747402582058,-0.28743920566615333,0.4447558830188279,0.4447558830188279,0.7321950886849813,0.7909747402582057,1.1621950886849812,0.7321950886849807,-1.1102230246251565e-16
190.0,76.44613599996381,113.55386400003619,113.55386400003619,-1,CbC,90.00000000000001,23.553864000036146,1.9514339274387522e-17,0.7931980663462793,-0.29259322957645467,0.4396018591085263,0.4396018591085263,0.732195088684981,0.7931980663462793,1.162195088684981,0.7321950886849808,0.0
190.5,76.50670471866879,113.99329528133123,113.99329528133123,-1,CbC,89.99999999999996,23.993295281331264,1.9428756611656793e-17,0.7954618349540935,-0.2977322968828988,0.4344627918020817,0.4344627918020817,0.7321950886849805,0.7954618349540935,1.1621950886849806,0.7321950886849812,3.3306690738754696e-16
191.0,76.56707847324293,114.43292152675707,114.43292152675707,-1,CbC,89.99999999999999,24.432921526757102,1.9343427823012573e-17,0.7977659813346,-0.3028561195594599,0.4293389691255208,0.4293389691255208,0.7321950886849806,0.7977659813346,1.1621950886849806,0.7321950886849808,0.0
191.5,76.62725408248582,114.87274591751417,114.87274591751417,-1,CbC,89.99999999999999,24.872745917514187,1.2838905139698169e-17,0.8001104392380141,-0.3079644093101642,0.42423067937481646,0.42423067937481646,0.7321950886849806,0.8001104392380141,1.1621950886849806,0.7321950886849811,2.220446049250313e-16
192.0,76.68722836341779,115.31277163658221,115.31277163658221,-1,CbC,90.00000000000001,25.312771636582205,1.2782367384572443e-17,0.802495140901588,-0.31305687756849787,0.4191382111164831,0.4191382111164831,0.732195088684981,0.802495140901588,1.162195088684981,0.7321950886849808,0.0
192.5,76.74699813122545,115.75300186877458,115.75300186877458,-1,CbC,89.99999999999999,25.753001868774597,-1.9089012735058056e-17,0.80492001703921,-0.31813323549692024,0.41406185318806044,0.41406185318806044,0.7321950886849806,0.80492001703921,1.1621950886849806,0.732195088684981,1.1102230246251565e-16
193.0,76.80656019920823,116.19343980079178,116.19343980079178,-1,CbC,90.00000000000003,26.19343980079174,-1.9004747498776726e-17,0.8073849968308547,-0.32319319398647983,0.4090018946985013,0.4090018946985013,0.7321950886849811,0.8073849968308547,1.162195088684981,0.7321950886849808,0.0
193.5,76.86591137872708,116.63408862127291,116.63408862127291,-1,CbC,89.99999999999999,26.63408862127291,1.261384012478016e-17,0.8098900079118821,-0.32823646365654163,0.40395862502843893,0.40395862502843893,0.7321950886849806,0.8098900079118821,1.1621950886849806,0.7321950886849811,2.220446049250313e-16
194.0,76.92504847915392,117.07495152084606,117.07495152084606,-1,CbC,90.00000000000001,27.074951520846056,1.883705562392172e-17,0.812434976362162,-0.3332627548546138,0.3989323338303672,0.3989323338303672,0.7321950886849811,0.812434976362162,1.162195088684981,0.7321950886849808,0.0
194.5,76.98396830782357,117.51603169217645,117.51603169217645,-1,CbC,90.00000000000001,27.51603169217642,6.2512128790807705e-18,0.815019826695049,-0.33827177765629174,0.39392331102868927,0.39392331102868927,0.7321950886849811,0.815019826695049,1.162195088684981,0.7321950886849808,0.0
195.0,77.04266766998656,117.95733233001346,117.95733233001346,-1,CbC,89.99999999999999,27.957332330013426,1.867051405987055e-17,0.8176444818461939,-0.3432632418653127,0.38893184681966797,0.38893184681966797,0.7321950886849806,0.8176444818461939,1.1621950886849806,0.732195088684981,1.1102230246251565e-16
195.5,77.1011433687638,118.39885663123621,118.39885663123621,-1,CbC,89.99999999999999,28.398856631236193,1.858768672906962e-17,0.8203088631621935,-0.34823685701373,0.38395823167125087,0.38395823167125087,0.7321950886849808,0.8203088631621935,1.1621950886849808,0.732195088684981,1.1102230246251565e-16
196.0,77.15939220510334,118.84060779489667,118.84060779489667,-1,CbC,89.99999999999999,28.840607794896684,-1.8505161486622135e-17,0.8230128903890787,-0.3531923323621967,0.379002756322784,0.379002756322784,0.7321950886849807,0.8230128903890787,1.1621950886849808,0.732195088684981,1.1102230246251565e-16
196.5,77.21741097773811,119.28258902226189,119.28258902226189,-1,CbC,90.00000000000001,29.282589022261867,1.8422943178823822e-17,0.8257564816606353,-0.3581293769003796,0.3740657117846016,0.3740657117846016,0.7321950886849812,0.8257564816606353,1.1621950886849812,0.7321950886849808,0.0
197.0,77.2751964831462,119.7248035168538,119.7248035168538,-1,CbC,89.99999999999999,29.724803516853818,-1.8341036656474082e-17,0.8285395534865686,-0.3630476993474907,0.3691473893374899,0.3691473893374899,0.7321950886849806,0.8285395534865686,1.1621950886849806,0.7321950886849808,0.0
197.5,77.33274551551216,120.16725448448786,120.16725448448786,-1,CbC,90.00000000000003,30.167254484487852,1.8259446774865646e-17,0.8313620207404927,-0.36794700815294523,0.3642480805320362,0.36794700815294523,0.7321950886849815,0.8313620207404927,1.1621950886849814,0.7321950886849808,0.0
198.0,77.39005486669082,120.6099451333092,120.6099451333092,-1,CbC,89.99999999999999,30.609945133309186,1.8178178393770862e-17,0.8342237966477659,-0.3728270114971494,0.35936807718783126,0.3728270114971494,0.7321950886849806,0.8342237966477659,1.1621950886849806,0.732195088684981,1.1102230246251565e-16
198.5,77.44712132617236,121.05287867382762,121.05287867382762,-1,CbC,89.99999999999999,31.052878673827596,1.8097236377426914e-17,0.8371247927731486,-0.3776874172924205,0.3545076713925604,0.3776874172924205,0.7321950886849808,0.8371247927731486,1.1621950886849808,0.732195088684981,1.1102230246251565e-16
199.0,77.50394168104992,121.4960583189501,121.4960583189501,-1,CbC,89.99999999999996,31.496058318950137,-1.8016625594517785e-17,0.8400649190083004,-0.38252793318403827,0.3496671555009419,0.38252793318403827,0.7321950886849802,0.8400649190083004,1.1621950886849801,0.732195088684981,1.1102230246251565e-16
199.5,77.56051271598827,121.93948728401176,121.93948728401176,-1,CbC,89.99999999999999,31.93948728401175,1.7936350918155034e-17,0.8430440835591088,-0.3873482665514351,0.34484682213354545,0.3873482665514351,0.7321950886849806,0.8430440835591088,1.1621950886849806,0.732195088684981,1.1102230246251565e-16
200.0,77.61683121319547,122.38316878680453,122.38316878680453,-1,CbC,90.00000000000001,32.38316878680449,1.1904278150569996e-17,0.846062192932845,-0.39214812450952724,0.3400469641754538,0.39214812450952724,0.7321950886849811,0.846062192932845,1.162195088684981,0.7321950886849808,0.0
200.5,77.67289395239573,122.82710604760425,122.82710604760425,-1,CbC,90.00000000000001,32.82710604760424,1.1851219599676422e-17,0.8491191519251567,-0.39692721391018937,0.33526787477479153,0.39692721391018937,0.7321950886849808,0.8491191519251567,1.1621950886849808,0.7321950886849808,0.0
201.0,77.72869771080468,123.27130228919535,123.27130228919535,-1,CbC,89.99999999999999,33.27130228919535,2.359678976717934e-17,0.8522148636068839,-0.40168524134387185,0.3305098473411089,0.40168524134387185,0.7321950886849807,0.8522148636068839,1.1621950886849808,0.7321950886849812,3.3306690738754696e-16
201.5,77.7842392631065,123.71576073689351,123.71576073689351,-1,CbC,90.00000000000001,33.715760736893465,1.1745807262692961e-17,0.8553492293107072,-0.4064219131413703,0.3257731755436108,0.4064219131413703,0.7321950886849811,0.8553492293107072,1.162195088684981,0.7321950886849808,0.0
202.0,77.83951538143373,124.16048461856627,124.16048461856627,-1,CbC,90.00000000000003,34.16048461856625,-2.3386920000461317e-17,0.8585221486176257,-0.41113693537575136,0.32105815330922977,0.41113693537575136,0.7321950886849811,0.8585221486176257,1.162195088684981,0.7321950886849808,0.0
202.5,77.89452283534835,124.60547716465166,124.60547716465166,-1,CbC,90.00000000000001,34.60547716465163,1.1641356362285651e-17,0.861733519343256,-0.41583001386442664,0.3163650748205544,0.41583001386442664,0.7321950886849811,0.861733519343256,1.162195088684981,0.7321950886849808,0.0
203.0,77.94925839182588,125.05074160817412,125.05074160817412,-1,CbC,90.00000000000001,35.0507416081741,2.3178999235508515e-17,0.8649832375239698,-0.4205008541713919,0.31169423451358913,0.4205008541713919,0.7321950886849811,0.8649832375239698,1.162195088684981,0.7321950886849808,0.0
203.5,78.00371881524129,125.49628118475873,125.49628118475873,-1,CbC,90.00000000000001,35.49628118475871,-1.1537893038319602e-17,0.8682711974028432,-0.4251491616096271,0.3070459270753539,0.4251491616096271,0.7321950886849811,0.8682711974028432,1.162195088684981,0.7321950886849808,0.0
204.0,78.05790086735732,125.9420991326427,125.9420991326427,-1,CbC,90.00000000000001,35.942099132642674,0.0,0.8715972914154431,-0.4297746412436638,0.3024204474413172,0.4297746412436638,0.7321950886849811,0.8715972914154431,1.162195088684981,0.7321950886849808,0.0
204.5,78.1118013073152,126.38819869268478,126.38819869268478,-1,CbC,90.00000000000001,36.38819869268478,-2.2870886950468813e-17,0.8749614101754336,-0.4343769978923211,0.2978180907926599,0.4343769978923211,0.7321950886849811,0.8749614101754336,1.162195088684981,0.7321950886849808,0.0
205.0,78.16541689162754,126.83458310837247,126.83458310837247,-1,CbC,90.00000000000001,36.83458310837242,-1.200469948995786e-16,0.878363442460007,-0.4389559361316176,0.29323915255336336,0.4389559361316176,0.732195088684981,0.8783634424600071,1.162195088684981,0.732195088684981,1.1102230246251565e-16
205.5,78.21874437417402,127.281255625826,127.281255625826,-1,CbC,89.99999999999999,37.281255625826034,-1.2001756690492427e-16,0.88180327519514,-0.443511160297858,0.2886839283871227,0.443511160297858,0.7321950886849806,0.8818032751951401,1.1621950886849806,0.7321950886849811,2.220446049250313e-16
206.0,78.27178050619895,127.72821949380106,127.72821949380106,-1,CbC,90.00000000000003,37.72821949380103,-1.3127192388760728e-16,0.8852807934406716,-0.44804237449090045,0.2841527141940808,0.44804237449090045,0.7321950886849813,0.8852807934406717,1.1621950886849812,0.732195088684981,1.1102230246251565e-16
206.5,78.32452203631219,128.1754779636878,128.1754779636878,-1,CbC,90.00000000000003,38.17547796368775,-1.1995888742381463e-16,0.8887958803752024,-0.452549282577616,0.279645806107365,0.452549282577616,0.7321950886849811,0.8887958803752025,1.162195088684981,0.732195088684981,1.1102230246251565e-16
207.0,78.37696571049176,128.62303428950824,128.62303428950824,-1,CbC,90.00000000000003,38.62303428950822,-1.199296430130909e-16,0.8923484172808234,-0.45703158819552886,0.2751635004894521,0.45703158819552886,0.732195088684981,0.8923484172808235,1.162195088684981,0.732195088684981,1.1102230246251565e-16
207.5,78.4291082720896,129.0708917279104,129.0708917279104,-1,CbC,90.00000000000003,39.07089172791039,-2.226887968722194e-17,0.8959382835276578,-0.46148899475665156,0.27070609392832945,0.46148899475665156,0.7321950886849811,0.8959382835276578,1.162195088684981,0.7321950886849808,0.0
208.0,78.48094646183988,129.51905353816014,129.51905353816014,-1,CbC,90.00000000000003,39.51905353816008,-2.2170464839953257e-17,0.8995653565582273,-0.46592120545152116,0.26627388323345996,0.46592120545152116,0.7321950886849811,0.8995653565582273,1.162195088684981,0.7321950886849808,0.0
208.5,78.53247701786997,129.96752298213002,129.96752298213002,-1,CbC,89.99999999999996,39.96752298213005,-2.2072616048618963e-17,0.903229511871642,-0.4703279232534361,0.26186716543154415,0.4703279232534361,0.7321950886849802,0.903229511871642,1.1621950886849801,0.7321950886849808,0.0
209.0,78.58369667571408,130.41630332428593,130.41630332428593,-1,CbC,89.99999999999996,40.41630332428597,-1.0987669956630988e-17,0.9069306230076092,-0.474708850922894,0.2574862377620862,0.474708850922894,0.7321950886849802,0.9069306230076092,1.1621950886849801,0.732195088684981,1.1102230246251565e-16
209.5,78.63460216832992,130.86539783167007,130.86539783167007,-1,CbC,90.00000000000001,40.86539783167003,-2.1878643038546886e-17,0.9106685615302595,-0.4790636910122453,0.2531313976727355,0.4790636910122453,0.7321950886849808,0.9106685615302595,1.1621950886849808,0.7321950886849808,0.0
210.0,78.6851902261183,131.3148097738817,131.3148097738817,-1,CbC,89.99999999999999,41.314809773881734,-1.3064700255678086e-16,0.9144431970118,-0.48339214587056223,0.2488029428144186,0.48339214587056223,0.7321950886849808,0.9144431970118001,1.1621950886849808,0.732195088684981,1.1102230246251565e-16
210.5,78.7354575769449,131.7645424230551,131.7645424230551,-1,CbC,90.00000000000003,41.76454242305511,-1.0843506756077987e-17,0.9182543970159811,-0.48769391764871817,0.24450117103626312,0.48769391764871817,0.7321950886849813,0.9182543970159811,1.1621950886849812,0.7321950886849808,0.0
211.0,78.78540094616626,132.21459905383372,132.21459905383372,-1,CbC,89.99999999999996,42.21459905383376,-1.0796047045960676e-17,0.922102027081382,-0.49196870830470313,0.24022638038027697,0.49196870830470313,0.7321950886849801,0.922102027081382,1.1621950886849801,0.732195088684981,1.1102230246251565e-16
211.5,78.83501705665749,132.6649829433425,132.6649829433425,-1,CbC,89.99999999999999,42.66498294334247,-2.1497780394970142e-17,0.9259859507045303,-0.4962162196091592,0.2359788690758213,0.4962162196091592,0.7321950886849805,0.9259859507045303,1.1621950886849806,0.7321950886849808,0.0
212.0,78.88430262884414,133.11569737115585,133.11569737115585,-1,CbC,90.00000000000001,43.11569737115582,-1.3034358998903795e-16,0.9299060293228166,-0.500436153151153,0.23175893553382793,0.500436153151153,0.7321950886849808,0.9299060293228167,1.1621950886849808,0.732195088684981,1.1102230246251565e-16
212.5,78.93325438073641,133.56674561926357,133.56674561926357,-1,CbC,90.00000000000001,43.56674561926358,-1.1961325650580964e-16,0.9338621222972521,-0.5046282103441849,0.22756687834079597,0.5046282103441849,0.7321950886849808,0.9338621222972522,1.1621950886849808,0.732195088684981,1.1102230246251565e-16
213.0,78.98186902796704,134.01813097203296,134.01813097203296,-1,CbC,90.00000000000003,44.01813097203293,-2.1218539923706837e-17,0.9378540868950307,-0.5087920924324412,0.2234029962525399,0.5087920924324412,0.7321950886849811,0.9378540868950307,1.162195088684981,0.7321950886849808,0.0
213.5,79.03014328383213,134.46985671616787,134.46985671616787,-1,CbC,90.00000000000001,44.46985671616786,-1.3012035532350078e-16,0.9418817782719189,-0.5129275004972997,0.219267588187681,0.5129275004972997,0.7321950886849807,0.941881778271919,1.1621950886849808,0.732195088684981,1.1102230246251565e-16
214.0,79.07807385933553,134.92192614066448,134.92192614066448,-1,CbC,89.99999999999999,44.92192614066449,-1.300468050469305e-16,0.9459450494544631,-0.517034135464081,0.2151609532208998,0.517034135464081,0.7321950886849807,0.9459450494544632,1.1621950886849808,0.732195088684981,1.1102230246251565e-16
214.5,79.12565746323638,135.37434253676363,135.37434253676363,-1,CbC,90.00000000000003,45.374342536763585,-2.0944989726177107e-17,0.9500437513220148,-0.5211116981090621,0.21108339057591904,0.5211116981090621,0.7321950886849812,0.9500437513220148,1.1621950886849812,0.7321950886849808,0.0
215.0,79.1728908021003,135.82710919789972,135.82710919789972,-1,CbC,89.99999999999999,45.82710919789972,-1.1947348789450427e-16,0.9541777325885797,-0.5251598890667603,0.2070351996182204,0.5251598890667603,0.7321950886849806,0.9541777325885799,1.1621950886849806,0.732195088684981,1.1102230246251565e-16
215.5,79.2197705803536,136.2802294196464,136.2802294196464,-1,CbC,90.00000000000001,46.280229419646396,-2.0765872766503675e-17,0.9583468397844866,-0.5291784088374725,0.20301667984750824,0.5291784088374725,0.7321950886849807,0.9583468397844866,1.1621950886849808,0.7321950886849808,0.0
216.0,79.26629350034177,136.7337064996582,136.7337064996582,-1,CbC,90.00000000000006,46.73370649965816,-1.1941844433010584e-16,0.9625509172378764,-0.5331669577951053,0.19902813088987634,0.5331669577951053,0.7321950886849816,0.9625509172378766,1.1621950886849817,0.732195088684981,1.1102230246251565e-16
216.5,79.31245626239095,137.18754373760905,137.18754373760905,-1,CbC,90.00000000000003,47.187543737609005,-1.0294708876198296e-17,0.9667898070560152,-0.537125236195275,0.1950698524897062,0.537125236195275,0.7321950886849812,0.9667898070560152,1.1621950886849812,0.7321950886849808,0.0
217.0,79.3582555648731,137.64174443512692,137.64174443512692,-1,CbC,90.00000000000001,47.641744435126895,-1.0911283714338369e-16,0.971063349106428,-0.5410529441836985,0.1911421445012824,0.5410529441836985,0.732195088684981,0.9710633491064281,1.162195088684981,0.732195088684981,1.1102230246251565e-16
217.5,79.40368810427552,138.0963118957245,138.0963118957245,-1,CbC,89.99999999999999,48.09631189572448,-1.0207838969268218e-17,0.9753713809978521,-0.544949781804874,0.18724530688010638,0.544949781804874,0.7321950886849804,0.9753713809978521,1.1621950886849803,0.7321950886849808,0.0
218.0,79.44875057527328,138.5512494247267,138.5512494247267,-1,CbC,89.99999999999999,48.55124942472669,0.0,0.9797137380610244,-0.5488154490110649,0.1833796396739155,0.5488154490110649,0.7321950886849804,0.9797137380610244,1.1621950886849803,0.7321950886849808,0.0
218.5,79.49343967080632,139.00656032919366,139.00656032919366,-1,CbC,90.00000000000001,49.00656032919365,-1.0122353307755255e-17,0.984090253329283,-0.5526496456715819,0.17954544301339903,0.5526496456715819,0.732195088684981,0.984090253329283,1.162195088684981,0.7321950886849808,0.0
219.0,79.53775208216003,139.46224791783996,139.46224791783996,-1,CbC,89.99999999999999,49.462247917839996,-1.008013789979925e-17,0.9885007575189992,-0.5564520715823789,0.1757430171026018,0.5564520715823789,0.7321950886849806,0.9885007575189992,1.1621950886849806,0.732195088684981,1.1102230246251565e-16
219.5,79.58168449904971,139.91831550095029,139.91831550095029,-1,CbC,90.00000000000003,49.91831550095024,-1.003827855166062e-17,0.9929450790098332,-0.5602224264759623,0.17197266220901888,0.5602224264759623,0.7321950886849812,0.9929450790098332,1.1621950886849812,0.7321950886849808,0.0
220.0,79.62523360970977,140.37476639029023,140.37476639029023,-1,CbC,89.99999999999996,50.37476639029026,-9.996778597568862e-18,0.997423043824824,-0.5639604100316306,0.16823467865334968,0.5639604100316306,0.7321950886849802,0.997423043824824,1.1621950886849801,0.732195088684981,1.1102230246251565e-16
220.5,79.66839610098606,140.83160389901394,140.83160389901394,-1,CbC,90.00000000000001,50.831603899013956,-1.0922221597984864e-16,1.0019344756103026,-0.5676657218860305,0.16452936679895053,0.5676657218860305,0.7321950886849811,1.0019344756103026,1.162195088684981,0.732195088684981,1.1102230246251565e-16
221.0,79.71116865843348,141.28883134156652,141.28883134156652,-1,CbC,90.00000000000003,51.2888313415665,-1.191519199644212e-16,1.0064791956156327,-0.5713380616440614,0.1608570270409198,0.5713380616440614,0.7321950886849813,1.006479195615633,1.1621950886849812,0.732195088684981,1.1102230246251565e-16
221.5,79.75354796641706,141.74645203358295,141.74645203358295,-1,CbC,90.00000000000001,51.74645203358292,-1.9748936896487573e-17,1.0110570226727926,-0.5749771288901143,0.15721795979486655,0.5749771288901143,0.7321950886849808,1.0110570226727926,1.1621950886849808,0.7321950886849808,0.0
222.0,79.79553070821773,142.2044692917823,142.2044692917823,-1,CbC,90.00000000000001,52.20446929178228,-1.1910056797452113e-16,1.0156677731757822,-0.5785826231996619,0.15361246548531893,0.5785826231996619,0.7321950886849808,1.0156677731757824,1.1621950886849808,0.732195088684981,1.1102230246251565e-16
222.5,79.83711356614246,142.66288643385752,142.66288643385752,-1,CbC,90.00000000000001,52.662886433857516,-1.9589572924222566e-17,1.0203112610598681,-0.5821542441512041,0.15004084453377692,0.5821542441512041,0.7321950886849811,1.0203112610598681,1.162195088684981,0.7321950886849808,0.0
223.0,79.87829322163897,143.12170677836102,143.12170677836102,-1,CbC,90.00000000000003,53.121706778360966,0.0,1.024987297780666,-0.5856916913385761,0.1465033973464051,0.5856916913385761,0.7321950886849813,1.024987297780666,1.1621950886849812,0.7321950886849808,0.0
223.5,79.91906635541493,143.5809336445851,143.5809336445851,-1,CbC,89.99999999999999,53.580933644585116,-1.9433244191321042e-17,1.0296956922930618,-0.5891946643836277,0.14300042430135285,0.5891946643836277,0.7321950886849805,1.0296956922930618,1.1621950886849806,0.7321950886849808,0.0
224.0,79.95942964756156,144.04057035243844,144.04057035243844,-1,CbC,90.00000000000003,54.040570352438415,1.2867818045979757e-16,1.0344362510299674,-0.5926628629492735,0.1395322257357079,0.5926628629492735,0.7321950886849814,1.0344362510299672,1.1621950886849814,0.7321950886849808,0.0
224.5,79.99937977768273,144.50062022231728,144.50062022231728,-1,CbC,90.00000000000001,54.50062022231724,1.2861541957565248e-16,1.0392087778809294,-0.5960959867529348,0.13609910193204625,0.5960959867529348,0.7321950886849811,1.0392087778809291,1.162195088684981,0.732195088684981,1.1102230246251565e-16
225.0,80.0389134250278,144.9610865749722,144.9610865749722,-1,CbC,90.00000000000001,54.96108657497217,1.2855325142284124e-16,1.0440130741705786,-0.5994937355803662,0.13270135310461478,0.5994937355803662,0.7321950886849811,1.0440130741705784,1.162195088684981,0.7321950886849807,-1.1102230246251565e-16
225.5,80.07802726863027,145.42197273136975,145.42197273136975,-1,CbC,90.00000000000001,55.421972731369735,-1.0936177735698625e-16,1.0488489386369213,-0.6028558092998831,0.12933927938509776,0.6028558092998831,0.7321950886849808,1.0488489386369213,1.1621950886849808,0.732195088684981,1.1102230246251565e-16
226.0,80.1167179874507,145.88328201254933,145.88328201254933,-1,CbC,90.00000000000001,55.883282012549266,-1.0937467047242516e-16,1.0537161674094877,-0.6061819078769929,0.12601318080798812,0.6061819078769929,0.7321950886849811,1.0537161674094877,1.162195088684981,0.732195088684981,1.1102230246251565e-16
226.5,80.1549822605252,146.34501773947483,146.34501773947483,-1,CbC,90.00000000000001,56.34501773947479,-1.0938737242738847e-16,1.0586145539873337,-0.6094717313894443,0.12272335729553675,0.6094717313894443,0.7321950886849811,1.0586145539873337,1.162195088684981,0.732195088684981,1.1102230246251565e-16
227.0,80.19281676711864,146.80718323288133,146.80718323288133,-1,CbC,89.99999999999999,56.80718323288138,-1.8910766226893277e-17,1.0635438892168938,-0.6127249800426898,0.1194701086422907,0.6127249800426898,0.7321950886849805,1.0635438892168938,1.1621950886849806,0.7321950886849808,0.0
227.5,80.23021818688322,147.26978181311677,147.26978181311677,-1,CbC,90.00000000000001,57.26978181311676,-1.282515533466465e-16,1.0685039612696923,-0.6159413541857841,0.11625373449919685,0.6159413541857841,0.732195088684981,1.0685039612696925,1.162195088684981,0.732195088684981,1.1102230246251565e-16
228.0,80.26718320002239,147.73281679997763,147.73281679997763,-1,CbC,90.00000000000003,57.732816799977606,-7.348092425904608e-17,1.0734945556199242,-0.6191205543277157,0.11307453435726536,0.6191205543277157,0.7321950886849811,1.0734945556199242,1.162195088684981,0.732195088684981,1.1102230246251565e-16
228.5,80.30370848745996,148.19629151254003,148.19629151254003,-1,CbC,90.00000000000006,58.19629151253999,-1.0943627921117464e-16,1.0785154550218903,-0.6222622811541809,0.1099328075308007,0.6222622811541809,0.7321950886849816,1.0785154550218903,1.1621950886849817,0.732195088684981,1.1102230246251565e-16
229.0,80.33979073101497,148.66020926898503,148.66020926898503,-1,CbC,90.00000000000003,58.66020926898501,-7.335409060656954e-17,1.0835664394873104,-0.6253662355448144,0.10682885314016675,0.6253662355448144,0.7321950886849812,1.0835664394873104,1.1621950886849812,0.732195088684981,1.1102230246251565e-16
229.5,80.3754266135814,149.12457338641863,149.12457338641863,-1,CbC,90.00000000000001,59.124573386418604,-1.8561997689549822e-17,1.0886472862625065,-0.6284321185908766,0.10376297009410444,0.6284321185908766,0.732195088684981,1.0886472862625065,1.162195088684981,0.7321950886849808,0.0
230.0,80.41061281931438,149.5893871806856,149.5893871806856,-1,CbC,90.00000000000003,59.58938718068557,-7.323026234332125e-17,1.0937577698054557,-0.6314596316134106,0.10073545707157018,0.6314596316134106,0.7321950886849807,1.0937577698054557,1.1621950886849808,0.732195088684981,1.1102230246251565e-16
230.5,80.44534603382161,150.0546539661784,150.0546539661784,-1,CbC,90.00000000000001,60.054653966178414,-5.4741084737982505e-17,1.0988976617627362,-0.6344484761818797,0.09774661250310128,0.6344484761818797,0.732195088684981,1.0988976617627362,1.162195088684981,0.732195088684981,1.1102230246251565e-16
231.0,80.47962294436043,150.52037705563956,150.52037705563956,-1,CbC,89.99999999999996,60.52037705563957,-7.310949455939265e-17,1.104066730946344,-0.6373983541332796,0.09479673455170066,0.6373983541332796,0.7321950886849803,1.104066730946344,1.1621950886849803,0.732195088684981,1.1102230246251565e-16
231.5,80.51344024004118,150.98655975995882,150.98655975995882,-1,CbC,89.99999999999999,60.98655975995885,0.0,1.1092647433104126,-0.6403089675917588,0.09188612109322186,0.6403089675917588,0.7321950886849806,1.1092647433104126,1.1621950886849806,0.7321950886849812,3.3306690738754696e-16
232.0,80.54679461203624,151.45320538796378,151.45320538796378,-1,CbC,90.00000000000001,61.45320538796376,-7.299184221610707e-17,1.1144914619278106,-0.6431800189887269,0.08901506969625393,0.6431800189887269,0.7321950886849808,1.1144914619278106,1.1621950886849808,0.732195088684981,1.1102230246251565e-16
232.5,80.57968275379515,151.92031724620483,151.92031724620483,-1,CbC,90.00000000000001,61.9203172462048,0.0,1.119746646966655,-0.6460112110834852,0.08618387760149554,0.6460112110834852,0.7321950886849808,1.119746646966655,1.1621950886849808,0.7321950886849808,0.0
233.0,80.61210136126599,152.38789863873401,152.38789863873401,-1,CbC,90.00000000000003,62.387898638734,-5.476767014618252e-17,1.1250300556667172,-0.6488022469843683,0.08339284170061287,0.6488022469843683,0.7321950886849812,1.1250300556667172,1.1621950886849812,0.7321950886849808,0.0
233.5,80.64404713312275,152.8559528668772,152.8559528668772,-1,CbC,90.00000000000001,62.85595286687718,-1.275940352476762e-16,1.1303414423157354,-0.6515528301704151,0.08064225851456576,0.6515528301704151,0.7321950886849808,1.1303414423157356,1.1621950886849808,0.732195088684981,1.1102230246251565e-16
234.0,80.67551677099942,153.32448322900058,153.32448322900058,-1,CbC,89.99999999999999,63.324483229000585,-1.0955531714085539e-16,1.135680558225658,-0.6542626645135832,0.07793242417139738,0.6542626645135832,0.7321950886849805,1.135680558225658,1.1621950886849806,0.732195088684981,1.1102230246251565e-16
234.5,80.70650697972985,153.79349302027015,153.79349302027015,-1,CbC,90.00000000000001,63.793493020270155,-1.0956503072601938e-16,1.1410471517087832,-0.6569314543014982,0.07526363438348276,0.6569314543014982,0.732195088684981,1.1410471517087832,1.162195088684981,0.732195088684981,1.1102230246251565e-16
235.0,80.73701446759495,154.26298553240505,154.26298553240505,-1,CbC,90.00000000000006,64.26298553240498,-1.0957456169846897e-16,1.1464409680538465,-0.6595589042607666,0.07263618442421509,0.6595589042607666,0.7321950886849816,1.1464409680538465,1.1621950886849817,0.732195088684981,1.1102230246251565e-16
235.5,80.7670359465759,154.73296405342413,154.73296405342413,-1,CbC,89.99999999999999,64.73296405342411,-5.4791955253914886e-17,1.151861749502024,-0.6621447195808501,0.07005036910413033,0.6621447195808501,0.7321950886849804,1.151861749502024,1.1621950886849803,0.7321950886849811,2.220446049250313e-16
236.0,80.79656813261369,155.20343186738634,155.20343186738634,-1,CbC,90.00000000000003,65.2034318673863,-7.255348074606755e-17,1.1573092352228929,-0.664688605938506,0.06750648274647508,0.664688605938506,0.7321950886849811,1.1573092352228929,1.162195088684981,0.732195088684981,1.1102230246251565e-16
236.5,80.82560774587675,155.67439225412323,155.67439225412323,-1,CbC,90.00000000000003,65.67439225412323,-1.2730345724933988e-16,1.1627831612903095,-0.6671902695228213,0.06500481916215982,0.6671902695228213,0.7321950886849812,1.1627831612903097,1.1621950886849812,0.732195088684981,1.1102230246251565e-16
237.0,80.85415151103402,156.14584848896598,156.14584848896598,-1,CbC,89.99999999999999,66.14584848896601,-1.7646789814066088e-17,1.1682832606582731,-0.6696494170608261,0.06254567162415452,0.6696494170608261,0.7321950886849806,1.1682832606582731,1.1621950886849806,0.7321950886849811,2.220446049250313e-16
237.5,80.88219615753565,156.61780384246433,156.61780384246433,-1,CbC,90.00000000000001,66.61780384246434,-5.4809746393044135e-17,1.173809263136722,-0.6720657558437134,0.060129332841267695,0.6720657558437134,0.7321950886849811,1.173809263136722,1.162195088684981,0.732195088684981,1.1102230246251565e-16
238.0,80.90973841990093,157.09026158009905,157.09026158009905,-1,CbC,90.00000000000003,67.09026158009904,-1.0962793719682288e-16,1.179360895367313,-0.6744389937536684,0.057756094931312583,0.6744389937536684,0.7321950886849811,1.179360895367313,1.162195088684981,0.732195088684981,1.1102230246251565e-16
238.5,80.93677503801298,157.56322496198706,157.56322496198706,-1,CbC,89.99999999999999,67.56322496198705,-1.2712490882332843e-16,1.1849378807991628,-0.6767688392913145,0.055426249393666284,0.6767688392913145,0.7321950886849807,1.184937880799163,1.1621950886849808,0.732195088684981,1.1102230246251565e-16
239.0,80.96330275742068,158.03669724257932,158.03669724257932,-1,CbC,90.00000000000003,68.03669724257928,-7.226008757850729e-17,1.1905399396645882,-0.6790550016037851,0.053140087081195976,0.6790550016037851,0.7321950886849811,1.1905399396645882,1.162195088684981,0.732195088684981,1.1102230246251565e-16
239.5,80.98931832964847,158.51068167035154,158.51068167035154,-1,CbC,89.99999999999996,68.51068167035157,-7.22142542456833e-17,1.1961667889548204,-0.681297190513441,0.05089789817153928,0.681297190513441,0.7321950886849802,1.1961667889548204,1.1621950886849801,0.7321950886849814,5.551115123125783e-16
240.0,81.01481851251263,158.98518148748738,158.98518148748738,-1,CbC,89.99999999999999,68.98518148748735,-1.2699927539142827e-16,1.2018181423957344,-0.6834951165472215,0.04869997213775904,0.6834951165472215,0.7321950886849805,1.2018181423957346,1.1621950886849806,0.732195088684981,1.1102230246251565e-16
240.5,81.03980007044623,159.46019992955377,159.46019992955377,-1,CbC,90.00000000000003,69.46019992955375,-1.2695901058964114e-16,1.2074937104235721,-0.6856484909666681,0.04654659771831306,0.6856484909666681,0.7321950886849812,1.2074937104235723,1.1621950886849812,0.732195088684981,1.1102230246251565e-16
241.0,81.06425977483089,159.93574022516916,159.93574022516916,-1,CbC,89.99999999999999,69.93574022516913,-1.2691956351691574e-16,1.2131932001606949,-0.6877570257985983,0.04443806288638226,0.6877570257985983,0.7321950886849806,1.213193200160695,1.1621950886849806,0.732195088684981,1.1102230246251565e-16
241.5,81.08819440433624,160.41180559566376,160.41180559566376,-1,CbC,90.00000000000003,70.41180559566374,-1.2688094086082531e-16,1.2189163153913585,-0.6898204338664639,0.042374654818517335,0.6898204338664639,0.7321950886849812,1.2189163153913587,1.1621950886849812,0.732195088684981,1.1102230246251565e-16
242.0,81.1116007452679,160.88839925473212,160.88839925473212,-1,CbC,89.99999999999999,70.8883992547321,-7.19986220274116e-17,1.2246627565375254,-0.6918384288223911,0.04035665986258925,0.6918384288223911,0.7321950886849804,1.2246627565375254,1.1621950886849803,0.732195088684981,1.1102230246251565e-16
242.5,81.13447559192248,161.3655244080775,161.3655244080775,-1,CbC,90.00000000000003,71.36552440807749,-5.4847947189668246e-17,1.2304322206347251,-0.6938107251799154,0.03838436350506588,0.6938107251799154,0.7321950886849813,1.2304322206347251,1.1621950886849812,0.7321950886849808,0.0
243.0,81.15681574695131,161.84318425304866,161.84318425304866,-1,CbC,90.00000000000001,71.84318425304869,-1.0970255750548983e-16,1.2362244013079704,-0.6957370383474178,0.036458050337563434,0.6957370383474178,0.7321950886849813,1.2362244013079704,1.1621950886849812,0.732195088684981,1.1102230246251565e-16
243.5,81.1786180217318,162.32138197826822,162.32138197826822,-1,CbC,90.00000000000001,72.3213819782682,-5.485452206207808e-17,1.2420389887477439,-0.6976170846622765,0.03457800402270447,0.6976170846622765,0.732195088684981,1.2420389887477439,1.162195088684981,0.7321950886849808,0.0
244.0,81.19987923674708,162.8001207632529,162.8001207632529,-1,CbC,89.99999999999996,72.80012076325293,-5.485767723376638e-17,1.2478756696860636,-0.6994505814257407,0.03274450725923938,0.6994505814257407,0.7321950886849801,1.2478756696860636,1.1621950886849801,0.7321950886849812,3.3306690738754696e-16
244.5,81.22059622197405,163.27940377802594,163.27940377802594,-1,CbC,90.00000000000001,73.27940377802592,-7.180614346878485e-17,1.2537341273726423,-0.7012372469385331,0.030957841746447654,0.7012372469385331,0.7321950886849807,1.2537341273726423,1.1621950886849808,0.732195088684981,1.1102230246251565e-16
245.0,81.24076581727982,163.75923418272018,163.75923418272018,-1,CbC,90.00000000000001,73.75923418272018,-1.2663422041479036e-16,1.2596140415511419,-0.7029768005372004,0.02921828814778046,0.7029768005372004,0.7321950886849808,1.259614041551142,1.1621950886849808,0.732195088684981,1.1102230246251565e-16
245.5,81.2603848728263,164.23961512717372,164.23961512717372,-1,CbC,90.00000000000003,74.23961512717368,-5.4866614953056543e-17,1.2655150884355524,-0.704668962631204,0.027526126053777113,0.704668962631204,0.7321950886849812,1.2655150884355524,1.1621950886849812,0.7321950886849808,0.0
246.0,81.27945024948366,164.72054975051634,164.72054975051634,-1,CbC,90.00000000000006,74.7205497505163,-5.4869418558881946e-17,1.2714369406866934,-0.7063134547407804,0.02588163394420116,0.7063134547407804,0.7321950886849816,1.2714369406866934,1.1621950886849817,0.7321950886849808,0.0
246.5,81.29795881925246,165.20204118074753,165.20204118074753,-1,CbC,90.00000000000001,75.2020411807475,-7.166936869525583e-17,1.2773792673888567,-0.7079099995355661,0.024285089149414758,0.7079099995355661,0.7321950886849808,1.2773792673888567,1.1621950886849808,0.732195088684981,1.1102230246251565e-16
247.0,81.31590746569404,165.684092534306,165.684092534306,-1,CbC,90.00000000000001,75.68409253430596,-7.163761733861751e-17,1.283341734026607,-0.7094583208739994,0.02273676781098171,0.7094583208739994,0.7321950886849811,1.283341734026607,1.162195088684981,0.732195088684981,1.1102230246251565e-16
247.5,81.33329308437045,166.1667069156296,166.1667069156296,-1,CbC,89.99999999999999,76.16670691562955,-1.0975460691882514e-16,1.28932400246174,-0.710958143843511,0.02123694484146936,0.710958143843511,0.7321950886849803,1.28932400246174,1.1621950886849803,0.732195088684981,1.1102230246251565e-16
248.0,81.35011258329271,166.64988741670726,166.64988741670726,-1,CbC,90.00000000000001,76.64988741670727,-5.487975662195591e-17,1.295325730910436,-0.7124091948015137,0.019785893883467416,0.7124091948015137,0.7321950886849811,1.295325730910436,1.162195088684981,0.7321950886849808,0.0
248.5,81.36636288337839,167.13363711662163,167.13363711662163,-1,CbC,89.99999999999999,77.13363711662164,-5.4882122273646376e-17,1.3013465739206003,-0.7138112014171916,0.018383887267789164,0.7138112014171916,0.7321950886849807,1.3013465739206003,1.1621950886849808,0.732195088684981,1.1102230246251565e-16
249.0,81.38204091891798,167.617959081082,167.617959081082,-1,CbC,89.99999999999999,77.617959081082,-7.152056587070427e-17,1.307386182349414,-0.7151638927141072,0.017031195970873367,0.7151638927141072,0.7321950886849805,1.307386182349414,1.1621950886849806,0.7321950886849811,2.220446049250313e-16
249.5,81.39714363805082,168.1028563619492,168.1028563619492,-1,CbC,90.00000000000003,78.10285636194914,-1.0977318221580148e-16,1.3134442033411222,-0.7164669991136308,0.015728089571350322,0.7164669991136308,0.7321950886849811,1.3134442033411222,1.162195088684981,0.732195088684981,1.1102230246251565e-16
250.0,81.41166800325011,168.5883319967499,168.5883319967499,-1,CbC,89.99999999999999,78.58833199674991,-1.0977738858834348e-16,1.319520280305049,-0.7177202524792015,0.014474836205779114,0.7177202524792015,0.7321950886849806,1.319520280305049,1.1621950886849806,0.732195088684981,1.1102230246251565e-16
250.5,81.42561099181685,169.07438900818312,169.07438900818312,-1,CbC,90.00000000000001,79.07438900818312,-8.2336064964776e-17,1.325614052893884,-0.7189233861614232,0.01327170252355771,0.7189233861614232,0.7321950886849808,1.325614052893884,1.1621950886849808,0.732195088684981,1.1102230246251565e-16
251.0,81.43896959638411,169.5610304036159,169.5610304036159,-1,CbC,89.99999999999999,79.56103040361593,-8.233895719153391e-17,1.331725156982234,-0.7200761350440182,0.01211895364096246,0.7200761350440182,0.7321950886849807,1.331725156982234,1.1621950886849808,0.7321950886849812,3.3306690738754696e-16
251.5,81.45174082542975,170.04825917457023,170.04825917457023,-1,CbC,90.00000000000003,80.04825917457019,-9.884433826134354e-17,1.337853224645472,-0.7211782355906246,0.011016853094356372,0.7211782355906246,0.732195088684981,1.337853224645472,1.162195088684981,0.732195088684981,1.1102230246251565e-16
252.0,81.46392170379964,170.53607829620037,170.53607829620037,-1,CbC,90.00000000000001,80.53607829620034,-8.234434750036479e-17,1.3439978841388964,-0.7222294258924735,0.009965662792507417,0.7222294258924735,0.732195088684981,1.3439978841388964,1.162195088684981,0.732195088684981,1.1102230246251565e-16
252.5,81.47550927323984,171.0244907267602,171.0244907267602,-1,CbC,89.99999999999999,81.02449072676019,-9.88039195932934e-17,1.3501587598772105,-0.7232294457169205,0.008965642968059998,0.7232294457169205,0.7321950886849805,1.3501587598772105,1.1621950886849806,0.7321950886849811,2.220446049250313e-16
253.0,81.48650059293874,171.51349940706126,171.51349940706126,-1,CbC,89.99999999999999,81.51349940706126,-8.234921167212683e-17,1.3563354724143555,-0.7241780365568703,0.008017052128110033,0.7241780365568703,0.7321950886849803,1.3563354724143555,1.1621950886849803,0.732195088684981,1.1102230246251565e-16
253.5,81.49689274007928,172.00310725992074,172.00310725992074,-1,CbC,90.00000000000003,82.00310725992068,-8.235144615564063e-17,1.362527638423701,-0.7250749416810842,0.007120147003896926,0.7250749416810842,0.7321950886849812,1.362527638423701,1.1621950886849812,0.732195088684981,1.1102230246251565e-16
254.0,81.50668281040065,172.49331718959937,172.49331718959937,-1,CbC,90.00000000000003,82.49331718959934,-9.87508826658062e-17,1.3687348706786207,-0.7259199061853805,0.006275182499600743,0.7259199061853805,0.7321950886849813,1.3687348706786207,1.1621950886849812,0.732195088684981,1.1102230246251565e-16
254.5,81.51586791876998,172.98413208123003,172.98413208123003,-1,CbC,90.00000000000001,82.98413208123,-8.23555191433405e-17,1.3749567780334717,-0.726712677044736,0.005482411640245025,0.726712677044736,0.732195088684981,1.3749567780334717,1.162195088684981,0.732195088684981,1.1102230246251565e-16
255.0,81.52444519976413,173.47555480023587,173.47555480023587,-1,CbC,90.00000000000001,83.47555480023588,-8.235735727684396e-17,1.3811929654050028,-0.7274530031662969,0.004742085518683899,0.7274530031662969,0.7321950886849808,1.3811929654050028,1.1621950886849808,0.732195088684981,1.1102230246251565e-16
255.5,81.53241180826147,173.9675881917385,173.9675881917385,-1,CbC,90.00000000000003,83.9675881917385,-8.235906288840377e-17,1.3874430337541894,-0.7281406354433053,0.00405445324167578,0.7281406354433053,0.7321950886849811,1.3874430337541894,1.162195088684981,0.732195088684981,1.1102230246251565e-16
256.0,81.53976492004402,174.46023507995596,174.46023507995596,-1,CbC,90.00000000000001,84.46023507995596,-8.236063574029363e-17,1.3937065800685509,-0.7287753268099426,0.0034197618750382046,0.7287753268099426,0.7321950886849808,1.3937065800685509,1.1621950886849808,0.732195088684981,1.1102230246251565e-16
256.5,81.54650173240927,174.95349826759076,174.95349826759076,-1,CbC,90.00000000000001,84.95349826759075,-8.236207557324103e-17,1.3999831973449455,-0.7293568322971027,0.0028382563878783557,0.7293568322971027,0.7321950886849811,1.3999831973449455,1.162195088684981,0.732195088684981,1.1102230246251565e-16
257.0,81.5526194647926,175.4473805352074,175.4473805352074,-1,CbC,90.00000000000001,85.44738053520737,-1.0981784280814022e-16,1.4062724745728725,-0.7298849090890944,0.0023101795958864724,0.7298849090890944,0.7321950886849808,1.4062724745728725,1.1621950886849808,0.732195088684981,1.1102230246251565e-16
257.5,81.55811535940006,175.94188464059997,175.94188464059997,-1,CbC,89.99999999999999,85.94188464059997,-1.0981940671408002e-16,1.4125739967183084,-0.7303593165812855,0.0018357721036952974,0.7303593165812855,0.7321950886849808,1.4125739967183084,1.1621950886849808,0.7321950886849811,2.220446049250313e-16
258.0,81.56298668185099,176.43701331814898,176.43701331814898,-1,CbC,89.99999999999999,86.43701331814903,-1.0982079204770965e-16,1.4188873447080936,-0.7307798164386818,0.001415272246298911,0.7307798164386818,0.7321950886849807,1.4188873447080936,1.1621950886849808,0.7321950886849812,3.3306690738754696e-16
258.5,81.56723072183154,176.93276927816848,176.93276927816848,-1,CbC,89.99999999999999,86.93276927816846,-8.236649875814488e-17,1.4252120954148986,-0.7311461726554611,0.001048916029519357,0.7311461726554611,0.7321950886849805,1.4252120954148986,1.1621950886849806,0.732195088684981,1.1102230246251565e-16
259.0,81.5708447937583,177.42915520624172,177.42915520624172,-1,CbC,90.00000000000001,87.4291552062417,-1.0982302510788856e-16,1.4315478216427877,-0.7314581516154539,0.000736937069527004,0.7314581516154539,0.732195088684981,1.4315478216427877,1.162195088684981,0.732195088684981,1.1102230246251565e-16
259.5,81.57382623745248,177.9261737625475,177.9261737625475,-1,CbC,90.00000000000003,87.92617376254748,-8.236790385896615e-17,1.4378940921134085,-0.7317155221535784,0.00047956653140281255,0.7317155221535784,0.7321950886849812,1.4378940921134085,1.1621950886849812,0.732195088684981,1.1102230246251565e-16
260.0,81.57617241882458,178.42382758117543,178.42382758117543,-1,CbC,89.99999999999999,88.42382758117546,-8.236840342347562e-17,1.4442504714528341,-0.7319180556182359,0.00027703306674491714,0.7319180556182359,0.7321950886849807,1.4442504714528341,1.1621950886849808,0.7321950886849812,3.3306690738754696e-16
260.5,81.57788073056923,178.92211926943082,178.92211926943082,-1,CbC,89.99999999999999,88.92211926943081,-8.23687670816566e-17,1.4506165201790757,-0.7320655259346633,0.00012956275031738586,0.7320655259346633,0.7321950886849807,1.4506165201790757,1.1621950886849808,0.7321950886849811,2.220446049250313e-16
261.0,81.57894859287116,179.42105140712886,179.42105140712886,-1,CbC,90.00000000000006,89.42105140712877,-1.0982532582196838e-16,1.4569917946903004,-0.7321577096692564,3.737901572516848e-05,0.7321577096692564,0.7321950886849816,1.4569917946903004,1.1621950886849817,0.732195088684981,1.1102230246251565e-16
261.5,81.5793734541215,179.92062654587855,179.92062654587855,-1,CbC,90.00000000000001,89.92062654587849,-1.0982544638185229e-16,1.4633758472537717,-0.7321943860948552,7.025901257305451e-07,0.7321943860948552,0.732195088684981,1.4633758472537717,1.162195088684981,0.732195088684981,1.1102230246251565e-16
262.0,81.57960989736628,-179.57960989736634,179.57960989736634,1,CbC,90.00000000000003,89.57960989736627,-9.60973242889368e-17,1.4590179700393004,-1.970854522067136e-05,0.7321753801397601,0.7321753801397601,0.7321950886849808,1.4590179700393004,1.1621950886849808,0.732195088684981,1.1102230246251565e-16
262.5,81.58047386204561,-179.08047386204564,179.08047386204564,1,CbC,90.00000000000001,89.08047386204561,-6.86410991304882e-17,1.4526398595179604,-9.429103155441243e-05,0.7321007976534266,0.7321007976534266,0.7321950886849811,1.4526398595179604,1.162195088684981,0.732195088684981,1.1102230246251565e-16
263.0,81.58197907810865,-178.58197907810865,178.58197907810865,1,CbC,90.00000000000001,88.5819790781086,-9.609791242566387e-17,1.4462708329177285,-0.00022423048704151342,0.7319708581979395,0.7319708581979395,0.7321950886849811,1.4462708329177285,1.162195088684981,0.732195088684981,1.1102230246251565e-16
263.5,81.58412295983514,-178.08412295983518,178.08412295983518,1,CbC,89.99999999999999,88.08412295983516,-8.237009527840558e-17,1.4399113349622525,-0.0004093043404187806,0.7317857843445618,0.7317857843445618,0.7321950886849805,1.4399113349622525,1.1621950886849806,0.732195088684981,1.1102230246251565e-16
264.0,81.58690288767737,-177.58690288767738,177.58690288767738,1,CbC,90.00000000000001,87.58690288767734,-9.861426630954221e-17,1.4335618061740303,-0.0006492873684724289,0.7315458013165085,0.7315458013165085,0.732195088684981,1.4335618061740303,1.162195088684981,0.732195088684981,1.1102230246251565e-16
264.5,81.5903162090945,-177.09031620909454,177.09031620909454,1,CbC,90.00000000000003,87.09031620909451,-9.609998076835892e-17,1.427222682887865,-0.0009439517639300235,0.7312511369210509,0.7312511369210509,0.732195088684981,1.427222682887865,1.162195088684981,0.732195088684981,1.1102230246251565e-16
265.0,81.59436023937657,-176.5943602393766,176.5943602393766,1,CbC,90.00000000000001,86.59436023937658,-8.23722714095528e-17,1.4208943972651062,-0.0012930672022949904,0.7309020214826862,0.7309020214826862,0.7321950886849812,1.4208943972651062,1.1621950886849812,0.732195088684981,1.1102230246251565e-16
265.5,81.59903226245757,-176.09903226245757,176.09903226245757,1,CbC,90.00000000000003,86.09903226245753,-8.923770230291517e-17,1.4145773773086618,-0.0016964009076111497,0.7304986877773697,0.7304986877773697,0.7321950886849808,1.4145773773086618,1.1621950886849808,0.732195088684981,1.1102230246251565e-16
266.0,81.60432953171768,-175.60432953171772,175.60432953171772,1,CbC,89.99999999999999,85.6043295317177,-7.550985571022628e-17,1.4082720468787169,-0.002153717717160113,0.7300413709678205,0.7300413709678205,0.7321950886849806,1.4082720468787169,1.1621950886849806,0.7321950886849812,3.3306690738754696e-16
266.5,81.61024927077509,-175.11024927077509,175.11024927077509,1,CbC,89.99999999999999,85.11024927077509,-9.857447063543449e-17,1.401978825709176,-0.002664780145108547,0.7295303085398724,0.7295303085398724,0.732195088684981,1.401978825709176,1.162195088684981,0.7321950886849813,4.440892098500626e-16
267.0,81.61678867426643,-174.61678867426647,174.61678867426647,1,CbC,89.99999999999999,84.61678867426646,-8.2377029814003e-17,1.3956981294247632,-0.0032293484450832293,0.7289657402398971,0.7289657402398971,0.7321950886849804,1.3956981294247632,1.1621950886849803,0.732195088684981,1.1102230246251565e-16
267.5,81.62394490861682,-174.12394490861683,174.12394490861683,1,CbC,89.99999999999999,84.12394490861686,-8.924342420550225e-17,1.3894303695587618,-0.003847180671704809,0.728347908013276,0.728347908013276,0.7321950886849808,1.3894303695587618,1.1621950886849808,0.7321950886849812,3.3306690738754696e-16
268.0,81.63171511279884,-173.63171511279884,173.63171511279884,1,CbC,89.99999999999999,83.63171511279884,-9.267771330372721e-17,1.3831759535713826,-0.004518032741067171,0.7276770559439134,0.7276770559439134,0.7321950886849806,1.3831759535713826,1.1621950886849806,0.732195088684981,1.1102230246251565e-16
268.5,81.64009639908063,-173.14009639908065,173.14009639908065,1,CbC,90.00000000000003,83.1400963990806,-8.924712484264917e-17,1.3769352848687089,-0.005241658490171028,0.7269534301948103,0.7269534301948103,0.7321950886849813,1.3769352848687089,1.1621950886849812,0.732195088684981,1.1102230246251565e-16
269.0,81.64908585376298,-172.649085853763,172.649085853763,1,CbC,90.00000000000001,82.64908585376297,-8.753285102641113e-17,1.370708762822206,-0.006017809735316885,0.7261772789496644,0.7261772789496644,0.7321950886849813,1.370708762822206,1.1621950886849812,0.732195088684981,1.1102230246251565e-16
269.5,81.65868053790591,-172.15868053790592,172.15868053790592,1,CbC,90.00000000000001,82.15868053790587,-8.839318778535767e-17,1.3644967827887726,-0.006846236329472213,0.7253488523555084,0.7253488523555084,0.7321950886849806,1.3644967827887726,1.1621950886849806,0.732195088684981,1.1102230246251565e-16
270.0,81.66887748804382,-171.66887748804385,171.66887748804385,1,CbC,90.00000000000001,81.6688774880438,-8.872179101638513e-17,1.358299736131294,-0.007726686218599198,0.7244684024663819,0.7244684024663819,0.7321950886849811,1.358299736131294,1.162195088684981,0.732195088684981,1.1102230246251565e-16
270.5,81.67967371689019,-171.1796737168902,171.1796737168902,1,CbC,90.00000000000003,81.17967371689016,0.0,1.3521180102396828,-0.008658905496968657,0.7235361831880125,0.7235361831880125,0.7321950886849812,1.3521180102396828,1.1621950886849812,0.7321950886849808,0.0
271.0,81.69106621403112,-170.69106621403117,170.69106621403117,1,CbC,90.00000000000001,80.69106621403114,-1.7165145493305667e-18,1.345951988552388,-0.009642638461456007,0.722552450223525,0.722552450223525,0.732195088684981,1.345951988552388,1.162195088684981,0.7321950886849808,0.0
271.5,81.70305194660831,-170.20305194660833,170.20305194660833,1,CbC,90.00000000000001,80.2030519466083,0.0,1.3398020505783337,-0.010677627664833558,0.7215174610201475,0.7215174610201475,0.7321950886849811,1.3398020505783337,1.162195088684981,0.7321950886849808,0.0
272.0,81.71562785999089,-169.7156278599909,169.7156278599909,1,CbC,90.00000000000001,79.71562785999085,0.0,1.3336685719192773,-0.011763613968056594,0.7204314747169241,0.7204314747169241,0.7321950886849807,1.3336685719192773,1.1621950886849808,0.7321950886849808,0.0
272.5,81.72879087843668,-169.2287908784367,169.2287908784367,1,CbC,90.00000000000001,79.2287908784367,0.0,1.3275519242925535,-0.012900336591564124,0.7192947520934169,0.7192947520934169,0.732195088684981,1.3275519242925535,1.162195088684981,0.7321950886849808,0.0
273.0,81.74253790574274,-168.74253790574272,168.74253790574272,1,CbC,90.00000000000001,78.74253790574272,0.0,1.3214524755541968,-0.01408753316559072,0.7181075555193902,0.7181075555193902,0.732195088684981,1.3214524755541968,1.162195088684981,0.7321950886849808,0.0
273.5,81.75686582588489,-168.25686582588492,168.25686582588492,1,CbC,90.00000000000003,78.2568658258849,0.0,1.315370589722403,-0.015324939779505954,0.7168701489054753,0.7168701489054753,0.7321950886849813,1.315370589722403,1.1621950886849812,0.7321950886849808,0.0
274.0,81.77177150364685,-167.77177150364687,167.77177150364687,1,CbC,90.00000000000001,77.77177150364685,0.0,1.3093066270013212,-0.016612291030185335,0.7155827976547956,0.7155827976547956,0.732195088684981,1.3093066270013212,1.162195088684981,0.7321950886849808,0.0
274.5,81.78725178523872,-167.2872517852387,167.2872517852387,1,CbC,90.00000000000001,77.28725178523868,0.0,1.30326094380516,-0.017949320069424898,0.7142457686155559,0.7142457686155559,0.7321950886849807,1.30326094380516,1.1621950886849808,0.7321950886849808,0.0
275.0,81.80330349890467,-166.80330349890468,166.80330349890468,1,CbC,89.99999999999999,76.8033034989047,0.0,1.2972338927825666,-0.019335758650404277,0.7128593300345764,0.7128593300345764,0.7321950886849806,1.2972338927825666,1.1621950886849806,0.732195088684981,1.1102230246251565e-16
275.5,81.81992345552037,-166.31992345552038,166.31992345552038,1,CbC,90.00000000000001,76.31992345552034,0.0,1.2912258228412783,-0.02077133717321749,0.7114237515117632,0.7114237515117632,0.7321950886849806,1.2912258228412783,1.1621950886849806,0.7321950886849808,0.0
276.0,81.83710844917961,-165.83710844917965,165.83710844917965,1,CbC,90.00000000000001,75.83710844917962,0.0,1.2852370791730297,-0.022255784729461537,0.7099393039555194,0.7099393039555194,0.732195088684981,1.2852370791730297,1.162195088684981,0.7321950886849808,0.0
276.5,81.85485525777099,-165.35485525777102,165.35485525777102,1,CbC,90.00000000000001,75.35485525777099,0.0,1.2792680032786758,-0.02378882914592072,0.7084062595390603,0.7084062595390603,0.7321950886849811,1.2792680032786758,1.162195088684981,0.7321950886849808,0.0
277.0,81.87316064354377,-164.87316064354377,164.87316064354377,1,CbC,90.00000000000003,74.87316064354373,0.0,1.2733189329935382,-0.025370197027329018,0.706824891657652,0.706824891657652,0.7321950886849811,1.2733189329935382,1.162195088684981,0.7321950886849808,0.0
277.5,81.8920213536637,-164.39202135366372,164.39202135366372,1,CbC,90.00000000000001,74.39202135366371,-1.3739065817071987e-17,1.2673902025129373,-0.02699961379823815,0.7051954748867427,0.7051954748867427,0.7321950886849808,1.2673902025129373,1.1621950886849808,0.7321950886849808,0.0
278.0,81.9114341207587,-163.9114341207587,163.9114341207587,1,CbC,90.00000000000003,73.91143412075866,0.0,1.2614821424179077,-0.028676803743997874,0.7035182849409831,0.7035182849409831,0.732195088684981,1.2614821424179077,1.162195088684981,0.7321950886849808,0.0
278.5,81.93139566345414,-163.4313956634541,163.4313956634541,1,CbC,90.00000000000001,73.43139566345411,0.0,1.255595079701069,-0.030401490050849547,0.7017935986341315,0.7017935986341315,0.7321950886849811,1.255595079701069,1.162195088684981,0.7321950886849808,0.0
279.0,81.95190268689835,-162.95190268689836,162.95190268689836,1,CbC,90.00000000000001,72.95190268689835,0.0,1.2497293377926442,-0.03217339484516273,0.7000216938398183,0.7000216938398183,0.732195088684981,1.2497293377926442,1.162195088684981,0.7321950886849808,0.0
279.5,81.9729518832779,-162.47295188327791,162.47295188327791,1,CbC,90.00000000000001,72.47295188327786,0.0,1.2438852365866042,-0.03399223923180472,0.698202849453176,0.698202849453176,0.7321950886849807,1.2438852365866042,1.1621950886849808,0.7321950886849808,0.0
280.0,81.99453993232314,-161.99453993232316,161.99453993232316,1,CbC,90.00000000000001,71.99453993232314,0.0,1.2380630924669294,-0.03585774333166544,0.6963373453533154,0.6963373453533154,0.7321950886849808,1.2380630924669294,1.1621950886849808,0.7321950886849808,0.0
280.5,82.0166635018038,-161.5166635018038,161.5166635018038,1,CbC,89.99999999999999,71.5166635018038,0.0,1.2322632183339661,-0.03776962631835015,0.6944254623666304,0.6944254623666304,0.7321950886849805,1.2322632183339661,1.1621950886849806,0.7321950886849808,0.0
281.0,82.03931924801503,-161.039319248015,161.039319248015,1,CbC,90.00000000000003,71.03931924801499,0.0,1.2264859236308732,-0.03972760645404366,0.6924674822309377,0.6924674822309377,0.7321950886849813,1.2264859236308732,1.1621950886849812,0.7321950886849808,0.0
281.5,82.06250381625333,-160.56250381625335,160.56250381625335,1,CbC,90.00000000000001,70.56250381625333,0.0,1.2207315143701305,-0.041731401124555,0.690463687560426,0.690463687560426,0.732195088684981,1.2207315143701305,1.162195088684981,0.7321950886849808,0.0
282.0,82.08621384128362,-160.08621384128364,160.08621384128364,1,CbC,90.00000000000003,70.08621384128358,0.0,1.2150002931601158,-0.043780726873574476,0.6884143618114068,0.6884143618114068,0.7321950886849813,1.2150002931601158,1.1621950886849812,0.7321950886849808,0.0
282.5,82.11044594779617,-159.61044594779622,159.61044594779622,1,CbC,90.00000000000001,69.61044594779618,0.0,1.2092925592317216,-0.04587529943611824,0.6863197892488629,0.6863197892488629,0.7321950886849812,1.2092925592317216,1.1621950886849812,0.732195088684981,1.1102230246251565e-16
283.0,82.13519675085455,-159.13519675085453,159.13519675085453,1,CbC,90.00000000000001,69.13519675085455,0.0,1.2036086084649953,-0.04801483377121108,0.6841802549137702,0.6841802549137702,0.7321950886849813,1.2036086084649953,1.1621950886849812,0.7321950886849808,0.0
283.5,82.16046285633404,-158.66046285633402,158.66046285633402,1,CbC,90.00000000000001,68.66046285633401,0.0,1.1979487334158179,-0.05019904409378391,0.6819960445911971,0.6819960445911971,0.7321950886849811,1.1979487334158179,1.162195088684981,0.7321950886849808,0.0
284.0,82.18624086135092,-158.18624086135094,158.18624086135094,1,CbC,90.00000000000001,68.18624086135091,0.0,1.192313223342575,-0.052427643905822746,0.6797674447791582,0.6797674447791582,0.732195088684981,1.192313223342575,1.162195088684981,0.7321950886849808,0.0
284.5,82.21252735468282,-157.71252735468278,157.71252735468278,1,CbC,90.00000000000001,67.71252735468279,0.0,1.1867023642328258,-0.054700346026765365,0.6774947426582156,0.6774947426582156,0.732195088684981,1.1867023642328258,1.162195088684981,0.7321950886849808,0.0
285.0,82.23931891717965,-157.23931891717967,157.23931891717967,1,CbC,90.00000000000001,67.23931891717963,0.0,1.1811164388299709,-0.0570168626231626,0.6751782260618181,0.6751782260618181,0.7321950886849807,1.1811164388299709,1.1621950886849808,0.7321950886849808,0.0
285.5,82.26661212216604,-156.76661212216607,156.76661212216607,1,CbC,90.00000000000001,66.76661212216604,-2.7503137376115615e-17,1.1755557266598808,-0.05937690523761552,0.6728181834473655,0.6728181834473655,0.7321950886849811,1.1755557266598808,1.162195088684981,0.7321950886849808,0.0
286.0,82.29440353583466,-156.29440353583468,156.29440353583468,1,CbC,89.99999999999999,66.29440353583466,0.0,1.1700205040574956,-0.06178018481699592,0.6704149038679846,0.6704149038679846,0.7321950886849805,1.1700205040574956,1.1621950886849806,0.7321950886849808,0.0
286.5,82.32268971763106,-155.8226897176311,155.8226897176311,1,CbC,90.00000000000003,65.82268971763105,0.0,1.1645110441933841,-0.06422641173996801,0.667968676945013,0.667968676945013,0.7321950886849811,1.1645110441933841,1.162195088684981,0.7321950886849808,0.0
287.0,82.35146722062947,-155.35146722062947,155.35146722062947,1,CbC,90.00000000000001,65.35146722062944,5.501727717792282e-17,1.1590276171002367,-0.06671529584381201,0.665479792841169,0.665479792841169,0.732195088684981,1.1590276171002367,1.162195088684981,0.7321950886849808,0.0
287.5,82.38073259190068,-154.88073259190065,154.88073259190065,1,CbC,90.00000000000001,64.88073259190067,-2.7510521890165393e-17,1.1535704896993098,-0.06924654645057397,0.6629485422344071,0.6629485422344071,0.7321950886849811,1.1535704896993098,1.162195088684981,0.7321950886849808,0.0
288.0,82.41048237287096,-154.410482372871,154.410482372871,1,CbC,90.00000000000001,64.41048237287096,-5.502485801574257e-17,1.148139925826788,-0.0718198723925414,0.6603752162924396,0.6603752162924396,0.732195088684981,1.148139925826788,1.162195088684981,0.7321950886849808,0.0
288.5,82.4407130996729,-153.9407130996729,153.9407130996729,1,CbC,90.00000000000001,63.940713099672884,1.460520830160836e-17,1.1427361862600665,-0.07443498203706159,0.6577601066479194,0.6577601066479194,0.732195088684981,1.1427361862600665,1.162195088684981,0.7321950886849808,0.0
289.0,82.47142130348799,-153.471421303488,153.471421303488,1,CbC,89.99999999999999,63.47142130348801,0.0,1.1373595287439502,-0.07709158331070949,0.6551035053742712,0.6551035053742712,0.7321950886849807,1.1373595287439502,1.1621950886849808,0.7321950886849811,2.220446049250313e-16
289.5,82.50260351088112,-153.00260351088113,153.00260351088113,1,CbC,90.00000000000001,63.0026035108811,0.0,1.1320102080167522,-0.079789383722826,0.652405704962155,0.652405704962155,0.732195088684981,1.1320102080167522,1.162195088684981,0.7321950886849808,0.0
290.0,82.5342562441269,-152.5342562441269,152.5342562441269,1,CbC,90.00000000000001,62.53425624412686,-1.4425505196959133e-17,1.1266884758362863,-0.08252809038841721,0.6496669982965639,0.6496669982965639,0.7321950886849812,1.1266884758362863,1.1621950886849812,0.7321950886849808,0.0
290.5,82.56637602152824,-152.0663760215283,152.0663760215283,1,CbC,90.00000000000003,62.06637602152825,0.0,1.1213945810057562,-0.0853074100504522,0.6468876786345291,0.6468876786345291,0.7321950886849813,1.1213945810057562,1.1621950886849812,0.7321950886849808,0.0
291.0,82.5989593577271,-151.5989593577271,151.5989593577271,1,CbC,90.00000000000001,61.598959357727075,0.0,1.1161287693995128,-0.0881270491015471,0.644068039583434,0.644068039583434,0.7321950886849811,1.1161287693995128,1.162195088684981,0.7321950886849808,0.0
291.5,82.63200276400734,-151.13200276400735,151.13200276400735,1,CbC,90.00000000000001,61.13200276400735,0.0,1.1108912839887068,-0.0909867136050581,0.6412083750799229,0.6412083750799229,0.732195088684981,1.1108912839887068,1.162195088684981,0.7321950886849808,0.0
292.0,82.66550274859019,-150.6655027485902,150.6655027485902,1,CbC,90.00000000000001,60.66550274859015,0.0,1.105682364866787,-0.0938861093155896,0.6383089793693913,0.6383089793693913,0.732195088684981,1.105682364866787,1.162195088684981,0.7321950886849808,0.0
292.5,82.69945581692203,-150.19945581692198,150.19945581692198,1,CbC,90.00000000000001,60.199455816922,-5.506113541291347e-17,1.1005022492748822,-0.09682494169892905,0.6353701469860519,0.6353701469860519,0.732195088684981,1.1005022492748822,1.162195088684981,0.7321950886849808,0.0
293.0,82.73385847195489,-149.73385847195493,149.73385847195493,1,CbC,90.00000000000003,59.733858471954875,0.0,1.095351171627026,-0.09980291595142125,0.6323921727335599,0.6323921727335599,0.7321950886849811,1.095351171627026,1.162195088684981,0.7321950886849808,0.0
293.5,82.76870721441955,-149.26870721441958,149.26870721441958,1,CbC,90.00000000000001,59.26870721441954,0.0,1.0902293635352402,-0.10281973701878681,0.6293753516661943,0.6293753516661943,0.7321950886849811,1.0902293635352402,1.162195088684981,0.7321950886849808,0.0
294.0,82.8039985430915,-148.80399854309152,148.80399854309152,1,CbC,90.00000000000001,58.80399854309152,0.0,1.0851370538344607,-0.10587510961440008,0.626319979070581,0.626319979070581,0.7321950886849811,1.0851370538344607,1.162195088684981,0.7321950886849808,0.0
294.5,82.83972895504972,-148.3397289550497,148.3397289550497,1,CbC,89.99999999999999,58.33972895504975,0.0,1.0800744686073085,-0.10896873823703386,0.6232263504479468,0.6232263504479468,0.7321950886849807,1.0800744686073085,1.1621950886849808,0.732195088684981,1.1102230246251565e-16
295.0,82.87589494592864,-147.87589494592862,147.87589494592862,1,CbC,90.00000000000001,57.875894945928614,0.0,1.0750418312086962,-0.11210032718808313,0.6200947614968979,0.6200947614968979,0.7321950886849811,1.0750418312086962,1.162195088684981,0.7321950886849808,0.0
295.5,82.91249301016278,-147.4124930101628,147.4124930101628,1,CbC,89.99999999999999,57.41249301016281,0.0,1.0700393622902629,-0.11526958058827011,0.6169255080967107,0.6169255080967107,0.7321950886849807,1.0700393622902629,1.1621950886849808,0.732195088684981,1.1102230246251565e-16
296.0,82.94951964122525,-146.94951964122524,146.94951964122524,1,CbC,90.00000000000001,56.94951964122523,0.0,1.0650672798246381,-0.11847620239386013,0.6137188862911206,0.6137188862911206,0.7321950886849807,1.0650672798246381,1.1621950886849808,0.7321950886849808,0.0
296.5,82.98697133185883,-146.48697133185883,146.48697133185883,1,CbC,90.00000000000001,56.48697133185879,0.0,1.0601257991295332,-0.12171989641236547,0.6104751922726154,0.6104751922726154,0.7321950886849808,1.0601257991295332,1.1621950886849808,0.7321950886849808,0.0
297.0,83.02484457430096,-146.02484457430094,146.02484457430094,1,CbC,90.00000000000001,56.02484457430095,5.510030783118828e-17,1.0552151328916508,-0.12500036631778247,0.6071947223671985,0.6071947223671985,0.732195088684981,1.0552151328916508,1.162195088684981,0.7321950886849808,0.0
297.5,83.06313586050204,-145.56313586050206,145.56313586050206,1,CbC,90.00000000000001,55.56313586050202,0.0,1.0503354911904021,-0.12831731566534577,0.6038777730196352,0.6038777730196352,0.732195088684981,1.0503354911904021,1.162195088684981,0.7321950886849808,0.0
298.0,83.10184168233731,-145.10184168233732,145.10184168233732,1,CbC,90.00000000000001,55.101841682337316,0.0,1.0454870815214539,-0.13167044790581786,0.600524640779163,0.600524640779163,0.7321950886849808,1.0454870815214539,1.1621950886849808,0.7321950886849808,0.0
298.5,83.14095853181243,-144.64095853181246,144.64095853181246,1,CbC,90.00000000000001,54.64095853181243,0.0,1.040670108820061,-0.13505946639932742,0.5971356222856536,0.5971356222856536,0.7321950886849811,1.040670108820061,1.162195088684981,0.7321950886849808,0.0
299.0,83.1804829012629,-144.1804829012629,144.1804829012629,1,CbC,89.99999999999999,54.1804829012629,-5.5118416367233024e-17,1.0358847754842313,-0.13848407442875485,0.5937110142562256,0.5937110142562256,0.7321950886849805,1.0358847754842313,1.1621950886849806,0.732195088684981,1.1102230246251565e-16
299.5,83.22041128354739,-143.72041128354743,143.72041128354743,1,CbC,90.00000000000001,53.72041128354738,0.0,1.031131281397674,-0.14194397521268826,0.5902511134722929,0.5902511134722929,0.7321950886849811,1.031131281397674,1.162195088684981,0.7321950886849808,0.0
300.0,83.26074017223482,-143.26074017223482,143.26074017223482,1,CbC,90.00000000000001,53.260740172234804,-5.512759538048211e-17,1.0264098239525539,-0.14543887191794092,0.58675621676704,0.58675621676704,0.732195088684981,1.0264098239525539,1.162195088684981,0.7321950886849808,0.0
300.5,83.30146606178589,-142.80146606178593,142.80146606178593,1,CbC,90.00000000000001,52.8014660617859,5.513221182574347e-17,1.0217205980720503,-0.14896846767165897,0.5832266210133222,0.5832266210133222,0.7321950886849812,1.0217205980720503,1.1621950886849812,0.7321950886849808,0.0
301.0,83.34258544772851,-142.34258544772854,142.34258544772854,1,CbC,90.00000000000001,52.34258544772851,0.0,1.0170637962327016,-0.15253246557301067,0.5796626231119705,0.5796626231119705,0.7321950886849812,1.0170637962327016,1.1621950886849812,0.732195088684981,1.1102230246251565e-16
301.5,83.38409482682756,-141.88409482682755,141.88409482682755,1,CbC,90.00000000000001,51.884094826827535,0.0,1.012439608486552,-0.15613056870447603,0.5760645199805051,0.5760645199805051,0.7321950886849812,1.012439608486552,1.1621950886849812,0.7321950886849808,0.0
302.0,83.42599069724906,-141.42599069724906,141.42599069724906,1,CbC,90.00000000000001,51.42599069724905,5.514615439607203e-17,1.0078482224830831,-0.15976248014274042,0.5724326085422407,0.5724326085422407,0.7321950886849811,1.0078482224830831,1.162195088684981,0.7321950886849808,0.0
302.5,83.4682695587187,-140.96826955871867,140.96826955871867,1,CbC,90.00000000000003,50.96826955871866,0.0,1.0032898234909358,-0.16342790296920573,0.5687671857157753,0.5687671857157753,0.7321950886849811,1.0032898234909358,1.162195088684981,0.7321950886849808,0.0
303.0,83.51092791267503,-140.5109279126751,140.5109279126751,1,CbC,90.00000000000003,50.51092791267504,5.515551507927135e-17,0.9987645944194254,-0.16712654028011736,0.565068548404864,0.565068548404864,0.7321950886849813,0.9987645944194254,1.1621950886849812,0.7321950886849808,0.0
303.5,83.55396226241719,-140.0539622624172,140.0539622624172,1,CbC,89.99999999999999,50.05396226241719,0.0,0.9942727158398369,-0.17085809519632847,0.5613369934886522,0.5613369934886522,0.7321950886849806,0.9942727158398369,1.1621950886849806,0.732195088684981,1.1102230246251565e-16
304.0,83.59736911324747,-139.59736911324742,139.59736911324742,1,CbC,90.00000000000001,49.59736911324743,0.0,0.9898143660065093,-0.17462227087269908,0.5575728178122819,0.5575728178122819,0.732195088684981,0.9898143660065093,1.162195088684981,0.7321950886849808,0.0
304.5,83.64114497260837,-139.1411449726084,139.1411449726084,1,CbC,89.99999999999999,49.141144972608394,0.0,0.9853897208776968,-0.17841877050713612,0.5537763181778446,0.5537763181778446,0.7321950886849806,0.9853897208776968,1.1621950886849806,0.732195088684981,1.1102230246251565e-16
305.0,83.68528635021521,-138.68528635021525,138.68528635021525,1,CbC,90.00000000000003,48.68528635021518,0.0,0.9809989541362192,-0.18224729734930037,0.5499477913356807,0.5499477913356807,0.7321950886849811,0.9809989541362192,1.162195088684981,0.7321950886849808,0.0
305.5,83.72978975818285,-138.22978975818282,138.22978975818282,1,CbC,90.00000000000001,48.22978975818282,0.0,0.976642237209891,-0.1861075547089573,0.5460875339760238,0.5460875339760238,0.7321950886849811,0.976642237209891,1.162195088684981,0.7321950886849808,0.0
306.0,83.77465171114831,-137.77465171114832,137.77465171114832,1,CbC,90.00000000000003,47.77465171114831,-5.518380677797607e-17,0.9723197392917284,-0.18999924596401202,0.5421958427209691,0.5421958427209691,0.7321950886849811,0.9723197392917284,1.162195088684981,0.7321950886849808,0.0
306.5,83.81986872638801,-137.319868726388,137.319868726388,1,CbC,89.99999999999999,47.31986872638801,5.518854016230932e-17,0.9680316273599361,-0.19392207456821095,0.5382730141167696,0.5382730141167696,0.7321950886849806,0.9680316273599361,1.1621950886849806,0.732195088684981,1.1102230246251565e-16
307.0,83.86543732393056,-136.8654373239306,136.8654373239306,1,CbC,90.00000000000001,46.86543732393056,0.0,0.9637780661976805,-0.1978757440585313,0.5343193446264496,0.5343193446264496,0.7321950886849808,0.9637780661976805,1.1621950886849808,0.7321950886849808,0.0
307.5,83.91135402666457,-136.4113540266646,136.4113540266646,1,CbC,90.00000000000001,46.411354026664554,0.0,0.9595592184126248,-0.2018599580622557,0.5303351306227253,0.5303351306227253,0.7321950886849811,0.9595592184126248,1.162195088684981,0.7321950886849808,0.0
308.0,83.95761536044225,-135.95761536044225,135.95761536044225,1,CbC,90.00000000000001,45.957615360442226,0.0,0.9553752444562589,-0.2058744203037502,0.5263206683812308,0.5263206683812308,0.7321950886849811,0.9553752444562589,1.162195088684981,0.7321950886849808,0.0
308.5,84.00421785417818,-135.5042178541782,135.5042178541782,1,CbC,90.00000000000001,45.50421785417817,0.0,0.951226302642991,-0.2099188346109425,0.5222762540740384,0.5222762540740384,0.732195088684981,0.951226302642991,1.162195088684981,0.7321950886849808,0.0
309.0,84.05115803994383,-135.05115803994386,135.05115803994386,1,CbC,90.00000000000001,45.051158039943815,0.0,0.9471125491690306,-0.21399290492151346,0.5182021837634676,0.5182021837634676,0.7321950886849811,0.9471125491690306,1.162195088684981,0.7321950886849808,0.0
309.5,84.09843245305771,-134.59843245305777,134.59843245305777,1,CbC,90.00000000000001,44.59843245305771,0.0,0.9430341381310348,-0.21809633528880212,0.5140987533961789,0.5140987533961789,0.7321950886849811,0.9430341381310348,1.162195088684981,0.7321950886849808,0.0
310.0,84.14603763217112,-134.14603763217113,134.14603763217113,1,CbC,89.99999999999999,44.14603763217113,0.0,0.9389912215445358,-0.22222882988744042,0.5099662587975402,0.5099662587975402,0.7321950886849806,0.9389912215445358,1.1621950886849806,0.732195088684981,1.1102230246251565e-16
310.5,84.19397011935,-133.69397011935,133.69397011935,1,CbC,89.99999999999999,43.69397011934999,0.0,0.9349839493621537,-0.22639009301871438,0.5058049956662664,0.5058049956662664,0.7321950886849807,0.9349839493621537,1.1621950886849808,0.732195088684981,1.1102230246251565e-16
311.0,84.24222646015231,-133.24222646015232,133.24222646015232,1,CbC,90.00000000000001,43.24222646015231,0.0,0.931012469491566,-0.23057982911566158,0.5016152595693193,0.5016152595693193,0.7321950886849808,0.931012469491566,1.1621950886849808,0.7321950886849808,0.0
311.5,84.29080320370157,-132.79080320370159,132.79080320370159,1,CbC,89.99999999999999,42.790803203701586,0.0,0.927076927813272,-0.23479774274791443,0.49739734593706636,0.49739734593706636,0.7321950886849808,0.927076927813272,1.1621950886849808,0.7321950886849812,3.3306690738754696e-16
312.0,84.33969690275661,-132.33969690275666,132.33969690275666,1,CbC,90.00000000000001,42.33969690275663,-5.524048685076984e-17,0.9231774681981244,-0.23904353862629207,0.4931515500586888,0.4931515500586888,0.7321950886849808,0.9231774681981244,1.1621950886849808,0.7321950886849808,0.0
312.5,84.38890411377697,-131.888904113777,131.888904113777,1,CbC,90.00000000000003,41.88890411377695,0.0,0.9193142325246396,-0.2433169216071437,0.48887816707783754,0.48887816707783754,0.7321950886849813,0.9193142325246396,1.1621950886849812,0.7321950886849808,0.0
313.0,84.43842139698491,-131.4384213969849,131.4384213969849,1,CbC,90.00000000000003,41.43842139698487,0.0,0.9154873606960835,-0.24761759669645564,0.48457749198852557,0.48457749198852557,0.7321950886849812,0.9154873606960835,1.1621950886849812,0.7321950886849808,0.0
313.5,84.4882453164235,-130.98824531642353,130.98824531642353,1,CbC,90.00000000000001,40.9882453164235,0.0,0.9116969906573393,-0.2519452690537255,0.48024981963125535,0.48024981963125535,0.7321950886849808,0.9116969906573393,1.1621950886849808,0.7321950886849808,0.0
314.0,84.53837244001116,-130.5383724400112,130.5383724400112,1,CbC,90.00000000000003,40.53837244001114,0.0,0.9079432584115489,-0.25629964399560823,0.4758954446893731,0.4758954446893731,0.7321950886849813,0.9079432584115489,1.1621950886849812,0.7321950886849808,0.0
314.5,84.58879933959228,-130.0887993395923,130.0887993395923,1,CbC,90.00000000000001,40.08879933959225,0.0,0.904226298036531,-0.2606804269993348,0.47151466168564626,0.47151466168564626,0.7321950886849811,0.904226298036531,1.162195088684981,0.732195088684981,1.1102230246251565e-16
315.0,84.63952259098478,-129.63952259098483,129.63952259098483,1,CbC,90.00000000000001,39.639522590984775,-1.1053676236492137e-16,0.9005462417009894,-0.26508732370592236,0.46710776497905865,0.46710776497905865,0.7321950886849811,0.9005462417009895,1.162195088684981,0.732195088684981,1.1102230246251565e-16
315.5,84.69053877402382,-129.19053877402382,129.19053877402382,1,CbC,90.00000000000001,39.19053877402379,0.0,0.8969032196804819,-0.2695200399231675,0.46267504876181337,0.46267504876181337,0.7321950886849808,0.8969032196804819,1.1621950886849808,0.7321950886849808,0.0
316.0,84.74184447260232,-128.74184447260234,128.74184447260234,1,CbC,90.00000000000001,38.74184447260233,0.0,0.8932973603731899,-0.2739782816284318,0.4582168070565491,0.4582168070565491,0.7321950886849808,0.8932973603731899,1.1621950886849808,0.7321950886849808,0.0
316.5,84.7934362747081,-128.2934362747081,128.2934362747081,1,CbC,90.00000000000001,38.29343627470808,0.0,0.8897287903154497,-0.2784617549712328,0.4537333337137482,0.4537333337137482,0.7321950886849811,0.8897287903154497,1.162195088684981,0.7321950886849808,0.0
317.0,84.84531077245772,-127.8453107724577,127.8453107724577,1,CbC,90.00000000000001,37.84531077245769,0.0,0.8861976341970842,-0.2829701662756299,0.44922492240935114,0.44922492240935114,0.7321950886849811,0.8861976341970842,1.162195088684981,0.7321950886849808,0.0
317.5,84.8974645621272,-127.39746456212723,127.39746456212723,1,CbC,90.00000000000003,37.39746456212718,0.0,0.8827040148765031,-0.28750322204242623,0.44469186664255494,0.44469186664255494,0.7321950886849812,0.8827040148765031,1.1621950886849812,0.7321950886849808,0.0
318.0,84.94989424417952,-126.94989424417953,126.94989424417953,1,CbC,90.00000000000001,36.9498942441795,0.0,0.8792480533955863,-0.2920606289511806,0.44013445973380033,0.44013445973380033,0.732195088684981,0.8792480533955863,1.162195088684981,0.7321950886849808,0.0
318.5,85.00259642328918,-126.50259642328922,126.50259642328922,1,CbC,90.00000000000001,36.50259642328919,0.0,0.8758298689943694,-0.2966420938620379,0.4355529948229433,0.4355529948229433,0.7321950886849812,0.8758298689943694,1.1621950886849812,0.7321950886849808,0.0
319.0,85.05556770836358,-126.0555677083636,126.0555677083636,1,CbC,90.00000000000001,36.05556770836357,0.0,0.8724495791254848,-0.30124732381738356,0.4309477648675975,0.4309477648675975,0.7321950886849811,0.8724495791254848,1.162195088684981,0.7321950886849808,0.0
319.5,85.10880471256162,-125.60880471256162,125.60880471256162,1,CbC,90.00000000000001,35.60880471256159,0.0,0.8691072994684176,-0.305876026043322,0.426319062641659,0.426319062641659,0.732195088684981,0.8691072994684176,1.162195088684981,0.7321950886849808,0.0
320.0,85.1623040533093,-125.16230405330933,125.16230405330933,1,CbC,90.00000000000001,35.1623040533093,0.0,0.8658031439435304,-0.3105279079509912,0.42166718073398984,0.42166718073398984,0.7321950886849811,0.8658031439435304,1.162195088684981,0.7321950886849808,0.0
320.5,85.21606235231252,-124.71606235231252,124.71606235231252,1,CbC,90.00000000000001,34.71606235231249,0.0,0.8625372247258788,-0.3152026771377123,0.41699241154726874,0.41699241154726874,0.7321950886849811,0.8625372247258788,1.162195088684981,0.7321950886849808,0.0
321.0,85.27007623556715,-124.27007623556717,124.27007623556717,1,CbC,90.00000000000001,34.27007623556716,0.0,0.8593096522588266,-0.31990004138797523,0.4122950472970057,0.4122950472970057,0.732195088684981,0.8593096522588266,1.162195088684981,0.7321950886849808,0.0
321.5,85.32434233336639,-123.82434233336637,123.82434233336637,1,CbC,90.00000000000001,33.824342333366374,0.0,0.8561205352674338,-0.32461970867427686,0.4075753800107042,0.4075753800107042,0.7321950886849811,0.8561205352674338,1.162195088684981,0.7321950886849808,0.0
322.0,85.37885728030541,-123.37885728030541,123.37885728030541,1,CbC,90.00000000000001,33.378857280305375,0.0,0.8529699807716518,-0.3293613871577986,0.40283370152718245,0.40283370152718245,0.7321950886849811,0.8529699807716518,1.162195088684981,0.7321950886849808,0.0
322.5,85.43361771528343,-122.93361771528348,122.93361771528348,1,CbC,90.00000000000001,32.93361771528344,0.0,0.8498580940992991,-0.33412478518894384,0.3980703034960371,0.3980703034960371,0.732195088684981,0.8498580940992991,1.162195088684981,0.7321950886849808,0.0
323.0,85.48862028150336,-122.48862028150334,122.48862028150334,1,CbC,90.00000000000001,32.48862028150334,0.0,0.8467849788988386,-0.3389096113077302,0.39328547737725084,0.39328547737725084,0.7321950886849811,0.8467849788988386,1.162195088684981,0.7321950886849808,0.0
323.5,85.54386162646867,-122.04386162646863,122.04386162646863,1,CbC,90.00000000000001,32.04386162646864,0.0,0.8437507371519424,-0.34371557424403804,0.388479514440943,0.388479514440943,0.7321950886849811,0.8437507371519424,1.162195088684981,0.7321950886849808,0.0
324.0,85.59933840197822,-121.59933840197822,121.59933840197822,1,CbC,90.00000000000001,31.599338401978216,0.0,0.8407554691858574,-0.348542382917728,0.38365270576725313,0.38365270576725313,0.7321950886849811,0.8407554691858574,1.162195088684981,0.7321950886849808,0.0
324.5,85.65504726411837,-121.15504726411835,121.15504726411835,1,CbC,90.00000000000003,31.15504726411832,-8.41116825625829e-18,0.8377992736855644,-0.3533897464386258,0.3788053422463554,0.3788053422463554,0.7321950886849813,0.8377992736855644,1.1621950886849812,0.7321950886849808,0.0
325.0,85.71098487325285,-120.71098487325291,120.71098487325291,1,CbC,90.00000000000001,30.710984873252855,0.0,0.8348822477057398,-0.3582573741063726,0.37393771457860836,0.37393771457860836,0.732195088684981,0.8348822477057398,1.162195088684981,0.7321950886849808,0.0
325.5,85.76714789401059,-120.26714789401063,120.26714789401063,1,CbC,90.00000000000001,30.26714789401058,0.0,0.8320044866825066,-0.3631449754101607,0.36905011327482046,0.36905011327482046,0.7321950886849812,0.8320044866825066,1.1621950886849812,0.7321950886849808,0.0
326.0,85.82353299527088,-119.82353299527088,119.82353299527088,1,CbC,89.99999999999999,29.823532995270863,8.085595052534832e-18,0.8291660844449967,-0.3680522600283353,0.3641428286566452,0.3680522600283353,0.7321950886849805,0.8291660844449967,1.1621950886849806,0.7321950886849808,0.0
326.5,85.8801368501468,-119.38013685014683,119.38013685014683,1,CbC,90.00000000000001,29.380136850146798,0.0,0.82636713322671,-0.3729789378278878,0.3592161508570932,0.3729789378278878,0.7321950886849811,0.82636713322671,1.162195088684981,0.7321950886849808,0.0
327.0,85.9369561359661,-118.9369561359661,118.9369561359661,1,CbC,89.99999999999999,28.936956135966103,3.933191215179139e-18,0.8236077236766739,-0.3779247188638279,0.3542703698211528,0.3779247188638279,0.7321950886849806,0.8236077236766739,1.1621950886849806,0.732195088684981,1.1102230246251565e-16
327.5,85.99398753425048,-118.4939875342505,118.4939875342505,1,CbC,90.00000000000003,28.493987534250472,-1.1075104441423433e-16,0.8208879448704086,-0.38288931337844784,0.34930577530653334,0.38288931337844784,0.7321950886849812,0.8208879448704087,1.1621950886849812,0.732195088684981,1.1102230246251565e-16
328.0,86.05122773069222,-118.05122773069223,118.05122773069223,1,CbC,90.00000000000001,28.05122773069221,-1.0693598835107434e-16,0.8182078843207005,-0.3878724318004729,0.344322656884508,0.3878724318004729,0.732195088684981,0.8182078843207006,1.162195088684981,0.732195088684981,1.1102230246251565e-16
328.5,86.10867341512946,-117.60867341512946,117.60867341512946,1,CbC,89.99999999999999,27.608673415129456,-3.7672232438098386e-18,0.8155676279881785,-0.3928737847441125,0.3393213039408681,0.3928737847441125,0.7321950886849806,0.8155676279881785,1.1621950886849806,0.732195088684981,1.1102230246251565e-16
329.0,86.16632128151917,-117.16632128151919,117.16632128151919,1,CbC,89.99999999999999,27.166321281519213,0.0,0.8129672602916957,-0.3978930830080025,0.33430200567697815,0.3978930830080025,0.7321950886849806,0.8129672602916957,1.1621950886849806,0.732195088684981,1.1102230246251565e-16
329.5,86.22416802790822,-116.72416802790826,116.72416802790826,1,CbC,90.00000000000001,26.7241680279082,-7.3111528189546e-18,0.8104068641185258,-0.40293003757405327,0.32926505111092785,0.40293003757405327,0.7321950886849811,0.8104068641185258,1.162195088684981,0.732195088684981,1.1102230246251565e-16
330.0,86.28221035640262,-116.28221035640263,116.28221035640263,1,CbC,90.00000000000003,26.28221035640262,0.0,0.8078865208343664,-0.40798435960619267,0.32421072907878845,0.40798435960619267,0.7321950886849811,0.8078865208343664,1.162195088684981,0.7321950886849808,0.0
330.5,86.34044497313513,-115.84044497313512,115.84044497313512,1,CbC,90.00000000000001,25.84044497313512,3.54315830270961e-18,0.8054063102931482,-0.41305576044902653,0.3191393282359543,0.41305576044902653,0.7321950886849808,0.8054063102931482,1.1621950886849808,0.7321950886849808,0.0
331.0,86.398868588231,-115.39886858823097,115.39886858823097,1,CbC,90.00000000000003,25.39886858823095,-1.073164195966253e-16,0.8029663108466726,-0.4181439516263966,0.31405113705858456,0.4181439516263966,0.7321950886849812,0.8029663108466727,1.1621950886849812,0.732195088684981,1.1102230246251565e-16
331.5,86.45747791577169,-114.95747791577173,114.95747791577173,1,CbC,90.00000000000001,24.957477915771694,-6.8599891066584106e-18,0.8005665993540416,-0.42324864483985514,0.3089464438451258,0.42324864483985514,0.732195088684981,0.8005665993540416,1.162195088684981,0.7321950886849808,0.0
332.0,86.51626967375756,-114.51626967375755,114.51626967375755,1,CbC,90.00000000000001,24.51626967375754,-3.3731410633333517e-18,0.798207251190919,-0.4283695519670553,0.30382553671792567,0.4283695519670553,0.732195088684981,0.798207251190919,1.162195088684981,0.7321950886849808,0.0
332.5,86.57524058406814,-114.07524058406815,114.07524058406815,1,CbC,89.99999999999999,24.07524058406814,3.316110759598375e-18,0.7958883402586002,-0.43350638506005057,0.2986887036249301,0.43350638506005057,0.7321950886849806,0.7958883402586002,1.1621950886849806,0.732195088684981,1.1102230246251565e-16
333.0,86.63438737242153,-113.63438737242157,113.63438737242157,1,CbC,90.00000000000003,23.634387372421507,-6.517813674144113e-18,0.7936099389928994,-0.4386588563435221,0.29353623234145915,0.4386588563435221,0.7321950886849813,0.7936099389928994,1.1621950886849812,0.7321950886849808,0.0
333.5,86.69370676833152,-113.19370676833152,113.19370676833152,1,CbC,90.00000000000001,23.19370676833149,3.201532488806413e-18,0.7913721183728618,-0.44382667821291855,0.2883684104720625,0.44382667821291855,0.7321950886849811,0.7913721183728618,1.162195088684981,0.7321950886849808,0.0
334.0,86.75319550506391,-112.75319550506396,112.75319550506396,1,CbC,90.00000000000001,22.753195505063925,3.1439909059788655e-18,0.7891749479292861,-0.44900956323252705,0.283185525452454,0.44900956323252705,0.7321950886849811,0.7891749479292861,1.162195088684981,0.7321950886849808,0.0
334.5,86.81285031959081,-112.31285031959081,112.31285031959081,1,CbC,90.00000000000001,22.312850319590783,-3.0862852779146838e-18,0.7870184957530689,-0.45420722413346726,0.2779878645515138,0.45420722413346726,0.7321950886849811,0.7870184957530689,1.162195088684981,0.7321950886849808,0.0
335.0,86.87266795254362,-111.87266795254362,111.87266795254362,1,CbC,90.00000000000001,21.87266795254359,3.028418792110023e-18,0.7849028285033848,-0.45941937381161,0.272775714873371,0.45941937381161,0.7321950886849811,0.7849028285033848,1.162195088684981,0.7321950886849808,0.0
335.5,86.93264514816485,-111.4326451481649,111.4326451481649,1,CbC,90.00000000000003,21.432645148164838,5.9407892685114195e-18,0.7828280114156689,-0.4646457253254328,0.2675493633595483,0.4646457253254328,0.7321950886849811,0.7828280114156689,1.162195088684981,0.7321950886849808,0.0
336.0,86.99277865425816,-110.99277865425813,110.99277865425813,1,CbC,90.00000000000001,20.992778654258146,2.9122159882619197e-18,0.7807941083094349,-0.46988599189380437,0.2623090967911767,0.46988599189380437,0.7321950886849811,0.7807941083094349,1.162195088684981,0.7321950886849808,0.0
336.5,87.0530652221374,-110.55306522213746,110.55306522213746,1,CbC,90.00000000000001,20.553065222137416,-2.8538860362834114e-18,0.7788011815959244,-0.47513988689370346,0.25705520179127767,0.47513988689370346,0.7321950886849811,0.7788011815959244,1.162195088684981,0.7321950886849808,0.0
337.0,87.11350160657419,-110.11350160657418,110.11350160657418,1,CbC,90.00000000000001,20.113501606574175,5.5908159174911746e-18,0.7768492922855672,-0.48040712385787754,0.2517879648271034,0.48040712385787754,0.732195088684981,0.7768492922855672,1.162195088684981,0.7321950886849808,0.0
337.5,87.1740845657442,-109.67408456574417,109.67408456574417,1,CbC,90.00000000000001,19.674084565744163,2.7367849343711807e-18,0.774938499995282,-0.48568741647243563,0.24650767221254546,0.48568741647243563,0.7321950886849811,0.774938499995282,1.162195088684981,0.7321950886849808,0.0
338.0,87.23481086117232,-109.23481086117235,109.23481086117235,1,CbC,90.00000000000001,19.23481086117232,2.678020140207623e-18,0.7730688629555996,-0.4909804785743856,0.24121461011059542,0.4909804785743856,0.7321950886849811,0.7730688629555996,1.162195088684981,0.7321950886849808,0.0
338.5,87.29567725767657,-108.79567725767657,108.79567725767657,1,CbC,89.99999999999999,18.79567725767658,-2.6191167516550095e-18,0.7712404380176193,-0.49628602414911516,0.2359090645358655,0.49628602414911516,0.7321950886849806,0.7712404380176193,1.1621950886849806,0.7321950886849808,0.0
339.0,87.35668052331087,-108.3566805233109,108.3566805233109,1,CbC,90.00000000000001,18.356680523310885,-2.5600779424946588e-18,0.7694532806597911,-0.5016037673278128,0.23059132135716842,0.5016037673278128,0.7321950886849812,0.7694532806597911,1.1621950886849812,0.732195088684981,1.1102230246251565e-16
339.5,87.4178174293065,-107.9178174293065,107.9178174293065,1,CbC,90.00000000000001,17.917817429306485,2.500906884918465e-18,0.7677074449945344,-0.5069334223848383,0.22526166630014266,0.5069334223848383,0.732195088684981,0.7677074449945344,1.162195088684981,0.732195088684981,1.1102230246251565e-16
340.0,87.47908475001276,-107.47908475001275,107.47908475001275,1,CbC,90.00000000000001,17.47908475001274,2.441606749558488e-18,0.7660029837746914,-0.5122747037350415,0.21992038494993957,0.5122747037350415,0.7321950886849811,0.7660029837746914,1.162195088684981,0.7321950886849808,0.0
340.5,87.54047926283639,-107.04047926283641,107.04047926283641,1,CbC,90.00000000000001,17.040479262836385,-1.0734675645895515e-16,0.7643399483998028,-0.5176273259310297,0.21456776275395134,0.5176273259310297,0.7321950886849811,0.7643399483998029,1.162195088684981,0.732195088684981,1.1102230246251565e-16
341.0,87.60199774817993,-106.60199774817993,106.60199774817993,1,CbC,90.00000000000001,16.6019977481799,-3.483947880599096e-18,0.7627183889222354,-0.5229910036603893,0.2092040850245917,0.5229910036603893,0.7321950886849811,0.7627183889222354,1.162195088684981,0.7321950886849808,0.0
341.5,87.66363698937914,-106.16363698937911,106.16363698937911,1,CbC,90.00000000000001,16.16363698937911,3.3944453405119813e-18,0.7611383540531296,-0.5283654517428562,0.20382963694212478,0.5283654517428562,0.732195088684981,0.7611383540531296,1.162195088684981,0.7321950886849808,0.0
342.0,87.72539377263945,-105.72539377263945,105.72539377263945,1,CbC,90.00000000000001,15.72539377263945,-3.3047681850673213e-18,0.7595998911681942,-0.5337503851274453,0.19844470355753563,0.5337503851274453,0.732195088684981,0.7595998911681942,1.162195088684981,0.7321950886849808,0.0
342.5,87.78726488697139,-105.28726488697141,105.28726488697141,1,CbC,90.00000000000001,15.287264886971366,3.214921159213232e-18,0.7581030463133344,-0.5391455188895372,0.19304956979544363,0.5391455188895372,0.7321950886849808,0.7581030463133344,1.1621950886849808,0.7321950886849808,0.0
343.0,87.84924712412521,-104.84924712412524,104.84924712412524,1,CbC,90.00000000000003,14.849247124125206,2.0832726705617763e-18,0.7566478642101183,-0.5445505682279164,0.18764452045706484,0.5445505682279164,0.7321950886849812,0.7566478642101183,1.1621950886849812,0.7321950886849808,0.0
343.5,87.9113372785245,-104.41133727852453,104.41133727852453,1,CbC,90.00000000000003,14.411337278524476,3.0347364658434156e-18,0.7552343882610859,-0.5499652484617787,0.18222984022320246,0.5499652484617787,0.7321950886849812,0.7552343882610859,1.1621950886849812,0.7321950886849808,0.0
344.0,87.97353214719908,-103.97353214719905,103.97353214719905,1,CbC,90.00000000000001,13.97353214719905,-1.0800846067227552e-16,0.7538626605548906,-0.5553892750276915,0.17680581365728948,0.5553892750276915,0.7321950886849811,0.7538626605548907,1.162195088684981,0.732195088684981,1.1102230246251565e-16
344.5,88.03582852971697,-103.53582852971698,103.53582852971698,1,CbC,90.00000000000001,13.535828529716962,-1.9026194531919008e-18,0.7525327218712973,-0.5608223634765219,0.17137272520845914,0.5608223634765219,0.7321950886849811,0.7525327218712973,1.162195088684981,0.7321950886849808,0.0
345.0,88.09822322811556,-103.09822322811557,103.09822322811557,1,CbC,90.00000000000001,13.098223228115543,2.76330390593914e-18,0.7512446116860023,-0.5662642294703273,0.16593085921465373,0.5662642294703273,0.7321950886849811,0.7512446116860023,1.162195088684981,0.7321950886849808,0.0
345.5,88.1607130468321,-102.6607130468321,102.6607130468321,1,CbC,90.00000000000001,12.660713046832107,-2.672537189981129e-18,0.7499983681753148,-0.571714588779209,0.1604804999057722,0.571714588779209,0.7321950886849812,0.7499983681753148,1.1621950886849812,0.7321950886849808,0.0
346.0,88.22329479263331,-102.22329479263333,102.22329479263333,1,CbC,90.00000000000001,12.223294792633302,2.5816337635460447e-18,0.7487940282206667,-0.5771731572781386,0.15502193140684234,0.5771731572781386,0.7321950886849808,0.7487940282206667,1.1621950886849808,0.7321950886849808,0.0
346.5,88.2859652745444,-101.7859652745444,101.7859652745444,1,CbC,90.00000000000001,11.78596527454437,-2.4905983565732045e-18,0.7476316274129797,-0.5826396509437451,0.14955543774123592,0.5826396509437451,0.7321950886849811,0.7476316274129797,1.162195088684981,0.7321950886849808,0.0
347.0,88.34872130377735,-101.34872130377735,101.34872130377735,1,CbC,90.00000000000001,11.348721303777355,2.399435697362829e-18,0.7465112000568689,-0.5881137858510767,0.14408130283390422,0.5881137858510767,0.7321950886849808,0.7465112000568689,1.1621950886849808,0.7321950886849808,0.0
347.5,88.41155969365848,-100.91155969365849,100.91155969365849,1,CbC,90.00000000000001,10.911559693658452,1.5387670084204332e-18,0.7454327791746918,-0.5935952781703349,0.1385998105146461,0.5935952781703349,0.732195088684981,0.7454327791746918,1.162195088684981,0.7321950886849808,0.0
348.0,88.47447725955544,-100.47447725955548,100.47447725955548,1,CbC,90.00000000000001,10.474477259555458,-2.2167475275626543e-18,0.7443963965104534,-0.5990838441635716,0.13311124452140935,0.5990838441635716,0.732195088684981,0.7443963965104534,1.162195088684981,0.732195088684981,1.1102230246251565e-16
348.5,88.53747081880367,-100.0374708188037,100.0374708188037,1,CbC,90.00000000000001,10.037470818803667,1.4168209772470186e-18,0.7434020825335477,-0.6045792001813721,0.12761588850360894,0.6045792001813721,0.7321950886849811,0.7434020825335477,1.162195088684981,0.7321950886849808,0.0
349.0,88.60053719063201,-99.600537190632,99.600537190632,1,CbC,90.00000000000001,9.600537190631984,1.3557380332316228e-18,0.7424498664423508,-0.6100810626595013,0.12211402602547972,0.6100810626595013,0.7321950886849811,0.7424498664423508,1.162195088684981,0.7321950886849808,0.0
349.5,88.66367319608808,-99.16367319608811,99.16367319608811,1,CbC,90.00000000000001,9.163673196088086,1.2945860002827382e-18,0.7415397761676646,-0.6155891481155319,0.11660594056944915,0.6155891481155319,0.7321950886849811,0.7415397761676646,1.162195088684981,0.7321950886849808,0.0
350.0,88.72687565796289,-98.72687565796289,98.72687565796289,1,CbC,90.00000000000001,8.726875657962882,1.8500520372254758e-18,0.7406718383760096,-0.6211031731454502,0.11109191553953081,0.6211031731454502,0.732195088684981,0.7406718383760096,1.162195088684981,0.7321950886849808,0.0
350.5,88.79014140071506,-98.29014140071506,98.29014140071506,1,CbC,90.00000000000001,8.290141400715015,1.1720872524184118e-18,0.7398460784727606,-0.6266228544202344,0.10557223426474656,0.6266228544202344,0.732195088684981,0.7398460784727606,1.162195088684981,0.7321950886849808,0.0
351.0,88.85346725039443,-97.85346725039446,97.85346725039446,1,CbC,90.00000000000001,7.85346725039443,1.6661202418149669e-18,0.7390625206051434,-0.632147908682416,0.10004718000256499,0.632147908682416,0.732195088684981,0.7390625206051434,1.162195088684981,0.7321950886849808,0.0
351.5,88.9168500345655,-97.41685003456547,97.41685003456547,1,CbC,90.00000000000001,7.416850034565472,1.0493498952252689e-18,0.7383211876650725,-0.6376780527426238,0.0945170359423572,0.6376780527426238,0.732195088684981,0.7383211876650725,1.162195088684981,0.7321950886849808,0.0
352.0,88.98028658222994,-96.98028658222995,96.98028658222995,1,CbC,90.00000000000001,6.980286582229941,9.878995977805424e-19,0.7376221012918449,-0.6432130034761019,0.08898208520887904,0.6432130034761019,0.732195088684981,0.7376221012918449,1.162195088684981,0.7321950886849808,0.0
352.5,89.04377372374924,-96.54377372374925,96.54377372374925,1,CbC,90.00000000000001,6.5437737237492275,1.1579988477250734e-18,0.7369652818746861,-0.6487524778192187,0.08344261086576234,0.6487524778192187,0.7321950886849811,0.7369652818746861,1.162195088684981,0.7321950886849808,0.0
353.0,89.1073082907666,-96.1073082907666,96.1073082907666,1,CbC,90.00000000000001,6.107308290766563,1.0810643480272943e-18,0.7363507485551454,-0.6542961927659513,0.07789889591902974,0.6542961927659513,0.7321950886849811,0.7363507485551454,1.162195088684981,0.7321950886849808,0.0
353.5,89.17088711612851,-95.6708871161285,95.6708871161285,1,CbC,90.00000000000003,5.670887116128494,1.204889909855203e-18,0.735778519229346,-0.6598438653643612,0.07235122332061973,0.6598438653643612,0.732195088684981,0.735778519229346,1.162195088684981,0.7321950886849808,0.0
354.0,89.23450703380618,-95.23450703380617,95.23450703380617,1,CbC,90.00000000000001,5.234507033806163,-1.10085359389641e-16,0.7352486105500865,-0.6653952127130524,0.06679987597192867,0.6653952127130524,0.7321950886849811,0.7352486105500866,1.162195088684981,0.732195088684981,1.1102230246251565e-16
354.5,89.29816487881646,-94.79816487881651,94.79816487881651,1,CbC,90.00000000000003,4.798164878816462,8.499470117629492e-19,0.7347610379287981,-0.6709499519576149,0.06124513672736628,0.6709499519576149,0.7321950886849812,0.7347610379287981,1.1621950886849812,0.7321950886849808,0.0
355.0,89.3618574871425,-94.36185748714249,94.36185748714249,1,CbC,90.00000000000003,4.361857487142474,9.273796463746776e-19,0.73431581553735,-0.6765078002870598,0.05568728839792123,0.6765078002870598,0.7321950886849811,0.73431581553735,1.162195088684981,0.7321950886849808,0.0
355.5,89.42558169565416,-93.92558169565416,93.92558169565416,1,CbC,89.99999999999999,3.92558169565415,6.95646509212615e-19,0.7339129563097223,-0.6820684749302375,0.05012661375474315,0.6820684749302375,0.7321950886849806,0.7339129563097223,1.1621950886849806,0.7321950886849808,0.0
356.0,89.48933434202834,-93.48933434202836,93.48933434202836,1,CbC,90.00000000000001,3.4893343420283456,6.802854819187832e-19,0.7335524719435103,-0.6876316931522525,0.044563395532728575,0.6876316931522525,0.7321950886849811,0.7335524719435103,1.162195088684981,0.7321950886849808,0.0
356.5,89.55311226466867,-93.05311226466868,93.05311226466868,1,CbC,90.00000000000001,3.053112264668647,-1.1042360018342704e-16,0.7332343729013071,-0.6931971722508615,0.03899791643411955,0.6931971722508615,0.7321950886849811,0.7332343729013072,1.162195088684981,0.732195088684981,1.1102230246251565e-16
357.0,89.61691230262542,-92.61691230262545,92.61691230262545,1,CbC,90.00000000000001,2.6169123026254395,5.103348999686003e-19,0.7329586684119294,-0.6987646295528671,0.03343045913211392,0.6987646295528671,0.7321950886849811,0.7329586684119294,1.162195088684981,0.7321950886849808,0.0
357.5,89.6807312955151,-92.1807312955151,92.1807312955151,1,CbC,90.00000000000001,2.1807312955150944,4.2531862617823957e-19,0.7327253664714963,-0.7043337824105058,0.027861306274475195,0.7043337824105058,0.7321950886849811,0.7327253664714963,1.162195088684981,0.7321950886849808,0.0
358.0,89.74456608343971,-91.74456608343968,91.74456608343968,1,CbC,90.00000000000001,1.7445660834396786,3.093461665598125e-19,0.7325344738443681,-0.7099043481978237,0.02229074048715734,0.7099043481978237,0.732195088684981,0.7325344738443681,1.162195088684981,0.732195088684981,1.1102230246251565e-16
358.5,89.80841350690613,-91.30841350690616,91.30841350690616,1,CbC,90.00000000000001,1.3084135069061424,2.552256852489722e-19,0.7323859960639414,-0.7154760443070505,0.01671904437793038,0.7154760443070505,0.7321950886849808,0.7323859960639414,1.1621950886849808,0.7321950886849808,0.0
359.0,89.87227040674533,-90.87227040674534,90.87227040674534,1,CbC,90.00000000000001,0.8722704067453092,1.6242320775862082e-19,0.7322799374332977,-0.7210485881449715,0.011146500540009442,0.7210485881449715,0.732195088684981,0.7322799374332977,1.162195088684981,0.7321950886849808,0.0
359.5,89.93613362403123,-90.43613362403123,90.43613362403123,1,CbC,89.99999999999999,0.436133624031222,8.121366264877214e-20,0.7322163010257057,-0.7266216971292875,0.005573391555693247,0.7266216971292875,0.7321950886849807,0.7322163010257057,1.1621950886849808,0.7321950886849808,0.0
